S1	E1	S2	E2	Reference	Contig	IDY	Ambiguous	Best_group
548903	548991	303339	303251	Prochlorococcus_marinus_GL947594.1	NODE_1_length_1043932_cov_0.753616	97.75		True
CONTIG	NODE_1_length_1043932_cov_0.753616	1043932	correct_unaligned
1033904	1035403	172701	174200	Prochlorococcus_marinus_GL947594.1	NODE_16_length_327269_cov_0.766775	97.07		True
unknown
1035495	1035579	174357	174441	Prochlorococcus_marinus_GL947594.1	NODE_16_length_327269_cov_0.766775	95.29		True
unknown
1036485	1037100	175579	176194	Prochlorococcus_marinus_GL947594.1	NODE_16_length_327269_cov_0.766775	95.29		True
unknown
1037110	1037410	176207	176507	Prochlorococcus_marinus_GL947594.1	NODE_16_length_327269_cov_0.766775	95.35		True
unknown
1037415	1037761	176512	176858	Prochlorococcus_marinus_GL947594.1	NODE_16_length_327269_cov_0.766775	95.1		True
unknown
1037763	1038792	176859	177888	Prochlorococcus_marinus_GL947594.1	NODE_16_length_327269_cov_0.766775	96.02		True
unknown
CONTIG	NODE_16_length_327269_cov_0.766775	327269	mis_unaligned
1037782	1037864	96242	96324	Prochlorococcus_marinus_GL947594.1	NODE_43_length_203748_cov_0.601065	97.59		True
CONTIG	NODE_43_length_203748_cov_0.601065	203748	correct_unaligned
1232423	1232501	31295	31217	Prochlorococcus_marinus_GL947594.1	NODE_47_length_185439_cov_0.756359	100.0		True
CONTIG	NODE_47_length_185439_cov_0.756359	185439	correct_unaligned
1037782	1037879	8274	8177	Prochlorococcus_marinus_GL947594.1	NODE_171_length_45298_cov_0.355380	96.94		True
CONTIG	NODE_171_length_45298_cov_0.355380	45298	correct_unaligned
