S1	E1	S2	E2	Reference	Contig	IDY	Ambiguous	Best_group
548903	548991	203123	203211	Prochlorococcus_marinus_GL947594.1	scaffold_2	97.75		True
CONTIG	scaffold_2	506175	correct_unaligned
342958	343032	230508	230582	Prochlorococcus_marinus_GL947594.1	scaffold_17	100.0		True
CONTIG	scaffold_17	484747	correct_unaligned
1232423	1232501	52026	52104	Prochlorococcus_marinus_GL947594.1	scaffold_63	100.0		True
CONTIG	scaffold_63	83319	correct_unaligned
1423019	1423096	89239	89162	Prochlorococcus_marinus_GL947594.1	scaffold_66	100.0		True
CONTIG	scaffold_66	170794	correct_unaligned
CONTIG	scaffold_71	79495	unaligned
1037763	1038792	1403	374	Prochlorococcus_marinus_GL947594.1	scaffold_482	96.02		True
indel: indel (<= 5bp)
1037415	1037761	1750	1404	Prochlorococcus_marinus_GL947594.1	scaffold_482	95.1		True
indel: stretch of mismatches
1037110	1037410	2055	1755	Prochlorococcus_marinus_GL947594.1	scaffold_482	95.35		True
indel: indel (<= 5bp)
1036485	1037100	2683	2068	Prochlorococcus_marinus_GL947594.1	scaffold_482	95.29		True
local misassembly
1035495	1035579	3905	3821	Prochlorococcus_marinus_GL947594.1	scaffold_482	95.29		True
local misassembly
1033904	1035403	5561	4062	Prochlorococcus_marinus_GL947594.1	scaffold_482	97.07		True
CONTIG	scaffold_482	6177	correct
1037782	1037864	1231	1149	Prochlorococcus_marinus_GL947594.1	scaffold_1156	97.59		True
CONTIG	scaffold_1156	3149	correct_unaligned
