S1	E1	S2	E2	Reference	Contig	IDY	Ambiguous	Best_group
10	8294	1	8285	Nitrobacter_winogradskyi_NC_007406.1	NODE_27_length_252961_cov_0.642691	100.0		True
fake: scaffold gap size wrong estimation (local)
8961	205227	8484	204750	Nitrobacter_winogradskyi_NC_007406.1	NODE_27_length_252961_cov_0.642691	100.0		True
fake: scaffold gap size wrong estimation (local)
205872	245362	204909	244399	Nitrobacter_winogradskyi_NC_007406.1	NODE_27_length_252961_cov_0.642691	100.0		True
fake: scaffold gap size wrong estimation (local)
245821	254372	244410	252961	Nitrobacter_winogradskyi_NC_007406.1	NODE_27_length_252961_cov_0.642691	100.0		True
CONTIG	NODE_27_length_252961_cov_0.642691	252961	correct
1876237	2116820	1	240584	Nitrobacter_winogradskyi_NC_007406.1	NODE_35_length_240584_cov_0.652895	100.0		True
CONTIG	NODE_35_length_240584_cov_0.652895	240584	correct
2721543	2897157	175615	1	Nitrobacter_winogradskyi_NC_007406.1	NODE_36_length_238022_cov_0.671107	100.0		True
fake: scaffold gap size wrong estimation (local)
2698305	2720881	198358	175782	Nitrobacter_winogradskyi_NC_007406.1	NODE_36_length_238022_cov_0.671107	100.0		True
fake: scaffold gap size wrong estimation (local)
2658428	2697657	237892	198663	Nitrobacter_winogradskyi_NC_007406.1	NODE_36_length_238022_cov_0.671107	100.0		True
CONTIG	NODE_36_length_238022_cov_0.671107	238022	correct
539865	719464	1	179569	Nitrobacter_winogradskyi_NC_007406.1	NODE_48_length_179569_cov_0.671348	99.98		True
CONTIG	NODE_48_length_179569_cov_0.671348	179569	correct
1269806	1401831	1	132026	Nitrobacter_winogradskyi_NC_007406.1	NODE_57_length_154319_cov_0.655047	100.0		True
relocation, inconsistency = 1123139
2524971	2547263	132027	154319	Nitrobacter_winogradskyi_NC_007406.1	NODE_57_length_154319_cov_0.655047	99.99		True
CONTIG	NODE_57_length_154319_cov_0.655047	154319	misassembled
2906976	3056206	149231	1	Nitrobacter_winogradskyi_NC_007406.1	NODE_60_length_149231_cov_0.651774	100.0		True
CONTIG	NODE_60_length_149231_cov_0.651774	149231	correct
943638	1047699	104062	1	Nitrobacter_winogradskyi_NC_007406.1	NODE_83_length_108052_cov_0.658161	100.0		True
relocation, inconsistency = 1229163
2276863	2280852	104063	108052	Nitrobacter_winogradskyi_NC_007406.1	NODE_83_length_108052_cov_0.658161	99.91		True
CONTIG	NODE_83_length_108052_cov_0.658161	108052	misassembled
1772173	1874622	102450	1	Nitrobacter_winogradskyi_NC_007406.1	NODE_87_length_102450_cov_0.646307	100.0		True
CONTIG	NODE_87_length_102450_cov_0.646307	102450	correct
1116449	1204736	1	88288	Nitrobacter_winogradskyi_NC_007406.1	NODE_97_length_88288_cov_0.655154	100.0		True
CONTIG	NODE_97_length_88288_cov_0.655154	88288	correct
1522992	1608760	85769	1	Nitrobacter_winogradskyi_NC_007406.1	NODE_99_length_86068_cov_0.665538	100.0		True
CONTIG	NODE_99_length_86068_cov_0.665538	86068	correct
2334853	2418457	1	83605	Nitrobacter_winogradskyi_NC_007406.1	NODE_101_length_84984_cov_0.656399	100.0		True
relocation, scaffold gap is present, inconsistency = 901234
1432240	1433608	84984	83616	Nitrobacter_winogradskyi_NC_007406.1	NODE_101_length_84984_cov_0.656399	99.93		True
CONTIG	NODE_101_length_84984_cov_0.656399	84984	misassembled
412753	490028	77276	1	Nitrobacter_winogradskyi_NC_007406.1	NODE_109_length_77276_cov_0.646711	100.0		True
CONTIG	NODE_109_length_77276_cov_0.646711	77276	correct
3183537	3255999	1	72463	Nitrobacter_winogradskyi_NC_007406.1	NODE_118_length_72463_cov_0.641052	100.0		True
CONTIG	NODE_118_length_72463_cov_0.641052	72463	correct
788172	789157	1	986	Nitrobacter_winogradskyi_NC_007406.1	NODE_120_length_72161_cov_0.701916	100.0		True
fake: scaffold gap size wrong estimation (local)
789985	860744	1402	72161	Nitrobacter_winogradskyi_NC_007406.1	NODE_120_length_72161_cov_0.701916	100.0		True
CONTIG	NODE_120_length_72161_cov_0.701916	72161	correct
3135129	3156409	1	21281	Nitrobacter_winogradskyi_NC_007406.1	NODE_130_length_63249_cov_0.755513	100.0		True
relocation, inconsistency = -737195
2419215	2461182	21282	63249	Nitrobacter_winogradskyi_NC_007406.1	NODE_130_length_63249_cov_0.755513	100.0		True
CONTIG	NODE_130_length_63249_cov_0.755513	63249	misassembled
285025	348259	63235	1	Nitrobacter_winogradskyi_NC_007406.1	NODE_131_length_63235_cov_0.653579	100.0		True
CONTIG	NODE_131_length_63235_cov_0.653579	63235	correct
1623197	1686287	63091	1	Nitrobacter_winogradskyi_NC_007406.1	NODE_132_length_63091_cov_0.667032	100.0		True
CONTIG	NODE_132_length_63091_cov_0.667032	63091	correct
2462028	2523099	61072	1	Nitrobacter_winogradskyi_NC_007406.1	NODE_135_length_61072_cov_0.648537	100.0		True
CONTIG	NODE_135_length_61072_cov_0.648537	61072	correct
349911	409947	1	60037	Nitrobacter_winogradskyi_NC_007406.1	NODE_139_length_60037_cov_0.664981	100.0		True
CONTIG	NODE_139_length_60037_cov_0.664981	60037	correct
3293357	3350960	1	57604	Nitrobacter_winogradskyi_NC_007406.1	NODE_140_length_57604_cov_0.665605	100.0		True
CONTIG	NODE_140_length_57604_cov_0.665605	57604	correct
740670	788273	1	47604	Nitrobacter_winogradskyi_NC_007406.1	NODE_146_length_54334_cov_0.676609	100.0		True
relocation, inconsistency = 1432684
2220958	2227687	54334	47605	Nitrobacter_winogradskyi_NC_007406.1	NODE_146_length_54334_cov_0.676609	99.85		True
CONTIG	NODE_146_length_54334_cov_0.676609	54334	misassembled
1206234	1254602	1	48369	Nitrobacter_winogradskyi_NC_007406.1	NODE_156_length_48369_cov_0.640524	100.0		True
CONTIG	NODE_156_length_48369_cov_0.640524	48369	correct
490681	537902	47222	1	Nitrobacter_winogradskyi_NC_007406.1	NODE_160_length_47222_cov_0.637736	100.0		True
CONTIG	NODE_160_length_47222_cov_0.637736	47222	correct
1447343	1493689	46347	1	Nitrobacter_winogradskyi_NC_007406.1	NODE_163_length_46347_cov_0.665318	100.0		True
CONTIG	NODE_163_length_46347_cov_0.665318	46347	correct
873014	918324	45316	6	Nitrobacter_winogradskyi_NC_007406.1	NODE_169_length_45316_cov_0.671114	100.0		True
CONTIG	NODE_169_length_45316_cov_0.671114	45316	correct
1687604	1721711	1	34108	Nitrobacter_winogradskyi_NC_007406.1	NODE_170_length_44579_cov_0.673445	100.0		True
relocation, inconsistency = 582087
2303799	2314269	44579	34109	Nitrobacter_winogradskyi_NC_007406.1	NODE_170_length_44579_cov_0.673445	100.0		True
CONTIG	NODE_170_length_44579_cov_0.673445	44579	misassembled
3256868	3260613	1	3746	Nitrobacter_winogradskyi_NC_007406.1	NODE_171_length_44491_cov_0.787131	100.0		True
fake: scaffold gap size wrong estimation (local)
3261265	3293453	3893	36081	Nitrobacter_winogradskyi_NC_007406.1	NODE_171_length_44491_cov_0.787131	100.0		True
relocation, inconsistency = -1878199
1415255	1423664	36082	44491	Nitrobacter_winogradskyi_NC_007406.1	NODE_171_length_44491_cov_0.787131	99.95		True
CONTIG	NODE_171_length_44491_cov_0.787131	44491	misassembled
1114716	1115136	421	1	Nitrobacter_winogradskyi_NC_007406.1	NODE_181_length_42399_cov_0.636241	100.0		True
fake: scaffold gap size wrong estimation (local)
1113162	1114144	1555	573	Nitrobacter_winogradskyi_NC_007406.1	NODE_181_length_42399_cov_0.636241	100.0		True
fake: scaffold gap size wrong estimation (local)
1071974	1112496	42399	1877	Nitrobacter_winogradskyi_NC_007406.1	NODE_181_length_42399_cov_0.636241	100.0		True
CONTIG	NODE_181_length_42399_cov_0.636241	42399	correct
1740479	1773132	1	32654	Nitrobacter_winogradskyi_NC_007406.1	NODE_187_length_40568_cov_0.733429	99.58		True
relocation, inconsistency = -159165
1613968	1621881	32655	40568	Nitrobacter_winogradskyi_NC_007406.1	NODE_187_length_40568_cov_0.733429	99.6		True
CONTIG	NODE_187_length_40568_cov_0.733429	40568	misassembled
2593279	2630165	36887	1	Nitrobacter_winogradskyi_NC_007406.1	NODE_199_length_36887_cov_0.626530	100.0		True
CONTIG	NODE_199_length_36887_cov_0.626530	36887	correct
2188881	2220104	1	31224	Nitrobacter_winogradskyi_NC_007406.1	NODE_216_length_31224_cov_0.659261	100.0		True
CONTIG	NODE_216_length_31224_cov_0.659261	31224	correct
3372982	3402067	29086	1	Nitrobacter_winogradskyi_NC_007406.1	NODE_219_length_30036_cov_0.639211	100.0		True
fake: scaffold gap size wrong estimation (local)
3371601	3372349	30036	29288	Nitrobacter_winogradskyi_NC_007406.1	NODE_219_length_30036_cov_0.639211	100.0		True
CONTIG	NODE_219_length_30036_cov_0.639211	30036	correct
2548579	2577507	1	28929	Nitrobacter_winogradskyi_NC_007406.1	NODE_221_length_28929_cov_0.624965	100.0		True
CONTIG	NODE_221_length_28929_cov_0.624965	28929	correct
1494317	1521210	26894	1	Nitrobacter_winogradskyi_NC_007406.1	NODE_229_length_26894_cov_0.661562	100.0		True
CONTIG	NODE_229_length_26894_cov_0.661562	26894	correct
2236001	2247628	1	11628	Nitrobacter_winogradskyi_NC_007406.1	NODE_247_length_23439_cov_0.645253	100.0		True
fake: scaffold gap size wrong estimation (local)
2248383	2259879	11940	23436	Nitrobacter_winogradskyi_NC_007406.1	NODE_247_length_23439_cov_0.645253	99.55		True
CONTIG	NODE_247_length_23439_cov_0.645253	23439	correct
3111025	3134321	23297	1	Nitrobacter_winogradskyi_NC_007406.1	NODE_248_length_23297_cov_0.639153	100.0		True
CONTIG	NODE_248_length_23297_cov_0.639153	23297	correct
2280755	2296469	15715	1	Nitrobacter_winogradskyi_NC_007406.1	NODE_257_length_21639_cov_1.522307	99.99		True
relocation, inconsistency = 1055906
3352376	3358299	15716	21639	Nitrobacter_winogradskyi_NC_007406.1	NODE_257_length_21639_cov_1.522307	100.0		True
CONTIG	NODE_257_length_21639_cov_1.522307	21639	misassembled
264456	285033	20578	1	Nitrobacter_winogradskyi_NC_007406.1	NODE_266_length_20578_cov_1.061544	100.0		True
CONTIG	NODE_266_length_20578_cov_1.061544	20578	correct
2635540	2655514	19975	1	Nitrobacter_winogradskyi_NC_007406.1	NODE_271_length_19975_cov_0.659766	100.0		True
CONTIG	NODE_271_length_19975_cov_0.659766	19975	correct
3071612	3079968	8357	1	Nitrobacter_winogradskyi_NC_007406.1	NODE_274_length_19590_cov_0.661205	100.0		True
local misassembly
3069559	3071452	10251	8358	Nitrobacter_winogradskyi_NC_007406.1	NODE_274_length_19590_cov_0.661205	100.0		True
fake: scaffold gap size wrong estimation (local)
3060001	3069329	19590	10262	Nitrobacter_winogradskyi_NC_007406.1	NODE_274_length_19590_cov_0.661205	100.0		True
CONTIG	NODE_274_length_19590_cov_0.661205	19590	correct
2134715	2153913	19199	1	Nitrobacter_winogradskyi_NC_007406.1	NODE_278_length_19199_cov_0.663854	100.0		True
CONTIG	NODE_278_length_19199_cov_0.663854	19199	correct
2157179	2176374	1	19196	Nitrobacter_winogradskyi_NC_007406.1	NODE_279_length_19196_cov_0.650223	100.0		True
CONTIG	NODE_279_length_19196_cov_0.650223	19196	correct
1434792	1447443	1	12652	Nitrobacter_winogradskyi_NC_007406.1	NODE_282_length_18545_cov_1.327508	100.0		True
relocation, inconsistency = 507303
921596	927488	18545	12653	Nitrobacter_winogradskyi_NC_007406.1	NODE_282_length_18545_cov_1.327508	100.0		True
CONTIG	NODE_282_length_18545_cov_1.327508	18545	misassembled
1721605	1739821	1	18217	Nitrobacter_winogradskyi_NC_007406.1	NODE_284_length_18217_cov_0.645557	100.0		True
CONTIG	NODE_284_length_18217_cov_0.645557	18217	correct
2315474	2333548	1	18075	Nitrobacter_winogradskyi_NC_007406.1	NODE_287_length_18075_cov_0.634789	100.0		True
CONTIG	NODE_287_length_18075_cov_0.634789	18075	correct
3082826	3094122	1	11297	Nitrobacter_winogradskyi_NC_007406.1	NODE_310_length_14793_cov_0.619547	100.0		True
fake: scaffold gap size wrong estimation (local)
3094799	3098001	11591	14793	Nitrobacter_winogradskyi_NC_007406.1	NODE_310_length_14793_cov_0.619547	100.0		True
CONTIG	NODE_310_length_14793_cov_0.619547	14793	correct
3161777	3176526	14750	1	Nitrobacter_winogradskyi_NC_007406.1	NODE_312_length_14750_cov_0.656846	100.0		True
CONTIG	NODE_312_length_14750_cov_0.656846	14750	correct
2118269	2122030	1	3762	Nitrobacter_winogradskyi_NC_007406.1	NODE_313_length_14708_cov_0.675327	100.0		True
fake: scaffold gap size wrong estimation (local)
2123627	2133407	4928	14708	Nitrobacter_winogradskyi_NC_007406.1	NODE_313_length_14708_cov_0.675327	100.0		True
CONTIG	NODE_313_length_14708_cov_0.675327	14708	correct
720774	734711	1	13938	Nitrobacter_winogradskyi_NC_007406.1	NODE_326_length_13938_cov_0.650069	100.0		True
CONTIG	NODE_326_length_13938_cov_0.650069	13938	correct
2578810	2592418	1	13609	Nitrobacter_winogradskyi_NC_007406.1	NODE_329_length_13609_cov_0.667408	100.0		True
CONTIG	NODE_329_length_13609_cov_0.667408	13609	correct
1048542	1061949	1	13408	Nitrobacter_winogradskyi_NC_007406.1	NODE_331_length_13408_cov_0.647776	99.92		True
CONTIG	NODE_331_length_13408_cov_0.647776	13408	correct
1255923	1268945	1	13023	Nitrobacter_winogradskyi_NC_007406.1	NODE_341_length_13023_cov_0.615718	100.0		True
CONTIG	NODE_341_length_13023_cov_0.615718	13023	correct
1401714	1414514	12801	1	Nitrobacter_winogradskyi_NC_007406.1	NODE_346_length_12801_cov_0.639274	100.0		True
CONTIG	NODE_346_length_12801_cov_0.639274	12801	correct
2264840	2275255	10416	1	Nitrobacter_winogradskyi_NC_007406.1	NODE_389_length_10422_cov_0.710125	99.75		True
CONTIG	NODE_389_length_10422_cov_0.710125	10422	correct
863348	865560	2213	1	Nitrobacter_winogradskyi_NC_007406.1	NODE_403_length_9752_cov_0.696086	100.0		True
relocation, scaffold gap is present, inconsistency = 197455
1063026	1068918	2224	8116	Nitrobacter_winogradskyi_NC_007406.1	NODE_403_length_9752_cov_0.696086	100.0		True
local misassembly
1069496	1071131	8117	9752	Nitrobacter_winogradskyi_NC_007406.1	NODE_403_length_9752_cov_0.696086	100.0		True
CONTIG	NODE_403_length_9752_cov_0.696086	9752	misassembled
2178583	2188039	9457	1	Nitrobacter_winogradskyi_NC_007406.1	NODE_407_length_9461_cov_0.661028	100.0		True
CONTIG	NODE_407_length_9461_cov_0.661028	9461	correct
928448	937773	9326	1	Nitrobacter_winogradskyi_NC_007406.1	NODE_415_length_9326_cov_0.663118	100.0		True
CONTIG	NODE_415_length_9326_cov_0.663118	9326	correct
3100702	3109726	1	9025	Nitrobacter_winogradskyi_NC_007406.1	NODE_425_length_9025_cov_0.655099	100.0		True
CONTIG	NODE_425_length_9025_cov_0.655099	9025	correct
2898462	2905674	7213	1	Nitrobacter_winogradskyi_NC_007406.1	NODE_486_length_7213_cov_0.655245	100.0		True
CONTIG	NODE_486_length_7213_cov_0.655245	7213	correct
865832	871698	1	5867	Nitrobacter_winogradskyi_NC_007406.1	NODE_539_length_5867_cov_0.627915	100.0		True
CONTIG	NODE_539_length_5867_cov_0.627915	5867	correct
3177728	3182837	5110	1	Nitrobacter_winogradskyi_NC_007406.1	NODE_574_length_5110_cov_0.619363	100.0		True
CONTIG	NODE_574_length_5110_cov_0.619363	5110	correct
2229611	2234683	5073	1	Nitrobacter_winogradskyi_NC_007406.1	NODE_575_length_5073_cov_0.693457	100.0		True
CONTIG	NODE_575_length_5073_cov_0.693457	5073	correct
3359600	3364665	5066	1	Nitrobacter_winogradskyi_NC_007406.1	NODE_576_length_5066_cov_0.662487	100.0		True
CONTIG	NODE_576_length_5066_cov_0.662487	5066	correct
3365956	3370288	1	4333	Nitrobacter_winogradskyi_NC_007406.1	NODE_616_length_4333_cov_0.594255	100.0		True
CONTIG	NODE_616_length_4333_cov_0.594255	4333	correct
259636	263539	1	3904	Nitrobacter_winogradskyi_NC_007406.1	NODE_635_length_3904_cov_0.656093	100.0		True
CONTIG	NODE_635_length_3904_cov_0.656093	3904	correct
735536	739362	1	3827	Nitrobacter_winogradskyi_NC_007406.1	NODE_639_length_3827_cov_0.636805	100.0		True
CONTIG	NODE_639_length_3827_cov_0.636805	3827	correct
1427236	1430921	3686	1	Nitrobacter_winogradskyi_NC_007406.1	NODE_650_length_3686_cov_0.674334	100.0		True
CONTIG	NODE_650_length_3686_cov_0.674334	3686	correct
2261580	2264959	3259	1	Nitrobacter_winogradskyi_NC_007406.1	NODE_681_length_3259_cov_0.558636	96.31		True
CONTIG	NODE_681_length_3259_cov_0.558636	3259	correct
2297779	2300511	2733	1	Nitrobacter_winogradskyi_NC_007406.1	NODE_728_length_2733_cov_0.628637	100.0		True
CONTIG	NODE_728_length_2733_cov_0.628637	2733	correct
2631456	2633839	1	2384	Nitrobacter_winogradskyi_NC_007406.1	NODE_757_length_2384_cov_0.714096	100.0		True
CONTIG	NODE_757_length_2384_cov_0.714096	2384	correct
919028	921365	2338	1	Nitrobacter_winogradskyi_NC_007406.1	NODE_763_length_2338_cov_0.752819	100.0		True
CONTIG	NODE_763_length_2338_cov_0.752819	2338	correct
939105	940926	1822	1	Nitrobacter_winogradskyi_NC_007406.1	NODE_811_length_1822_cov_0.584950	100.0		True
CONTIG	NODE_811_length_1822_cov_0.584950	1822	correct
2656825	2658526	1702	1	Nitrobacter_winogradskyi_NC_007406.1	NODE_828_length_1702_cov_0.616698	100.0		True
CONTIG	NODE_828_length_1702_cov_0.616698	1702	correct
860749	862447	1	1699	Nitrobacter_winogradskyi_NC_007406.1	NODE_831_length_1699_cov_1.051965	100.0		True
CONTIG	NODE_831_length_1699_cov_1.051965	1699	correct
2301371	2302982	1612	1	Nitrobacter_winogradskyi_NC_007406.1	NODE_843_length_1612_cov_0.522468	100.0		True
CONTIG	NODE_843_length_1612_cov_0.522468	1612	correct
2259221	2260747	1	1527	Nitrobacter_winogradskyi_NC_007406.1	NODE_860_length_1527_cov_0.531294	100.0		True
CONTIG	NODE_860_length_1527_cov_0.531294	1527	correct
2155252	2156367	1	1116	Nitrobacter_winogradskyi_NC_007406.1	NODE_923_length_1116_cov_0.641206	100.0		True
CONTIG	NODE_923_length_1116_cov_0.641206	1116	correct
