Assembly	SPAdes	SPAdes.m1000	IDBAUD	IDBAUD.m1000
# misassemblies	11	11	0	0
  # contig misassemblies	9	9	0	0
    # c. relocations	9	9	0	0
    # c. translocations	0	0	0	0
    # c. inversions	0	0	0	0
  # scaffold misassemblies	2	2	0	0
    # s. relocations	2	2	0	0
    # s. translocations	0	0	0	0
    # s. inversions	0	0	0	0
# misassembled contigs	11	11	0	0
Misassembled contigs length	644512	644512	0	0
# possibly misassembled contigs	0	0	0	0
    # possible misassemblies	0	0	0	0
# local misassemblies	2	2	23	23
# scaffold gap ext. mis.	0	0	0	0
# scaffold gap loc. mis.	14	14	3	3
# unaligned mis. contigs	0	0	0	0
# mismatches	238	238	3	2
# indels	10	10	0	0
    # indels (<= 5 bp)	7	7	0	0
    # indels (> 5 bp)	3	3	0	0
Indels length	164	164	0	0
