Assembly	# misassemblies	  # contig misassemblies	    # c. relocations	    # c. translocations	    # c. inversions	  # scaffold misassemblies	    # s. relocations	    # s. translocations	    # s. inversions	# misassembled contigs	Misassembled contigs length	# possibly misassembled contigs	    # possible misassemblies	# local misassemblies	# scaffold gap ext. mis.	# scaffold gap loc. mis.	# unaligned mis. contigs	# mismatches	# indels	    # indels (<= 5 bp)	    # indels (> 5 bp)	Indels length
SPAdes	1	1	1	0	0	0	0	0	0	1	45694	0	0	0	0	0	0	0	0	0	0	0
SPAdes.m1000	1	1	1	0	0	0	0	0	0	1	45694	0	0	0	0	0	0	0	0	0	0	0
IDBAUD	1	1	1	0	0	0	0	0	0	1	45671	0	0	0	0	0	0	0	0	0	0	0
IDBAUD.m1000	1	1	1	0	0	0	0	0	0	1	45671	0	0	0	0	0	0	0	0	0	0	0
