scaffold	fasta	begin	end	strand	type	e-value	note
bin_1.filtered_bin_1_NODE_62_length_144819_cov_1.304434	bin_1.filtered	139766	141269	+	16S rRNA	0.0	
bin_1.filtered_bin_1_NODE_62_length_144819_cov_1.304434	bin_1.filtered	141658	144561	+	23S rRNA	0.0	
bin_1.filtered_bin_1_NODE_62_length_144819_cov_1.304434	bin_1.filtered	144618	144723	+	5S rRNA	4.5e-07	
bin_0.filtered_bin_0_NODE_122_length_69989_cov_1.001989	bin_0.filtered	69888	69983	-	5S rRNA	2.1e-07	
bin_0.filtered_bin_0_NODE_22_length_265414_cov_1.057291	bin_0.filtered	260223	261736	+	16S rRNA	0.0	
bin_0.filtered_bin_0_NODE_22_length_265414_cov_1.057291	bin_0.filtered	262325	265235	+	23S rRNA	0.0	
bin_0.filtered_bin_0_NODE_72_length_127137_cov_1.001055	bin_0.filtered	7	102	+	5S rRNA	2.1e-07	
bin_6.filtered_bin_6_NODE_466_length_7730_cov_0.184781	bin_6.filtered	1	929	-	16S rRNA	3.4e-252	aligned only 58 percent of the 16S ribosomal RNA
bin_8.filtered_bin_8_NODE_48_length_179569_cov_0.671348	bin_8.filtered	98442	99927	+	16S rRNA	0.0	
bin_8.filtered_bin_8_NODE_48_length_179569_cov_0.671348	bin_8.filtered	100757	103567	+	23S rRNA	0.0	
bin_8.filtered_bin_8_NODE_48_length_179569_cov_0.671348	bin_8.filtered	103643	103751	+	5S rRNA	5.8e-12	
bin_2.filtered_bin_2_NODE_191_length_39011_cov_0.266470	bin_2.filtered	712	789	-	5S rRNA	5.4e-10	aligned only 65 percent of the 5S ribosomal RNA
bin_2.filtered_bin_2_NODE_201_length_35068_cov_0.293845	bin_2.filtered	435	1983	-	16S rRNA	0.0	
bin_5.filtered_bin_5_NODE_112_length_74888_cov_0.376369	bin_5.filtered	231	340	+	5S rRNA	5.3e-12	
bin_5.filtered_bin_5_NODE_55_length_158120_cov_0.378794	bin_5.filtered	385	494	+	5S rRNA	1.2e-12	
bin_9.filtered_bin_9_NODE_12_length_355673_cov_0.516990	bin_9.filtered	355108	355217	+	5S rRNA	3.9e-13	
bin_9.filtered_bin_9_NODE_4_length_803085_cov_0.518929	bin_9.filtered	802991	803082	-	5S rRNA	3.6e-09	aligned only 77 percent of the 5S ribosomal RNA
bin_9.filtered_bin_9_NODE_511_length_6455_cov_0.548942	bin_9.filtered	1	107	+	5S rRNA	2.9e-12	
bin_9.filtered_bin_9_NODE_67_length_133471_cov_0.640787	bin_9.filtered	22138	23676	+	16S rRNA	0.0	
bin_9.filtered_bin_9_NODE_67_length_133471_cov_0.640787	bin_9.filtered	24392	27264	+	23S rRNA	0.0	
bin_9.filtered_bin_9_NODE_67_length_133471_cov_0.640787	bin_9.filtered	27397	27506	+	5S rRNA	6.1e-13	
bin_9.filtered_bin_9_NODE_8_length_452095_cov_0.520630	bin_9.filtered	451704	451814	-	5S rRNA	5.7e-15	
bin_9.filtered_bin_9_NODE_8_length_452095_cov_0.520630	bin_9.filtered	451988	452094	-	5S rRNA	1.7e-12	
bin_3.filtered_bin_3_NODE_50_length_160826_cov_1.123338	bin_3.filtered	86680	86787	-	5S rRNA	2.5e-11	
bin_3.filtered_bin_3_NODE_50_length_160826_cov_1.123338	bin_3.filtered	86863	89745	-	23S rRNA	0.0	
bin_3.filtered_bin_3_NODE_50_length_160826_cov_1.123338	bin_3.filtered	90154	91687	-	16S rRNA	0.0	
bin_7.filtered_bin_7_NODE_14_length_327269_cov_0.766784	bin_7.filtered	172701	174180	+	16S rRNA	0	
bin_7.filtered_bin_7_NODE_14_length_327269_cov_0.766784	bin_7.filtered	175015	177888	+	23S rRNA	0	
