fasta	Name	tRNA #	Begin	End	Type	Codon	Score	Note
bin_4.filtered	bin_4.filtered_bin_4_NODE_3_length_835083_cov_0.372452 	1	271584	271660	Val	GAC	59.0	
bin_4.filtered	bin_4.filtered_bin_4_NODE_3_length_835083_cov_0.372452 	2	300571	300646	His	GTG	72.7	
bin_4.filtered	bin_4.filtered_bin_4_NODE_3_length_835083_cov_0.372452 	3	300683	300759	Pro	TGG	78.0	
bin_4.filtered	bin_4.filtered_bin_4_NODE_3_length_835083_cov_0.372452 	4	336909	336969	Undet	NNN	21.3	
bin_4.filtered	bin_4.filtered_bin_4_NODE_3_length_835083_cov_0.372452 	5	716176	716252	Arg	TCT	70.0	
bin_4.filtered	bin_4.filtered_bin_4_NODE_3_length_835083_cov_0.372452 	6	731190	731266	Ser	CGA	30.0	
bin_4.filtered	bin_4.filtered_bin_4_NODE_3_length_835083_cov_0.372452 	7	595567	595492	Thr	GGT	67.8	
bin_4.filtered	bin_4.filtered_bin_4_NODE_3_length_835083_cov_0.372452 	8	446169	446097	Met	CAT	71.3	
bin_4.filtered	bin_4.filtered_bin_4_NODE_7_length_586102_cov_0.372632 	1	14524	14600	Met	CAT	70.0	
bin_4.filtered	bin_4.filtered_bin_4_NODE_7_length_586102_cov_0.372632 	2	207599	207683	Leu	GAG	63.3	
bin_4.filtered	bin_4.filtered_bin_4_NODE_7_length_586102_cov_0.372632 	3	259637	259723	Leu	CAA	61.8	
bin_4.filtered	bin_4.filtered_bin_4_NODE_7_length_586102_cov_0.372632 	4	260156	260231	Lys	CTT	78.0	
bin_4.filtered	bin_4.filtered_bin_4_NODE_7_length_586102_cov_0.372632 	5	304404	304495	Ser	GGA	71.4	
bin_4.filtered	bin_4.filtered_bin_4_NODE_7_length_586102_cov_0.372632 	6	436922	436997	Thr	TGT	69.5	
bin_4.filtered	bin_4.filtered_bin_4_NODE_7_length_586102_cov_0.372632 	7	437044	437129	Tyr	GTA	67.4	
bin_4.filtered	bin_4.filtered_bin_4_NODE_7_length_586102_cov_0.372632 	8	437230	437305	Gly	TCC	78.6	
bin_4.filtered	bin_4.filtered_bin_4_NODE_7_length_586102_cov_0.372632 	9	438912	438988	Trp	CCA	64.8	
bin_4.filtered	bin_4.filtered_bin_4_NODE_7_length_586102_cov_0.372632 	10	556429	556512	Leu	TAG	66.9	
bin_4.filtered	bin_4.filtered_bin_4_NODE_7_length_586102_cov_0.372632 	11	582168	582254	Leu	CAG	58.3	
bin_4.filtered	bin_4.filtered_bin_4_NODE_7_length_586102_cov_0.372632 	12	467704	467614	Sup	TCA	42.5	
bin_4.filtered	bin_4.filtered_bin_4_NODE_7_length_586102_cov_0.372632 	13	161551	161477	Pro	CGG	74.3	
bin_4.filtered	bin_4.filtered_bin_4_NODE_7_length_586102_cov_0.372632 	14	152417	152344	Glu	TTC	62.9	
bin_4.filtered	bin_4.filtered_bin_4_NODE_18_length_292112_cov_0.373186	1	278079	278154	Ala	CGC	76.6	
bin_4.filtered	bin_4.filtered_bin_4_NODE_18_length_292112_cov_0.373186	2	28227	28153	Gly	GCC	76.0	
bin_4.filtered	bin_4.filtered_bin_4_NODE_18_length_292112_cov_0.373186	3	28141	28068	Cys	GCA	64.3	
bin_4.filtered	bin_4.filtered_bin_4_NODE_18_length_292112_cov_0.373186	4	28031	27957	Gly	GCC	76.0	
bin_4.filtered	bin_4.filtered_bin_4_NODE_18_length_292112_cov_0.373186	5	27951	27877	Gly	CCC	76.3	
bin_4.filtered	bin_4.filtered_bin_4_NODE_18_length_292112_cov_0.373186	6	1412	1340	Asn	GTT	70.4	
bin_4.filtered	bin_4.filtered_bin_4_NODE_23_length_265402_cov_0.371105	1	43969	44044	Lys	CTT	78.0	
bin_4.filtered	bin_4.filtered_bin_4_NODE_23_length_265402_cov_0.371105	2	60124	60198	Gln	TTG	56.7	
bin_4.filtered	bin_4.filtered_bin_4_NODE_31_length_247431_cov_0.373159	1	229565	229493	Val	CAC	80.6	
bin_4.filtered	bin_4.filtered_bin_4_NODE_31_length_247431_cov_0.373159	2	229478	229405	Asp	GTC	80.9	
bin_4.filtered	bin_4.filtered_bin_4_NODE_31_length_247431_cov_0.373159	3	214936	214863	Arg	CCG	83.8	
bin_4.filtered	bin_4.filtered_bin_4_NODE_31_length_247431_cov_0.373159	4	198159	198073	Ser	TGA	69.0	
bin_4.filtered	bin_4.filtered_bin_4_NODE_41_length_220355_cov_0.372817	1	3948	4023	Phe	GAA	77.0	
bin_4.filtered	bin_4.filtered_bin_4_NODE_41_length_220355_cov_0.372817	2	169724	169642	Leu	TAA	69.0	
bin_4.filtered	bin_4.filtered_bin_4_NODE_47_length_179785_cov_0.373169	1	9786	9880	Ser	GCT	73.5	
bin_4.filtered	bin_4.filtered_bin_4_NODE_47_length_179785_cov_0.373169	2	139660	139736	Met	CAT	75.3	
bin_4.filtered	bin_4.filtered_bin_4_NODE_47_length_179785_cov_0.373169	3	176977	177052	Ala	GGC	71.7	
bin_4.filtered	bin_4.filtered_bin_4_NODE_47_length_179785_cov_0.373169	4	7753	7681	Lys	TTT	68.1	
bin_4.filtered	bin_4.filtered_bin_4_NODE_138_length_60339_cov_0.372796	1	33771	33847	Arg	CCT	75.5	
bin_4.filtered	bin_4.filtered_bin_4_NODE_157_length_47956_cov_0.381603	1	44998	45074	Pro	GGG	66.8	
bin_4.filtered	bin_4.filtered_bin_4_NODE_157_length_47956_cov_0.381603	2	46175	46239	Undet	NNN	26.9	
bin_1.filtered	bin_1.filtered_bin_1_NODE_2_length_871377_cov_1.172283 	1	37696	37771	Asn	GTT	75.6	
bin_1.filtered	bin_1.filtered_bin_1_NODE_2_length_871377_cov_1.172283 	2	120804	120880	Met	CAT	73.3	
bin_1.filtered	bin_1.filtered_bin_1_NODE_2_length_871377_cov_1.172283 	3	229131	229207	Val	GAC	79.4	
bin_1.filtered	bin_1.filtered_bin_1_NODE_2_length_871377_cov_1.172283 	4	279036	279134	Sup	TCA	47.1	
bin_1.filtered	bin_1.filtered_bin_1_NODE_2_length_871377_cov_1.172283 	5	426140	426214	Gln	TTG	64.4	
bin_1.filtered	bin_1.filtered_bin_1_NODE_2_length_871377_cov_1.172283 	6	426222	426298	Met	CAT	79.7	
bin_1.filtered	bin_1.filtered_bin_1_NODE_2_length_871377_cov_1.172283 	7	622281	622208	Arg	GCG	74.6	
bin_1.filtered	bin_1.filtered_bin_1_NODE_2_length_871377_cov_1.172283 	8	569343	569260	Leu	GAG	68.6	
bin_1.filtered	bin_1.filtered_bin_1_NODE_2_length_871377_cov_1.172283 	9	505381	505299	Leu	CAA	71.8	
bin_1.filtered	bin_1.filtered_bin_1_NODE_2_length_871377_cov_1.172283 	10	477107	477034	Arg	CCT	82.1	
bin_1.filtered	bin_1.filtered_bin_1_NODE_2_length_871377_cov_1.172283 	11	123030	122944	Ser	GGA	76.8	
bin_1.filtered	bin_1.filtered_bin_1_NODE_29_length_251715_cov_1.181697	1	20415	20490	Lys	TTT	82.5	
bin_1.filtered	bin_1.filtered_bin_1_NODE_29_length_251715_cov_1.181697	2	20494	20569	Glu	TTC	60.8	
bin_1.filtered	bin_1.filtered_bin_1_NODE_29_length_251715_cov_1.181697	3	20587	20662	Val	TAC	82.4	
bin_1.filtered	bin_1.filtered_bin_1_NODE_29_length_251715_cov_1.181697	4	20671	20747	Asp	GTC	83.6	
bin_1.filtered	bin_1.filtered_bin_1_NODE_29_length_251715_cov_1.181697	5	148069	148144	Phe	GAA	80.0	
bin_1.filtered	bin_1.filtered_bin_1_NODE_29_length_251715_cov_1.181697	6	249974	249898	Thr	TGT	80.0	
bin_1.filtered	bin_1.filtered_bin_1_NODE_29_length_251715_cov_1.181697	7	249869	249787	Tyr	GTA	69.8	
bin_1.filtered	bin_1.filtered_bin_1_NODE_29_length_251715_cov_1.181697	8	249779	249703	Gly	TCC	83.5	
bin_1.filtered	bin_1.filtered_bin_1_NODE_29_length_251715_cov_1.181697	9	249597	249523	Thr	GGT	74.9	
bin_1.filtered	bin_1.filtered_bin_1_NODE_29_length_251715_cov_1.181697	10	248025	247949	Gly	TCC	83.5	
bin_1.filtered	bin_1.filtered_bin_1_NODE_29_length_251715_cov_1.181697	11	247943	247871	Trp	CCA	65.7	
bin_1.filtered	bin_1.filtered_bin_1_NODE_29_length_251715_cov_1.181697	12	29041	28954	Ser	GCT	74.7	
bin_1.filtered	bin_1.filtered_bin_1_NODE_33_length_245352_cov_1.176462	1	79092	79168	Met	CAT	86.3	
bin_1.filtered	bin_1.filtered_bin_1_NODE_33_length_245352_cov_1.176462	2	79174	79249	Phe	GAA	80.0	
bin_1.filtered	bin_1.filtered_bin_1_NODE_33_length_245352_cov_1.176462	3	170899	170974	Lys	TTT	82.5	
bin_1.filtered	bin_1.filtered_bin_1_NODE_33_length_245352_cov_1.176462	4	170981	171055	Glu	TTC	67.9	
bin_1.filtered	bin_1.filtered_bin_1_NODE_33_length_245352_cov_1.176462	5	171092	171167	Val	TAC	82.4	
bin_1.filtered	bin_1.filtered_bin_1_NODE_33_length_245352_cov_1.176462	6	171185	171261	Asp	GTC	83.6	
bin_1.filtered	bin_1.filtered_bin_1_NODE_62_length_144819_cov_1.304434	1	141361	141437	Ile	GAT	83.2	
bin_1.filtered	bin_1.filtered_bin_1_NODE_62_length_144819_cov_1.304434	2	141451	141526	Ala	TGC	81.9	
bin_1.filtered	bin_1.filtered_bin_1_NODE_62_length_144819_cov_1.304434	3	72287	72211	Gly	GCC	83.5	
bin_1.filtered	bin_1.filtered_bin_1_NODE_62_length_144819_cov_1.304434	4	72184	72110	Cys	GCA	72.2	
bin_1.filtered	bin_1.filtered_bin_1_NODE_62_length_144819_cov_1.304434	5	72063	71980	Leu	TAA	74.3	
bin_1.filtered	bin_1.filtered_bin_1_NODE_62_length_144819_cov_1.304434	6	71942	71856	Ser	TGA	82.7	
bin_1.filtered	bin_1.filtered_bin_1_NODE_62_length_144819_cov_1.304434	7	59031	58959	Ala	GGC	77.8	
bin_1.filtered	bin_1.filtered_bin_1_NODE_80_length_110047_cov_1.162155	1	13183	13109	Pro	TGG	76.8	
bin_1.filtered	bin_1.filtered_bin_1_NODE_80_length_110047_cov_1.162155	2	13061	12985	His	GTG	69.0	
bin_1.filtered	bin_1.filtered_bin_1_NODE_80_length_110047_cov_1.162155	3	12967	12894	Arg	TCG	78.2	
bin_1.filtered	bin_1.filtered_bin_1_NODE_80_length_110047_cov_1.162155	4	12864	12791	Arg	TCT	80.7	
bin_1.filtered	bin_1.filtered_bin_1_NODE_80_length_110047_cov_1.162155	5	12773	12692	Leu	TAG	71.2	
bin_1.filtered	bin_1.filtered_bin_1_NODE_198_length_37543_cov_1.171610	1	4830	4758	Asn	GTT	75.5	
bin_1.filtered	bin_1.filtered_bin_1_NODE_198_length_37543_cov_1.171610	2	4715	4639	Thr	TGT	80.0	
bin_0.filtered	bin_0.filtered_bin_0_NODE_6_length_607162_cov_1.000759 	1	32319	32393	Asn	GTT	73.6	
bin_0.filtered	bin_0.filtered_bin_0_NODE_6_length_607162_cov_1.000759 	2	32427	32501	Asn	GTT	73.6	
bin_0.filtered	bin_0.filtered_bin_0_NODE_6_length_607162_cov_1.000759 	3	543129	543213	Leu	CAA	65.5	
bin_0.filtered	bin_0.filtered_bin_0_NODE_11_length_361162_cov_0.994424	1	171926	171846	Leu	GAG	50.2	
bin_0.filtered	bin_0.filtered_bin_0_NODE_11_length_361162_cov_0.994424	2	91518	91446	Lys	TTT	75.5	
bin_0.filtered	bin_0.filtered_bin_0_NODE_11_length_361162_cov_0.994424	3	91400	91329	Glu	TTC	51.2	
bin_0.filtered	bin_0.filtered_bin_0_NODE_11_length_361162_cov_0.994424	4	91322	91250	Val	TAC	77.2	
bin_0.filtered	bin_0.filtered_bin_0_NODE_11_length_361162_cov_0.994424	5	91224	91151	Asp	GTC	82.2	
bin_0.filtered	bin_0.filtered_bin_0_NODE_11_length_361162_cov_0.994424	6	91139	91067	Lys	TTT	75.5	
bin_0.filtered	bin_0.filtered_bin_0_NODE_11_length_361162_cov_0.994424	7	91032	90961	Glu	TTC	51.2	
bin_0.filtered	bin_0.filtered_bin_0_NODE_11_length_361162_cov_0.994424	8	90954	90882	Val	TAC	77.2	
bin_0.filtered	bin_0.filtered_bin_0_NODE_11_length_361162_cov_0.994424	9	90862	90789	Asp	GTC	82.2	
bin_0.filtered	bin_0.filtered_bin_0_NODE_22_length_265414_cov_1.057291	1	261849	261925	Ile	GAT	79.4	
bin_0.filtered	bin_0.filtered_bin_0_NODE_22_length_265414_cov_1.057291	2	261945	262020	Ala	TGC	72.0	
bin_0.filtered	bin_0.filtered_bin_0_NODE_22_length_265414_cov_1.057291	3	226525	226451	Gln	TTG	60.2	
bin_0.filtered	bin_0.filtered_bin_0_NODE_22_length_265414_cov_1.057291	4	226434	226351	Leu	TAA	61.7	
bin_0.filtered	bin_0.filtered_bin_0_NODE_22_length_265414_cov_1.057291	5	226340	226264	Gly	TCC	76.6	
bin_0.filtered	bin_0.filtered_bin_0_NODE_22_length_265414_cov_1.057291	6	226249	226177	Lys	TTT	75.5	
bin_0.filtered	bin_0.filtered_bin_0_NODE_22_length_265414_cov_1.057291	7	226157	226084	Met	CAT	73.7	
bin_0.filtered	bin_0.filtered_bin_0_NODE_22_length_265414_cov_1.057291	8	226066	225993	Met	CAT	69.0	
bin_0.filtered	bin_0.filtered_bin_0_NODE_22_length_265414_cov_1.057291	9	225977	225901	Thr	TGT	74.4	
bin_0.filtered	bin_0.filtered_bin_0_NODE_22_length_265414_cov_1.057291	10	225870	225785	Ser	TGA	54.1	
bin_0.filtered	bin_0.filtered_bin_0_NODE_28_length_252692_cov_0.999568	1	113991	114066	Val	GAC	75.3	
bin_0.filtered	bin_0.filtered_bin_0_NODE_28_length_252692_cov_0.999568	2	202419	202345	Gln	TTG	60.2	
bin_0.filtered	bin_0.filtered_bin_0_NODE_28_length_252692_cov_0.999568	3	202332	202259	Met	CAT	73.7	
bin_0.filtered	bin_0.filtered_bin_0_NODE_63_length_140564_cov_0.998099	1	69243	69170	Arg	TCG	61.7	
bin_0.filtered	bin_0.filtered_bin_0_NODE_72_length_127137_cov_1.001055	1	16915	16990	Phe	GAA	75.5	
bin_0.filtered	bin_0.filtered_bin_0_NODE_72_length_127137_cov_1.001055	2	17012	17088	Thr	TGT	74.4	
bin_0.filtered	bin_0.filtered_bin_0_NODE_72_length_127137_cov_1.001055	3	17158	17242	Tyr	GTA	60.1	
bin_0.filtered	bin_0.filtered_bin_0_NODE_72_length_127137_cov_1.001055	4	17251	17327	Gly	TCC	76.6	
bin_0.filtered	bin_0.filtered_bin_0_NODE_72_length_127137_cov_1.001055	5	18984	19059	Trp	CCA	63.9	
bin_0.filtered	bin_0.filtered_bin_0_NODE_72_length_127137_cov_1.001055	6	73255	73341	Leu	TAA	63.9	
bin_0.filtered	bin_0.filtered_bin_0_NODE_72_length_127137_cov_1.001055	7	73358	73446	Ser	TGA	54.1	
bin_0.filtered	bin_0.filtered_bin_0_NODE_72_length_127137_cov_1.001055	8	73492	73567	Cys	GCA	61.3	
bin_0.filtered	bin_0.filtered_bin_0_NODE_74_length_120051_cov_0.999416	1	5133	5209	Met	CAT	73.7	
bin_0.filtered	bin_0.filtered_bin_0_NODE_74_length_120051_cov_0.999416	2	63706	63625	Tyr	GTA	60.1	
bin_0.filtered	bin_0.filtered_bin_0_NODE_74_length_120051_cov_0.999416	3	63616	63544	Phe	GAA	75.5	
bin_0.filtered	bin_0.filtered_bin_0_NODE_122_length_69989_cov_1.001989	1	69717	69645	Thr	GGT	54.9	
bin_0.filtered	bin_0.filtered_bin_0_NODE_122_length_69989_cov_1.001989	2	29022	28936	Ser	GCT	67.3	
bin_0.filtered	bin_0.filtered_bin_0_NODE_122_length_69989_cov_1.001989	3	28917	28844	Met	CAT	81.0	
bin_0.filtered	bin_0.filtered_bin_0_NODE_122_length_69989_cov_1.001989	4	28801	28725	Gly	TCC	76.6	
bin_0.filtered	bin_0.filtered_bin_0_NODE_122_length_69989_cov_1.001989	5	28643	28558	Ser	GGA	55.2	
bin_0.filtered	bin_0.filtered_bin_0_NODE_124_length_67569_cov_0.966048	1	7456	7382	Pro	TGG	79.6	
bin_0.filtered	bin_0.filtered_bin_0_NODE_124_length_67569_cov_0.966048	2	7368	7292	His	GTG	66.1	
bin_0.filtered	bin_0.filtered_bin_0_NODE_124_length_67569_cov_0.966048	3	7275	7202	Arg	TCT	68.9	
bin_0.filtered	bin_0.filtered_bin_0_NODE_124_length_67569_cov_0.966048	4	7137	7056	Leu	TAG	65.0	
bin_0.filtered	bin_0.filtered_bin_0_NODE_124_length_67569_cov_0.966048	5	6956	6883	Met	CAT	73.7	
bin_0.filtered	bin_0.filtered_bin_0_NODE_182_length_42263_cov_3.484861	1	22294	22221	Phe	GAA	68.2	
bin_6.filtered	bin_6.filtered_bin_6_NODE_214_length_32108_cov_0.175634 	1	2300	2227	Val	GAC	73.5	
bin_6.filtered	bin_6.filtered_bin_6_NODE_224_length_28632_cov_0.175090 	1	12572	12701	Asn	GTT	23.2	pseudo
bin_6.filtered	bin_6.filtered_bin_6_NODE_249_length_23252_cov_0.183390 	1	8115	8042	Gly	CCC	71.9	
bin_6.filtered	bin_6.filtered_bin_6_NODE_249_length_23252_cov_0.183390 	2	4555	4483	Glu	CTC	56.8	
bin_6.filtered	bin_6.filtered_bin_6_NODE_256_length_21727_cov_0.174674 	1	5340	5257	Leu	GAG	60.5	
bin_6.filtered	bin_6.filtered_bin_6_NODE_299_length_16222_cov_0.187380 	1	9028	9101	Gln	TTG	48.7	
bin_6.filtered	bin_6.filtered_bin_6_NODE_307_length_15229_cov_0.175073 	1	1130	1058	Phe	GAA	81.1	
bin_6.filtered	bin_6.filtered_bin_6_NODE_311_length_14768_cov_0.202977 	1	4336	4407	Thr	TGT	71.3	
bin_6.filtered	bin_6.filtered_bin_6_NODE_311_length_14768_cov_0.202977 	2	4530	4614	Tyr	GTA	70.3	
bin_6.filtered	bin_6.filtered_bin_6_NODE_311_length_14768_cov_0.202977 	3	5404	5474	Gly	TCC	73.6	
bin_6.filtered	bin_6.filtered_bin_6_NODE_311_length_14768_cov_0.202977 	4	5887	5961	Thr	GGT	77.9	
bin_6.filtered	bin_6.filtered_bin_6_NODE_322_length_14217_cov_0.192608 	1	13917	13844	Trp	CCA	63.9	
bin_6.filtered	bin_6.filtered_bin_6_NODE_325_length_14081_cov_0.188682 	1	7655	7585	Gln	CTG	61.9	
bin_6.filtered	bin_6.filtered_bin_6_NODE_337_length_13054_cov_0.180778 	1	8140	8213	Arg	CCT	71.9	
bin_6.filtered	bin_6.filtered_bin_6_NODE_351_length_12659_cov_0.187430 	1	366	283	Leu	CAG	68.4	
bin_6.filtered	bin_6.filtered_bin_6_NODE_402_length_9796_cov_0.190491  	1	9160	9087	Arg	ACG	68.1	
bin_6.filtered	bin_6.filtered_bin_6_NODE_449_length_8278_cov_0.170283  	1	1955	2027	Thr	CGT	66.9	
bin_6.filtered	bin_6.filtered_bin_6_NODE_460_length_7835_cov_0.170729  	1	449	522	Met	CAT	84.5	
bin_6.filtered	bin_6.filtered_bin_6_NODE_460_length_7835_cov_0.170729  	2	5815	5742	Met	CAT	72.3	
bin_6.filtered	bin_6.filtered_bin_6_NODE_463_length_7740_cov_0.187557  	1	2141	2069	Ala	CGC	72.8	
bin_6.filtered	bin_6.filtered_bin_6_NODE_464_length_7737_cov_0.170037  	1	6834	6748	Ser	CGA	75.6	
bin_6.filtered	bin_6.filtered_bin_6_NODE_464_length_7737_cov_0.170037  	2	6642	6553	Ser	GGA	72.3	
bin_6.filtered	bin_6.filtered_bin_6_NODE_465_length_7734_cov_0.171549  	1	5452	5525	Asp	GTC	76.3	
bin_6.filtered	bin_6.filtered_bin_6_NODE_483_length_7316_cov_0.198888  	1	3954	3881	Arg	TCT	75.2	
bin_6.filtered	bin_6.filtered_bin_6_NODE_483_length_7316_cov_0.198888  	2	3843	3768	His	GTG	79.6	
bin_6.filtered	bin_6.filtered_bin_6_NODE_483_length_7316_cov_0.198888  	3	3528	3454	Arg	TCG	63.9	
bin_6.filtered	bin_6.filtered_bin_6_NODE_483_length_7316_cov_0.198888  	4	3420	3348	Lys	CTT	80.2	
bin_6.filtered	bin_6.filtered_bin_6_NODE_483_length_7316_cov_0.198888  	5	3052	2971	Leu	TAG	54.7	
bin_6.filtered	bin_6.filtered_bin_6_NODE_483_length_7316_cov_0.198888  	6	2950	2876	Gly	GCC	77.1	
bin_6.filtered	bin_6.filtered_bin_6_NODE_608_length_4545_cov_0.175859  	1	1337	1409	Cys	GCA	63.5	
bin_6.filtered	bin_6.filtered_bin_6_NODE_608_length_4545_cov_0.175859  	2	1539	1623	Leu	TAA	68.5	
bin_6.filtered	bin_6.filtered_bin_6_NODE_619_length_4259_cov_0.165297  	1	506	434	Ala	GGC	73.5	
bin_6.filtered	bin_6.filtered_bin_6_NODE_646_length_3737_cov_0.196903  	1	1808	1722	Ser	TGA	65.7	
bin_6.filtered	bin_6.filtered_bin_6_NODE_646_length_3737_cov_0.196903  	2	1594	1505	Ser	GCT	82.7	
bin_6.filtered	bin_6.filtered_bin_6_NODE_674_length_3310_cov_0.138915  	1	986	1071	Leu	CAA	68.3	
bin_6.filtered	bin_6.filtered_bin_6_NODE_687_length_3169_cov_0.215223  	1	1655	1731	Pro	GGG	75.2	
bin_8.filtered	bin_8.filtered_bin_8_NODE_27_length_252961_cov_0.642691 	1	166643	166716	Gly	CCC	75.3	
bin_8.filtered	bin_8.filtered_bin_8_NODE_27_length_252961_cov_0.642691 	2	194207	194293	Leu	CAG	71.5	
bin_8.filtered	bin_8.filtered_bin_8_NODE_27_length_252961_cov_0.642691 	3	240649	240724	Ala	GGC	72.1	
bin_8.filtered	bin_8.filtered_bin_8_NODE_27_length_252961_cov_0.642691 	4	87070	86996	Gly	GCC	76.2	
bin_8.filtered	bin_8.filtered_bin_8_NODE_35_length_240584_cov_0.652895 	1	30007	30083	Arg	TCG	76.8	
bin_8.filtered	bin_8.filtered_bin_8_NODE_35_length_240584_cov_0.652895 	2	74812	74886	Asn	GTT	80.4	
bin_8.filtered	bin_8.filtered_bin_8_NODE_35_length_240584_cov_0.652895 	3	86185	86260	Lys	TTT	84.2	
bin_8.filtered	bin_8.filtered_bin_8_NODE_35_length_240584_cov_0.652895 	4	202030	202106	Val	TAC	69.0	
bin_8.filtered	bin_8.filtered_bin_8_NODE_35_length_240584_cov_0.652895 	5	209385	209304	Leu	TAG	69.9	
bin_8.filtered	bin_8.filtered_bin_8_NODE_35_length_240584_cov_0.652895 	6	197176	197103	Asp	GTC	83.6	
bin_8.filtered	bin_8.filtered_bin_8_NODE_35_length_240584_cov_0.652895 	7	14167	14086	Leu	GAG	59.0	
bin_8.filtered	bin_8.filtered_bin_8_NODE_36_length_238022_cov_0.671107 	1	224207	224279	Undet	NNN	46.6	
bin_8.filtered	bin_8.filtered_bin_8_NODE_36_length_238022_cov_0.671107 	2	224705	224631	Undet	NNN	41.2	
bin_8.filtered	bin_8.filtered_bin_8_NODE_48_length_179569_cov_0.671348 	1	49641	49716	Met	CAT	70.7	
bin_8.filtered	bin_8.filtered_bin_8_NODE_48_length_179569_cov_0.671348 	2	100135	100211	Ile	GAT	78.1	
bin_8.filtered	bin_8.filtered_bin_8_NODE_48_length_179569_cov_0.671348 	3	100244	100319	Ala	TGC	70.3	
bin_8.filtered	bin_8.filtered_bin_8_NODE_48_length_179569_cov_0.671348 	4	144914	144990	Met	CAT	75.9	
bin_8.filtered	bin_8.filtered_bin_8_NODE_48_length_179569_cov_0.671348 	5	178905	178979	Gln	TTG	61.8	
bin_8.filtered	bin_8.filtered_bin_8_NODE_57_length_154319_cov_0.655047 	1	108150	108223	Gln	CTG	62.2	
bin_8.filtered	bin_8.filtered_bin_8_NODE_60_length_149231_cov_0.651774 	1	127590	127666	Pro	CGG	78.2	
bin_8.filtered	bin_8.filtered_bin_8_NODE_99_length_86068_cov_0.665538  	1	74906	74832	Pro	GGG	72.1	
bin_8.filtered	bin_8.filtered_bin_8_NODE_101_length_84984_cov_0.656399 	1	46418	46333	Leu	TAA	67.2	
bin_8.filtered	bin_8.filtered_bin_8_NODE_120_length_72161_cov_0.701916 	1	37567	37486	Leu	CAA	72.1	
bin_8.filtered	bin_8.filtered_bin_8_NODE_131_length_63235_cov_0.653579 	1	37569	37644	Phe	GAA	78.9	
bin_8.filtered	bin_8.filtered_bin_8_NODE_132_length_63091_cov_0.667032 	1	33461	33534	Cys	GCA	64.1	
bin_8.filtered	bin_8.filtered_bin_8_NODE_132_length_63091_cov_0.667032 	2	3906	3833	Arg	TCT	69.5	
bin_8.filtered	bin_8.filtered_bin_8_NODE_140_length_57604_cov_0.665605 	1	49143	49219	Arg	ACG	81.7	
bin_8.filtered	bin_8.filtered_bin_8_NODE_160_length_47222_cov_0.637736 	1	2483	2558	Ala	CGC	70.8	
bin_8.filtered	bin_8.filtered_bin_8_NODE_160_length_47222_cov_0.637736 	2	43728	43817	Ser	CGA	76.0	
bin_8.filtered	bin_8.filtered_bin_8_NODE_160_length_47222_cov_0.637736 	3	25225	25152	Arg	CCT	73.6	
bin_8.filtered	bin_8.filtered_bin_8_NODE_160_length_47222_cov_0.637736 	4	4686	4614	Thr	CGT	79.0	
bin_8.filtered	bin_8.filtered_bin_8_NODE_163_length_46347_cov_0.665318 	1	17953	18028	Trp	CCA	76.6	
bin_8.filtered	bin_8.filtered_bin_8_NODE_169_length_45316_cov_0.671114 	1	2786	2713	Met	CAT	74.6	
bin_8.filtered	bin_8.filtered_bin_8_NODE_170_length_44579_cov_0.673445 	1	21766	21845	Arg	TCT	35.7	pseudo
bin_8.filtered	bin_8.filtered_bin_8_NODE_171_length_44491_cov_0.787131 	1	2763	2837	Val	CAC	72.2	
bin_8.filtered	bin_8.filtered_bin_8_NODE_181_length_42399_cov_0.636241 	1	1194	1121	His	GTG	74.5	
bin_8.filtered	bin_8.filtered_bin_8_NODE_187_length_40568_cov_0.733429 	1	19308	19382	Glu	TTC	54.7	
bin_8.filtered	bin_8.filtered_bin_8_NODE_187_length_40568_cov_0.733429 	2	38243	38332	Ser	TGA	81.7	
bin_8.filtered	bin_8.filtered_bin_8_NODE_187_length_40568_cov_0.733429 	3	15253	15180	Pro	TGG	68.5	
bin_8.filtered	bin_8.filtered_bin_8_NODE_219_length_30036_cov_0.639211 	1	4338	4414	Arg	CCG	78.7	
bin_8.filtered	bin_8.filtered_bin_8_NODE_221_length_28929_cov_0.624965 	1	6728	6656	Lys	CTT	83.0	
bin_8.filtered	bin_8.filtered_bin_8_NODE_247_length_23439_cov_0.645253 	1	10251	10336	Tyr	GTA	65.7	
bin_8.filtered	bin_8.filtered_bin_8_NODE_247_length_23439_cov_0.645253 	2	17164	17238	Thr	TGT	73.6	
bin_8.filtered	bin_8.filtered_bin_8_NODE_247_length_23439_cov_0.645253 	3	8431	8358	Gly	TCC	73.0	
bin_8.filtered	bin_8.filtered_bin_8_NODE_266_length_20578_cov_1.061544 	1	10441	10515	Thr	GGT	78.7	
bin_8.filtered	bin_8.filtered_bin_8_NODE_271_length_19975_cov_0.659766 	1	1268	1197	Glu	CTC	64.9	
bin_8.filtered	bin_8.filtered_bin_8_NODE_274_length_19590_cov_0.661205 	1	10472	10561	Ser	GGA	77.9	
bin_8.filtered	bin_8.filtered_bin_8_NODE_313_length_14708_cov_0.675327 	1	2767	2860	Ser	GCT	76.1	
bin_8.filtered	bin_8.filtered_bin_8_NODE_574_length_5110_cov_0.619363  	1	1783	1857	Val	GAC	75.3	
bin_2.filtered	bin_2.filtered_bin_2_NODE_73_length_121437_cov_0.254006 	1	9281	9192	Ser	TGA	63.0	
bin_2.filtered	bin_2.filtered_bin_2_NODE_113_length_74692_cov_0.258210 	1	295	213	Leu	GAG	60.5	
bin_2.filtered	bin_2.filtered_bin_2_NODE_113_length_74692_cov_0.258210 	2	190	117	Gly	TCC	68.5	
bin_2.filtered	bin_2.filtered_bin_2_NODE_149_length_53555_cov_0.264532 	1	32215	32288	Met	CAT	74.6	
bin_2.filtered	bin_2.filtered_bin_2_NODE_149_length_53555_cov_0.264532 	2	32310	32385	Asp	GTC	76.1	
bin_2.filtered	bin_2.filtered_bin_2_NODE_149_length_53555_cov_0.264532 	3	32402	32474	Phe	GAA	67.5	
bin_2.filtered	bin_2.filtered_bin_2_NODE_149_length_53555_cov_0.264532 	4	32488	32563	His	GTG	59.5	
bin_2.filtered	bin_2.filtered_bin_2_NODE_149_length_53555_cov_0.264532 	5	32579	32652	Gly	TCC	68.5	
bin_2.filtered	bin_2.filtered_bin_2_NODE_149_length_53555_cov_0.264532 	6	32674	32731	Asn	GTT	51.5	
bin_2.filtered	bin_2.filtered_bin_2_NODE_149_length_53555_cov_0.264532 	7	32852	32940	Ser	GGA	56.4	
bin_2.filtered	bin_2.filtered_bin_2_NODE_179_length_42830_cov_0.260741 	1	39177	39248	Arg	CCG	50.1	
bin_2.filtered	bin_2.filtered_bin_2_NODE_186_length_40938_cov_0.240586 	1	22505	22579	Glu	TTC	67.2	
bin_2.filtered	bin_2.filtered_bin_2_NODE_186_length_40938_cov_0.240586 	2	22587	22659	Asp	GTC	76.1	
bin_2.filtered	bin_2.filtered_bin_2_NODE_191_length_39011_cov_0.266470 	1	664	592	Val	TAC	75.8	
bin_2.filtered	bin_2.filtered_bin_2_NODE_191_length_39011_cov_0.266470 	2	559	479	Tyr	GTA	67.8	
bin_2.filtered	bin_2.filtered_bin_2_NODE_191_length_39011_cov_0.266470 	3	465	393	Gln	TTG	44.1	
bin_2.filtered	bin_2.filtered_bin_2_NODE_191_length_39011_cov_0.266470 	4	385	300	Leu	TAA	65.9	
bin_2.filtered	bin_2.filtered_bin_2_NODE_191_length_39011_cov_0.266470 	5	291	218	Arg	ACG	70.9	
bin_2.filtered	bin_2.filtered_bin_2_NODE_191_length_39011_cov_0.266470 	6	194	121	Pro	TGG	80.8	
bin_2.filtered	bin_2.filtered_bin_2_NODE_191_length_39011_cov_0.266470 	7	97	25	Ala	TGC	69.6	
bin_2.filtered	bin_2.filtered_bin_2_NODE_194_length_38552_cov_0.269496 	1	46	119	Met	CAT	74.6	
bin_2.filtered	bin_2.filtered_bin_2_NODE_194_length_38552_cov_0.269496 	2	129	204	Asp	GTC	76.1	
bin_2.filtered	bin_2.filtered_bin_2_NODE_194_length_38552_cov_0.269496 	3	243	335	Ser	TGA	66.2	
bin_2.filtered	bin_2.filtered_bin_2_NODE_194_length_38552_cov_0.269496 	4	416	491	Asp	GTC	76.1	
bin_2.filtered	bin_2.filtered_bin_2_NODE_194_length_38552_cov_0.269496 	5	510	582	Phe	GAA	67.5	
bin_2.filtered	bin_2.filtered_bin_2_NODE_194_length_38552_cov_0.269496 	6	590	665	Thr	TGT	75.9	
bin_2.filtered	bin_2.filtered_bin_2_NODE_194_length_38552_cov_0.269496 	7	671	751	Tyr	GTA	67.8	
bin_2.filtered	bin_2.filtered_bin_2_NODE_194_length_38552_cov_0.269496 	8	767	840	Trp	CCA	64.5	
bin_2.filtered	bin_2.filtered_bin_2_NODE_194_length_38552_cov_0.269496 	9	843	916	His	GTG	62.0	
bin_2.filtered	bin_2.filtered_bin_2_NODE_194_length_38552_cov_0.269496 	10	927	998	Gln	TTG	59.4	
bin_2.filtered	bin_2.filtered_bin_2_NODE_194_length_38552_cov_0.269496 	11	1004	1077	Cys	GCA	70.7	
bin_2.filtered	bin_2.filtered_bin_2_NODE_194_length_38552_cov_0.269496 	12	1376	1459	Leu	CAA	60.0	
bin_2.filtered	bin_2.filtered_bin_2_NODE_201_length_35068_cov_0.293845 	1	342	269	Ile	GAT	84.1	
bin_2.filtered	bin_2.filtered_bin_2_NODE_201_length_35068_cov_0.293845 	2	247	175	Ala	TGC	69.6	
bin_2.filtered	bin_2.filtered_bin_2_NODE_206_length_33425_cov_0.269847 	1	10709	10636	Arg	TCT	78.3	
bin_2.filtered	bin_2.filtered_bin_2_NODE_280_length_19119_cov_0.259554 	1	5974	5903	Asn	GTT	73.4	
bin_2.filtered	bin_2.filtered_bin_2_NODE_280_length_19119_cov_0.259554 	2	5897	5809	Ser	GCT	66.4	
bin_5.filtered	bin_5.filtered_bin_5_NODE_9_length_415966_cov_0.375614 	1	78350	78439	Ser	TGA	72.3	
bin_5.filtered	bin_5.filtered_bin_5_NODE_9_length_415966_cov_0.375614 	2	102738	102813	Gly	GCC	79.7	
bin_5.filtered	bin_5.filtered_bin_5_NODE_9_length_415966_cov_0.375614 	3	107360	107433	Cys	GCA	55.4	
bin_5.filtered	bin_5.filtered_bin_5_NODE_9_length_415966_cov_0.375614 	4	119984	120070	Leu	TAA	71.5	
bin_5.filtered	bin_5.filtered_bin_5_NODE_10_length_365935_cov_0.372517	1	130339	130425	Leu	CAG	65.2	
bin_5.filtered	bin_5.filtered_bin_5_NODE_10_length_365935_cov_0.372517	2	130555	130641	Leu	CAG	65.2	
bin_5.filtered	bin_5.filtered_bin_5_NODE_13_length_331965_cov_0.372386	1	204163	204239	Arg	CCT	70.7	
bin_5.filtered	bin_5.filtered_bin_5_NODE_20_length_282436_cov_0.371284	1	249178	249122	Undet	NNN	22.9	pseudo
bin_5.filtered	bin_5.filtered_bin_5_NODE_20_length_282436_cov_0.371284	2	230577	230505	Thr	CGT	73.7	
bin_5.filtered	bin_5.filtered_bin_5_NODE_25_length_255405_cov_0.376193	1	119227	119154	Pro	CGG	76.9	
bin_5.filtered	bin_5.filtered_bin_5_NODE_38_length_230023_cov_0.379140	1	83709	83784	Glu	TTC	56.5	
bin_5.filtered	bin_5.filtered_bin_5_NODE_38_length_230023_cov_0.379140	2	83787	83862	Gly	GCC	79.7	
bin_5.filtered	bin_5.filtered_bin_5_NODE_38_length_230023_cov_0.379140	3	164502	164578	Pro	GGG	68.5	
bin_5.filtered	bin_5.filtered_bin_5_NODE_38_length_230023_cov_0.379140	4	51208	51121	Undet	NNN	59.4	
bin_5.filtered	bin_5.filtered_bin_5_NODE_40_length_221817_cov_0.371405	1	113353	113428	Undet	NNN	25.9	pseudo
bin_5.filtered	bin_5.filtered_bin_5_NODE_40_length_221817_cov_0.371405	2	219707	219793	Tyr	GTA	23.2	pseudo
bin_5.filtered	bin_5.filtered_bin_5_NODE_40_length_221817_cov_0.371405	3	130027	129940	Ser	GCT	63.5	
bin_5.filtered	bin_5.filtered_bin_5_NODE_40_length_221817_cov_0.371405	4	129819	129746	Arg	ACG	76.7	
bin_5.filtered	bin_5.filtered_bin_5_NODE_40_length_221817_cov_0.371405	5	129631	129558	Arg	ACG	76.7	
bin_5.filtered	bin_5.filtered_bin_5_NODE_40_length_221817_cov_0.371405	6	60813	60741	Lys	TTT	85.1	
bin_5.filtered	bin_5.filtered_bin_5_NODE_40_length_221817_cov_0.371405	7	33271	33185	Ser	CGA	69.3	
bin_5.filtered	bin_5.filtered_bin_5_NODE_42_length_196862_cov_0.376088	1	121589	121516	Arg	TCT	82.7	
bin_5.filtered	bin_5.filtered_bin_5_NODE_42_length_196862_cov_0.376088	2	121461	121386	His	GTG	73.5	
bin_5.filtered	bin_5.filtered_bin_5_NODE_42_length_196862_cov_0.376088	3	121331	121250	Leu	TAG	67.8	
bin_5.filtered	bin_5.filtered_bin_5_NODE_42_length_196862_cov_0.376088	4	121180	121105	His	GTG	73.5	
bin_5.filtered	bin_5.filtered_bin_5_NODE_42_length_196862_cov_0.376088	5	109826	109753	Asp	GTC	83.8	
bin_5.filtered	bin_5.filtered_bin_5_NODE_55_length_158120_cov_0.378794	1	59347	59274	Gly	CCC	62.3	
bin_5.filtered	bin_5.filtered_bin_5_NODE_56_length_155394_cov_0.381927	1	20966	21041	Phe	GAA	78.8	
bin_5.filtered	bin_5.filtered_bin_5_NODE_56_length_155394_cov_0.381927	2	32153	32231	Undet	NNN	54.5	
bin_5.filtered	bin_5.filtered_bin_5_NODE_69_length_131164_cov_0.376892	1	15700	15794	Sup	TCA	46.0	
bin_5.filtered	bin_5.filtered_bin_5_NODE_69_length_131164_cov_0.376892	2	69754	69839	Leu	GAG	60.4	
bin_5.filtered	bin_5.filtered_bin_5_NODE_69_length_131164_cov_0.376892	3	69930	70007	Met	CAT	49.1	
bin_5.filtered	bin_5.filtered_bin_5_NODE_85_length_106766_cov_0.369825	1	72702	72630	Asn	GTT	76.8	
bin_5.filtered	bin_5.filtered_bin_5_NODE_85_length_106766_cov_0.369825	2	72617	72544	Pro	TGG	76.1	
bin_5.filtered	bin_5.filtered_bin_5_NODE_85_length_106766_cov_0.369825	3	72530	72458	Lys	TTT	85.1	
bin_5.filtered	bin_5.filtered_bin_5_NODE_88_length_102286_cov_0.358792	1	24415	24342	Met	CAT	81.8	
bin_5.filtered	bin_5.filtered_bin_5_NODE_95_length_91726_cov_0.379302 	1	90504	90580	Arg	CCG	78.9	
bin_5.filtered	bin_5.filtered_bin_5_NODE_112_length_74888_cov_0.376369	1	26240	26169	Gln	TTG	55.7	
bin_5.filtered	bin_5.filtered_bin_5_NODE_112_length_74888_cov_0.376369	2	22492	22419	Met	CAT	76.1	
bin_5.filtered	bin_5.filtered_bin_5_NODE_128_length_64636_cov_0.381741	1	7947	8027	Arg	ACG	55.9	
bin_5.filtered	bin_5.filtered_bin_5_NODE_190_length_39272_cov_0.390641	1	14730	14816	Leu	CAA	69.3	
bin_5.filtered	bin_5.filtered_bin_5_NODE_255_length_22186_cov_0.356855	1	13385	13313	Asn	GTT	76.8	
bin_5.filtered	bin_5.filtered_bin_5_NODE_548_length_5649_cov_0.415521 	1	27	102	Trp	CCA	74.1	
bin_9.filtered	bin_9.filtered_bin_9_NODE_4_length_803085_cov_0.518929 	1	484274	484349	Asn	GTT	73.4	
bin_9.filtered	bin_9.filtered_bin_9_NODE_4_length_803085_cov_0.518929 	2	597723	597807	Tyr	GTA	63.5	
bin_9.filtered	bin_9.filtered_bin_9_NODE_4_length_803085_cov_0.518929 	3	597892	597976	Tyr	GTA	63.5	
bin_9.filtered	bin_9.filtered_bin_9_NODE_4_length_803085_cov_0.518929 	4	802910	802837	Asp	GTC	83.8	
bin_9.filtered	bin_9.filtered_bin_9_NODE_4_length_803085_cov_0.518929 	5	277553	277480	Cys	GCA	62.1	
bin_9.filtered	bin_9.filtered_bin_9_NODE_4_length_803085_cov_0.518929 	6	277477	277402	Gly	GCC	74.4	
bin_9.filtered	bin_9.filtered_bin_9_NODE_4_length_803085_cov_0.518929 	7	277337	277254	Leu	TAA	60.0	
bin_9.filtered	bin_9.filtered_bin_9_NODE_4_length_803085_cov_0.518929 	8	277240	277165	Gly	GCC	74.4	
bin_9.filtered	bin_9.filtered_bin_9_NODE_5_length_686960_cov_0.527949 	1	645827	645914	Ser	GGA	62.8	
bin_9.filtered	bin_9.filtered_bin_9_NODE_5_length_686960_cov_0.527949 	2	464653	464580	Val	GAC	78.5	
bin_9.filtered	bin_9.filtered_bin_9_NODE_5_length_686960_cov_0.527949 	3	464555	464482	Val	GAC	75.9	
bin_9.filtered	bin_9.filtered_bin_9_NODE_8_length_452095_cov_0.520630 	1	106630	106706	Met	CAT	79.4	
bin_9.filtered	bin_9.filtered_bin_9_NODE_8_length_452095_cov_0.520630 	2	106735	106820	Leu	CAG	61.1	
bin_9.filtered	bin_9.filtered_bin_9_NODE_8_length_452095_cov_0.520630 	3	106845	106929	Leu	TAG	60.1	
bin_9.filtered	bin_9.filtered_bin_9_NODE_8_length_452095_cov_0.520630 	4	106957	107031	Gln	TTG	57.5	
bin_9.filtered	bin_9.filtered_bin_9_NODE_8_length_452095_cov_0.520630 	5	107109	107185	Met	CAT	78.6	
bin_9.filtered	bin_9.filtered_bin_9_NODE_8_length_452095_cov_0.520630 	6	107209	107294	Leu	CAG	62.8	
bin_9.filtered	bin_9.filtered_bin_9_NODE_8_length_452095_cov_0.520630 	7	107312	107386	Gln	TTG	57.5	
bin_9.filtered	bin_9.filtered_bin_9_NODE_8_length_452095_cov_0.520630 	8	107428	107512	Leu	TAG	60.6	
bin_9.filtered	bin_9.filtered_bin_9_NODE_8_length_452095_cov_0.520630 	9	107539	107613	Gln	TTG	53.6	
bin_9.filtered	bin_9.filtered_bin_9_NODE_8_length_452095_cov_0.520630 	10	107655	107739	Leu	TAG	60.6	
bin_9.filtered	bin_9.filtered_bin_9_NODE_8_length_452095_cov_0.520630 	11	107765	107841	Met	CAT	79.4	
bin_9.filtered	bin_9.filtered_bin_9_NODE_8_length_452095_cov_0.520630 	12	107864	107949	Leu	CAG	62.8	
bin_9.filtered	bin_9.filtered_bin_9_NODE_8_length_452095_cov_0.520630 	13	107967	108041	Gln	TTG	58.5	
bin_9.filtered	bin_9.filtered_bin_9_NODE_8_length_452095_cov_0.520630 	14	108085	108169	Leu	TAG	60.6	
bin_9.filtered	bin_9.filtered_bin_9_NODE_8_length_452095_cov_0.520630 	15	108208	108282	Gln	TTG	57.5	
bin_9.filtered	bin_9.filtered_bin_9_NODE_8_length_452095_cov_0.520630 	16	108324	108408	Leu	TAG	60.6	
bin_9.filtered	bin_9.filtered_bin_9_NODE_8_length_452095_cov_0.520630 	17	451934	451862	Thr	GGT	78.0	
bin_9.filtered	bin_9.filtered_bin_9_NODE_8_length_452095_cov_0.520630 	18	151424	151351	Pro	TGG	76.3	
bin_9.filtered	bin_9.filtered_bin_9_NODE_12_length_355673_cov_0.516990	1	173657	173749	Ser	GCT	74.2	
bin_9.filtered	bin_9.filtered_bin_9_NODE_12_length_355673_cov_0.516990	2	173783	173859	Arg	ACG	68.1	
bin_9.filtered	bin_9.filtered_bin_9_NODE_12_length_355673_cov_0.516990	3	173882	173974	Ser	GCT	76.9	
bin_9.filtered	bin_9.filtered_bin_9_NODE_12_length_355673_cov_0.516990	4	174041	174117	Arg	ACG	77.2	
bin_9.filtered	bin_9.filtered_bin_9_NODE_12_length_355673_cov_0.516990	5	174174	174250	Arg	ACG	77.3	
bin_9.filtered	bin_9.filtered_bin_9_NODE_12_length_355673_cov_0.516990	6	174322	174398	Arg	ACG	77.2	
bin_9.filtered	bin_9.filtered_bin_9_NODE_12_length_355673_cov_0.516990	7	275336	275419	Leu	GAG	57.8	
bin_9.filtered	bin_9.filtered_bin_9_NODE_12_length_355673_cov_0.516990	8	275473	275549	Met	CAT	73.1	
bin_9.filtered	bin_9.filtered_bin_9_NODE_12_length_355673_cov_0.516990	9	142951	142879	Met	CAT	80.4	
bin_9.filtered	bin_9.filtered_bin_9_NODE_12_length_355673_cov_0.516990	10	74569	74497	Phe	GAA	77.9	
bin_9.filtered	bin_9.filtered_bin_9_NODE_12_length_355673_cov_0.516990	11	74445	74373	Thr	TGT	75.6	
bin_9.filtered	bin_9.filtered_bin_9_NODE_12_length_355673_cov_0.516990	12	74359	74287	Phe	GAA	76.2	
bin_9.filtered	bin_9.filtered_bin_9_NODE_12_length_355673_cov_0.516990	13	74246	74174	Asn	GTT	74.5	
bin_9.filtered	bin_9.filtered_bin_9_NODE_12_length_355673_cov_0.516990	14	71874	71802	Phe	GAA	77.9	
bin_9.filtered	bin_9.filtered_bin_9_NODE_12_length_355673_cov_0.516990	15	71757	71685	Thr	TGT	72.6	
bin_9.filtered	bin_9.filtered_bin_9_NODE_12_length_355673_cov_0.516990	16	71666	71594	Asn	GTT	76.0	
bin_9.filtered	bin_9.filtered_bin_9_NODE_12_length_355673_cov_0.516990	17	71562	71490	Thr	TGT	72.6	
bin_9.filtered	bin_9.filtered_bin_9_NODE_12_length_355673_cov_0.516990	18	71472	71400	Asn	GTT	76.0	
bin_9.filtered	bin_9.filtered_bin_9_NODE_17_length_299325_cov_0.521995	1	31005	31078	Cys	GCA	59.4	
bin_9.filtered	bin_9.filtered_bin_9_NODE_17_length_299325_cov_0.521995	2	36114	36200	Leu	TAA	60.0	
bin_9.filtered	bin_9.filtered_bin_9_NODE_17_length_299325_cov_0.521995	3	36225	36298	Cys	GCA	59.4	
bin_9.filtered	bin_9.filtered_bin_9_NODE_17_length_299325_cov_0.521995	4	240986	240912	Gly	TCC	64.0	
bin_9.filtered	bin_9.filtered_bin_9_NODE_19_length_283234_cov_0.520015	1	128496	128572	Arg	TCT	76.4	
bin_9.filtered	bin_9.filtered_bin_9_NODE_19_length_283234_cov_0.520015	2	22641	22568	Pro	GGG	66.7	
bin_9.filtered	bin_9.filtered_bin_9_NODE_19_length_283234_cov_0.520015	3	22400	22313	Ser	TGA	69.6	
bin_9.filtered	bin_9.filtered_bin_9_NODE_32_length_246376_cov_0.518280	1	246376	246317	Undet	NNN	37.6	
bin_9.filtered	bin_9.filtered_bin_9_NODE_32_length_246376_cov_0.518280	2	1943	1862	Leu	CAA	57.0	
bin_9.filtered	bin_9.filtered_bin_9_NODE_67_length_133471_cov_0.640787	1	23746	23821	Glu	TTC	52.9	
bin_9.filtered	bin_9.filtered_bin_9_NODE_67_length_133471_cov_0.640787	2	23841	23915	Lys	TTT	81.6	
bin_9.filtered	bin_9.filtered_bin_9_NODE_67_length_133471_cov_0.640787	3	23946	24021	Val	TAC	79.1	
bin_9.filtered	bin_9.filtered_bin_9_NODE_67_length_133471_cov_0.640787	4	24027	24102	Ala	TGC	70.7	
bin_9.filtered	bin_9.filtered_bin_9_NODE_67_length_133471_cov_0.640787	5	27558	27648	Ser	TGA	69.6	
bin_9.filtered	bin_9.filtered_bin_9_NODE_67_length_133471_cov_0.640787	6	38548	38624	Arg	CCG	83.7	
bin_9.filtered	bin_9.filtered_bin_9_NODE_67_length_133471_cov_0.640787	7	38660	38735	His	GTG	73.7	
bin_9.filtered	bin_9.filtered_bin_9_NODE_67_length_133471_cov_0.640787	8	38797	38873	Pro	TGG	76.3	
bin_9.filtered	bin_9.filtered_bin_9_NODE_94_length_92048_cov_0.523698 	1	17	93	Asp	GTC	83.8	
bin_9.filtered	bin_9.filtered_bin_9_NODE_94_length_92048_cov_0.523698 	2	123	199	Trp	CCA	60.4	
bin_9.filtered	bin_9.filtered_bin_9_NODE_162_length_46484_cov_0.502966	1	26063	26138	Gly	GCC	74.4	
bin_9.filtered	bin_9.filtered_bin_9_NODE_162_length_46484_cov_0.502966	2	26173	26248	Gly	GCC	74.4	
bin_9.filtered	bin_9.filtered_bin_9_NODE_162_length_46484_cov_0.502966	3	26405	26480	Gly	GCC	74.4	
bin_9.filtered	bin_9.filtered_bin_9_NODE_162_length_46484_cov_0.502966	4	26520	26596	Met	CAT	74.4	
bin_9.filtered	bin_9.filtered_bin_9_NODE_162_length_46484_cov_0.502966	5	26631	26706	Gly	GCC	74.4	
bin_9.filtered	bin_9.filtered_bin_9_NODE_162_length_46484_cov_0.502966	6	26893	26969	Met	CAT	72.4	
bin_9.filtered	bin_9.filtered_bin_9_NODE_162_length_46484_cov_0.502966	7	27012	27088	Met	CAT	74.4	
bin_9.filtered	bin_9.filtered_bin_9_NODE_162_length_46484_cov_0.502966	8	27131	27207	Met	CAT	73.7	
bin_9.filtered	bin_9.filtered_bin_9_NODE_511_length_6455_cov_0.548942 	1	138	214	Asp	GTC	83.8	
bin_9.filtered	bin_9.filtered_bin_9_NODE_511_length_6455_cov_0.548942 	2	5607	5682	Thr	TGT	72.6	
bin_9.filtered	bin_9.filtered_bin_9_NODE_511_length_6455_cov_0.548942 	3	5718	5802	Tyr	GTA	63.5	
bin_9.filtered	bin_9.filtered_bin_9_NODE_511_length_6455_cov_0.548942 	4	5838	5912	Gly	TCC	64.0	
bin_9.filtered	bin_9.filtered_bin_9_NODE_511_length_6455_cov_0.548942 	5	5926	6001	Thr	GGT	75.0	
bin_3.filtered	bin_3.filtered_bin_3_NODE_50_length_160826_cov_1.123338 	1	154056	153981	Gly	GCC	75.0	
bin_3.filtered	bin_3.filtered_bin_3_NODE_50_length_160826_cov_1.123338 	2	153889	153816	Cys	GCA	62.7	
bin_3.filtered	bin_3.filtered_bin_3_NODE_50_length_160826_cov_1.123338 	3	153790	153705	Leu	TAA	67.9	
bin_3.filtered	bin_3.filtered_bin_3_NODE_50_length_160826_cov_1.123338 	4	123207	123125	Leu	TAG	61.7	
bin_3.filtered	bin_3.filtered_bin_3_NODE_50_length_160826_cov_1.123338 	5	90058	89985	Ile	GAT	81.7	
bin_3.filtered	bin_3.filtered_bin_3_NODE_50_length_160826_cov_1.123338 	6	89978	89906	Ala	TGC	69.5	
bin_3.filtered	bin_3.filtered_bin_3_NODE_58_length_154193_cov_1.119457 	1	129823	129751	Arg	CCG	74.8	
bin_3.filtered	bin_3.filtered_bin_3_NODE_78_length_115656_cov_1.117194 	1	90652	90728	Val	GAC	75.6	
bin_3.filtered	bin_3.filtered_bin_3_NODE_81_length_109410_cov_1.136244 	1	61095	61169	Val	CAC	58.9	
bin_3.filtered	bin_3.filtered_bin_3_NODE_81_length_109410_cov_1.136244 	2	98823	98907	Leu	CAG	61.8	
bin_3.filtered	bin_3.filtered_bin_3_NODE_81_length_109410_cov_1.136244 	3	76975	76892	Leu	CAA	72.7	
bin_3.filtered	bin_3.filtered_bin_3_NODE_81_length_109410_cov_1.136244 	4	39602	39521	Tyr	GTA	69.2	
bin_3.filtered	bin_3.filtered_bin_3_NODE_81_length_109410_cov_1.136244 	5	39400	39327	Gly	TCC	71.9	
bin_3.filtered	bin_3.filtered_bin_3_NODE_81_length_109410_cov_1.136244 	6	39299	39228	Thr	GGT	79.4	
bin_3.filtered	bin_3.filtered_bin_3_NODE_81_length_109410_cov_1.136244 	7	23798	23726	Thr	CGT	75.1	
bin_3.filtered	bin_3.filtered_bin_3_NODE_100_length_85201_cov_1.139951 	1	13901	13977	Pro	TGG	73.1	
bin_3.filtered	bin_3.filtered_bin_3_NODE_100_length_85201_cov_1.139951 	2	14022	14098	Arg	TCT	76.9	
bin_3.filtered	bin_3.filtered_bin_3_NODE_100_length_85201_cov_1.139951 	3	14150	14225	His	GTG	74.9	
bin_3.filtered	bin_3.filtered_bin_3_NODE_100_length_85201_cov_1.139951 	4	42284	42360	Arg	ACG	76.7	
bin_3.filtered	bin_3.filtered_bin_3_NODE_100_length_85201_cov_1.139951 	5	42422	42497	Phe	GAA	80.1	
bin_3.filtered	bin_3.filtered_bin_3_NODE_119_length_72233_cov_1.149448 	1	3943	3871	Lys	TTT	78.6	
bin_3.filtered	bin_3.filtered_bin_3_NODE_121_length_72107_cov_1.131359 	1	71096	71171	Thr	TGT	77.7	
bin_3.filtered	bin_3.filtered_bin_3_NODE_121_length_72107_cov_1.131359 	2	27631	27559	Met	CAT	80.1	
bin_3.filtered	bin_3.filtered_bin_3_NODE_133_length_62884_cov_1.144321 	1	793	866	Gly	CCC	67.1	
bin_3.filtered	bin_3.filtered_bin_3_NODE_133_length_62884_cov_1.144321 	2	49693	49780	Ser	TGA	76.0	
bin_3.filtered	bin_3.filtered_bin_3_NODE_137_length_60478_cov_1.126564 	1	10324	10252	Arg	CCT	68.9	
bin_3.filtered	bin_3.filtered_bin_3_NODE_144_length_55702_cov_1.112215 	1	16677	16605	Ala	GGC	65.4	
bin_3.filtered	bin_3.filtered_bin_3_NODE_144_length_55702_cov_1.112215 	2	16574	16502	Glu	TTC	57.8	
bin_3.filtered	bin_3.filtered_bin_3_NODE_150_length_51359_cov_1.708907 	1	21645	21556	Ser	GCT	81.1	
bin_3.filtered	bin_3.filtered_bin_3_NODE_165_length_46010_cov_1.134411 	1	18650	18725	Asn	GTT	78.6	
bin_3.filtered	bin_3.filtered_bin_3_NODE_165_length_46010_cov_1.134411 	2	19351	19278	Met	CAT	73.0	
bin_3.filtered	bin_3.filtered_bin_3_NODE_166_length_45730_cov_1.115591 	1	10211	10138	Met	CAT	85.6	
bin_3.filtered	bin_3.filtered_bin_3_NODE_166_length_45730_cov_1.115591 	2	2933	2872	Met	CAT	21.4	pseudo
bin_3.filtered	bin_3.filtered_bin_3_NODE_168_length_45684_cov_1.129952 	1	36140	36216	Pro	CGG	72.3	
bin_3.filtered	bin_3.filtered_bin_3_NODE_175_length_43052_cov_1.252382 	1	18400	18475	Val	TAC	80.2	
bin_3.filtered	bin_3.filtered_bin_3_NODE_175_length_43052_cov_1.252382 	2	18545	18621	Asp	GTC	82.0	
bin_3.filtered	bin_3.filtered_bin_3_NODE_211_length_32563_cov_1.134116 	1	7578	7489	Ser	CGA	63.2	
bin_3.filtered	bin_3.filtered_bin_3_NODE_222_length_28876_cov_1.153539 	1	19446	19365	Leu	GAG	63.2	
bin_3.filtered	bin_3.filtered_bin_3_NODE_265_length_20656_cov_1.149550 	1	12735	12809	Gln	TTG	62.3	
bin_3.filtered	bin_3.filtered_bin_3_NODE_289_length_18049_cov_1.596107 	1	5708	5635	Pro	GGG	71.6	
bin_3.filtered	bin_3.filtered_bin_3_NODE_349_length_12681_cov_1.204936 	1	12516	12444	Trp	CCA	69.3	
bin_3.filtered	bin_3.filtered_bin_3_NODE_729_length_2732_cov_1.244734  	1	1963	1876	Ser	GGA	75.5	
bin_7.filtered	bin_7.filtered_bin_7_NODE_1_length_1221431_cov_0.752208 	1	49825	49910	Leu	TAA	76.8	
bin_7.filtered	bin_7.filtered_bin_7_NODE_1_length_1221431_cov_0.752208 	2	303252	303338	Ser	GGA	81.8	
bin_7.filtered	bin_7.filtered_bin_7_NODE_1_length_1221431_cov_0.752208 	3	368071	368144	Met	CAT	78.3	
bin_7.filtered	bin_7.filtered_bin_7_NODE_1_length_1221431_cov_0.752208 	4	419724	419810	Ser	TGA	68.1	
bin_7.filtered	bin_7.filtered_bin_7_NODE_1_length_1221431_cov_0.752208 	5	452057	452133	Met	CAT	76.1	
bin_7.filtered	bin_7.filtered_bin_7_NODE_1_length_1221431_cov_0.752208 	6	456694	456765	Met	CAT	39.7	
bin_7.filtered	bin_7.filtered_bin_7_NODE_1_length_1221431_cov_0.752208 	7	459412	459477	Leu	CAA	39.4	
bin_7.filtered	bin_7.filtered_bin_7_NODE_1_length_1221431_cov_0.752208 	8	772598	772670	Glu	TTC	59.3	
bin_7.filtered	bin_7.filtered_bin_7_NODE_1_length_1221431_cov_0.752208 	9	990396	990468	Trp	CCA	75.9	
bin_7.filtered	bin_7.filtered_bin_7_NODE_1_length_1221431_cov_0.752208 	10	990975	991048	Asp	GTC	71.6	
bin_7.filtered	bin_7.filtered_bin_7_NODE_1_length_1221431_cov_0.752208 	11	1006014	1006085	Val	CAC	73.5	
bin_7.filtered	bin_7.filtered_bin_7_NODE_1_length_1221431_cov_0.752208 	12	1063557	1063630	Arg	TCT	75.0	
bin_7.filtered	bin_7.filtered_bin_7_NODE_1_length_1221431_cov_0.752208 	13	1118511	1118582	Val	GAC	70.9	
bin_7.filtered	bin_7.filtered_bin_7_NODE_1_length_1221431_cov_0.752208 	14	1218504	1218575	Thr	CGT	77.3	
bin_7.filtered	bin_7.filtered_bin_7_NODE_1_length_1221431_cov_0.752208 	15	1080797	1080727	Gly	TCC	65.5	
bin_7.filtered	bin_7.filtered_bin_7_NODE_1_length_1221431_cov_0.752208 	16	710678	710607	Lys	TTT	73.5	
bin_7.filtered	bin_7.filtered_bin_7_NODE_1_length_1221431_cov_0.752208 	17	545732	545659	Pro	TGG	80.9	
bin_7.filtered	bin_7.filtered_bin_7_NODE_1_length_1221431_cov_0.752208 	18	72608	72535	Pro	GGG	69.7	
bin_7.filtered	bin_7.filtered_bin_7_NODE_14_length_327269_cov_0.766784 	1	40207	40280	Pro	CGG	77.2	
bin_7.filtered	bin_7.filtered_bin_7_NODE_14_length_327269_cov_0.766784 	2	82430	82501	Gln	TTG	56.9	
bin_7.filtered	bin_7.filtered_bin_7_NODE_14_length_327269_cov_0.766784 	3	99566	99639	Arg	CCG	72.5	
bin_7.filtered	bin_7.filtered_bin_7_NODE_14_length_327269_cov_0.766784 	4	115696	115766	Cys	GCA	69.5	
bin_7.filtered	bin_7.filtered_bin_7_NODE_14_length_327269_cov_0.766784 	5	174367	174440	Ile	GAT	79.1	
bin_7.filtered	bin_7.filtered_bin_7_NODE_14_length_327269_cov_0.766784 	6	174450	174522	Ala	TGC	77.5	
bin_7.filtered	bin_7.filtered_bin_7_NODE_14_length_327269_cov_0.766784 	7	313439	313523	Ser	CGA	81.2	
bin_7.filtered	bin_7.filtered_bin_7_NODE_14_length_327269_cov_0.766784 	8	192058	191977	Tyr	GTA	67.2	
bin_7.filtered	bin_7.filtered_bin_7_NODE_14_length_327269_cov_0.766784 	9	191966	191895	Thr	GGT	82.5	
bin_7.filtered	bin_7.filtered_bin_7_NODE_14_length_327269_cov_0.766784 	10	191686	191618	Leu	CAA	28.4	pseudo
bin_7.filtered	bin_7.filtered_bin_7_NODE_14_length_327269_cov_0.766784 	11	156734	156663	Thr	TGT	70.2	
bin_7.filtered	bin_7.filtered_bin_7_NODE_14_length_327269_cov_0.766784 	12	139874	139802	Phe	GAA	75.7	
bin_7.filtered	bin_7.filtered_bin_7_NODE_14_length_327269_cov_0.766784 	13	60155	60067	Ser	GCT	78.4	
bin_7.filtered	bin_7.filtered_bin_7_NODE_14_length_327269_cov_0.766784 	14	7292	7220	Ala	CGC	72.7	
bin_7.filtered	bin_7.filtered_bin_7_NODE_34_length_242776_cov_0.759490 	1	92525	92596	Gly	GCC	77.6	
bin_7.filtered	bin_7.filtered_bin_7_NODE_34_length_242776_cov_0.759490 	2	42373	42300	Gly	CCC	75.1	
bin_7.filtered	bin_7.filtered_bin_7_NODE_39_length_229534_cov_0.757756 	1	55308	55379	Asn	GTT	77.0	
bin_7.filtered	bin_7.filtered_bin_7_NODE_39_length_229534_cov_0.757756 	2	13437	13364	Arg	CCT	80.6	
bin_7.filtered	bin_7.filtered_bin_7_NODE_45_length_185439_cov_0.756268 	1	147502	147583	Leu	CAA	72.0	
bin_7.filtered	bin_7.filtered_bin_7_NODE_45_length_185439_cov_0.756268 	2	154146	154219	His	GTG	61.3	
bin_7.filtered	bin_7.filtered_bin_7_NODE_45_length_185439_cov_0.756268 	3	146014	145931	Leu	CAG	63.1	
bin_7.filtered	bin_7.filtered_bin_7_NODE_45_length_185439_cov_0.756268 	4	87350	87278	Ala	GGC	75.2	
bin_7.filtered	bin_7.filtered_bin_7_NODE_66_length_135360_cov_0.749148 	1	50747	50676	Val	TAC	83.4	
bin_7.filtered	bin_7.filtered_bin_7_NODE_98_length_87135_cov_0.761119  	1	77760	77688	Met	CAT	50.1	
bin_7.filtered	bin_7.filtered_bin_7_NODE_98_length_87135_cov_0.761119  	2	60408	60335	Arg	ACG	77.4	
bin_7.filtered	bin_7.filtered_bin_7_NODE_98_length_87135_cov_0.761119  	3	23982	23901	Leu	TAG	60.0	
bin_7.filtered	bin_7.filtered_bin_7_NODE_134_length_61900_cov_0.743165 	1	36713	36632	Leu	GAG	55.0	
