Nautilia_profundicola_NC_012115.1	scaffold_587	scaffold_2811	scaffold_5	scaffold_0	scaffold_29	scaffold_1887	scaffold_178	scaffold_2302	scaffold_1863	scaffold_2883	scaffold_38
Vibrio_cholerae_CP110188.1	scaffold_18	scaffold_2160	scaffold_13	scaffold_41	scaffold_230	scaffold_51	scaffold_1	scaffold_56	scaffold_86	scaffold_14	scaffold_125	scaffold_1763	scaffold_2671	scaffold_259	scaffold_19	scaffold_1156	scaffold_24	scaffold_128	scaffold_54	scaffold_4	scaffold_9	scaffold_2410	scaffold_1803	scaffold_26	scaffold_152	scaffold_491	scaffold_49	scaffold_2960	scaffold_112	scaffold_1313
Vibrio_cholerae_CP110189.1	scaffold_1518	scaffold_484	scaffold_1762	scaffold_2240	scaffold_18	scaffold_1000	scaffold_1592	scaffold_2193	scaffold_2141	scaffold_41	scaffold_545	scaffold_1875	scaffold_1082	scaffold_380	scaffold_948	scaffold_979	scaffold_1057	scaffold_1405	scaffold_1802	scaffold_2672	scaffold_1	scaffold_713	scaffold_882	scaffold_2644	scaffold_629	scaffold_1349	scaffold_86	scaffold_2130	scaffold_14	scaffold_2970	scaffold_3032	scaffold_3064	scaffold_633	scaffold_2234	scaffold_2515	scaffold_2201	scaffold_2569	scaffold_1669	scaffold_2402	scaffold_1313	scaffold_15	scaffold_1842	scaffold_1433	scaffold_19	scaffold_1597	scaffold_24	scaffold_2625	scaffold_395	scaffold_2410	scaffold_3074	scaffold_873	scaffold_2518	scaffold_834	scaffold_910	scaffold_1303	scaffold_1753	scaffold_1803	scaffold_1123	scaffold_2848	scaffold_26	scaffold_248	scaffold_1292	scaffold_2939	scaffold_2752	scaffold_1888	scaffold_2937	scaffold_49	scaffold_2960	scaffold_3004	scaffold_112	scaffold_2219	scaffold_2867	scaffold_2329	scaffold_879
pseudomonas_phage_pabg_NC_022096.1	scaffold_3
Nitrobacter_winogradskyi_NC_007406.1	scaffold_42	scaffold_247	scaffold_1815	scaffold_3047	scaffold_81	scaffold_2036	scaffold_588	scaffold_311	scaffold_6	scaffold_555	scaffold_264	scaffold_1978	scaffold_840	scaffold_1857	scaffold_384	scaffold_315	scaffold_278	scaffold_413	scaffold_2025	scaffold_575	scaffold_701	scaffold_244	scaffold_328	scaffold_2037	scaffold_398	scaffold_741	scaffold_2696	scaffold_198	scaffold_134	scaffold_204	scaffold_3041	scaffold_225	scaffold_495	scaffold_500	scaffold_1638	scaffold_1312	scaffold_59	scaffold_1436	scaffold_2833	scaffold_296	scaffold_2476	scaffold_16	scaffold_25	scaffold_224	scaffold_31	scaffold_168	scaffold_12	scaffold_254	scaffold_389	scaffold_262	scaffold_378	scaffold_1572	scaffold_534	scaffold_65	scaffold_376	scaffold_3050	scaffold_3062	scaffold_349	scaffold_246	scaffold_175	scaffold_104	scaffold_335	scaffold_375	scaffold_334	scaffold_446	scaffold_103	scaffold_1380	scaffold_252	scaffold_503	scaffold_419	scaffold_1756	scaffold_348	scaffold_2576	scaffold_383	scaffold_309	scaffold_553	scaffold_562	scaffold_179	scaffold_213	scaffold_678	scaffold_844	scaffold_301	scaffold_102	scaffold_455	scaffold_1917	scaffold_156	scaffold_101	scaffold_427	scaffold_359	scaffold_394	scaffold_2946	scaffold_2834	scaffold_114	scaffold_2693	scaffold_106	scaffold_1253	scaffold_119	scaffold_138	scaffold_194	scaffold_2111	scaffold_199	scaffold_1189	scaffold_150	scaffold_623	scaffold_386	scaffold_263	scaffold_171	scaffold_1418	scaffold_1846	scaffold_1954	scaffold_52	scaffold_2398	scaffold_253	scaffold_124	scaffold_1570	scaffold_523	scaffold_716	scaffold_1197	scaffold_1084	scaffold_115	scaffold_721	scaffold_2449	scaffold_2947	scaffold_166	scaffold_490
Arcobacter_nitrofigilis_NC_014166.1	scaffold_10	scaffold_1740	scaffold_193	scaffold_37	scaffold_2253	scaffold_1383	scaffold_62	scaffold_2985	scaffold_8	scaffold_2582	scaffold_2528	scaffold_3061	scaffold_2027	scaffold_1386	scaffold_572	scaffold_2026	scaffold_2309	scaffold_2920	scaffold_36	scaffold_573	scaffold_2987	scaffold_1743	scaffold_2682	scaffold_219	scaffold_53	scaffold_60	scaffold_2923	scaffold_2694	scaffold_567	scaffold_2935	scaffold_1517	scaffold_33	scaffold_93	scaffold_363	scaffold_454	scaffold_47	scaffold_2391	scaffold_2699	scaffold_30	scaffold_77	scaffold_1719	scaffold_909	scaffold_2438	scaffold_27	scaffold_20	scaffold_2224	scaffold_123	scaffold_2988	scaffold_32	scaffold_151	scaffold_169	scaffold_7	scaffold_2003	scaffold_669
Prochlorococcus_marinus_NZ_JAAORD010000001.1	scaffold_71	scaffold_17	scaffold_481
Pseudomonas_aeruginosa_NZ_CP036492.1	scaffold_157	scaffold_113	scaffold_294	scaffold_40	scaffold_172	scaffold_2435	scaffold_401	scaffold_170	scaffold_2843	scaffold_55	scaffold_2152	scaffold_2828	scaffold_870	scaffold_512	scaffold_197	scaffold_132	scaffold_459	scaffold_916	scaffold_1135	scaffold_111	scaffold_70	scaffold_286	scaffold_1068	scaffold_1178	scaffold_2267	scaffold_184	scaffold_1746	scaffold_2630	scaffold_2921	scaffold_279	scaffold_595	scaffold_100	scaffold_2643	scaffold_255	scaffold_215	scaffold_2105	scaffold_87	scaffold_107	scaffold_472	scaffold_79	scaffold_218	scaffold_80	scaffold_1948	scaffold_891	scaffold_322	scaffold_507	scaffold_257	scaffold_57	scaffold_89	scaffold_2530	scaffold_72	scaffold_342	scaffold_2350	scaffold_182	scaffold_78	scaffold_499	scaffold_3087	scaffold_39	scaffold_2896	scaffold_122	scaffold_205	scaffold_187	scaffold_1028	scaffold_2788	scaffold_207	scaffold_97	scaffold_167	scaffold_1877	scaffold_260	scaffold_91	scaffold_751	scaffold_799	scaffold_95	scaffold_385	scaffold_272	scaffold_478	scaffold_852	scaffold_1923	scaffold_242	scaffold_202	scaffold_2294	scaffold_338	scaffold_249	scaffold_139	scaffold_121	scaffold_220	scaffold_76	scaffold_1809	scaffold_341	scaffold_1563	scaffold_67	scaffold_2463	scaffold_1765	scaffold_2221	scaffold_192	scaffold_214	scaffold_99	scaffold_2246	scaffold_2411	scaffold_785	scaffold_227	scaffold_276	scaffold_18	scaffold_1757	scaffold_136	scaffold_285	scaffold_118	scaffold_306	scaffold_1958	scaffold_273	scaffold_105	scaffold_64	scaffold_1013	scaffold_155	scaffold_117	scaffold_2880	scaffold_133	scaffold_159	scaffold_137	scaffold_96	scaffold_196	scaffold_2754	scaffold_206	scaffold_209	scaffold_203	scaffold_116	scaffold_313	scaffold_749	scaffold_2800	scaffold_527	scaffold_969	scaffold_154	scaffold_176	scaffold_1959
Nitrosomonas_europaea_NC_004757.1	scaffold_1994	scaffold_355	scaffold_210	scaffold_802	scaffold_217	scaffold_2066	scaffold_173	scaffold_88	scaffold_409	scaffold_627	scaffold_2604	scaffold_110	scaffold_236	scaffold_2729	scaffold_234	scaffold_144	scaffold_1049	scaffold_492	scaffold_141	scaffold_525	scaffold_314	scaffold_1014	scaffold_370	scaffold_61	scaffold_195	scaffold_2836	scaffold_1921	scaffold_747	scaffold_181	scaffold_222	scaffold_2361	scaffold_126	scaffold_84	scaffold_208	scaffold_283	scaffold_2209	scaffold_955	scaffold_145	scaffold_211	scaffold_174	scaffold_1376	scaffold_146	scaffold_183	scaffold_226	scaffold_147	scaffold_189	scaffold_1986	scaffold_190	scaffold_129	scaffold_316	scaffold_161	scaffold_617	scaffold_2756	scaffold_120	scaffold_74	scaffold_153	scaffold_82	scaffold_143	scaffold_267	scaffold_1739	scaffold_135	scaffold_1535	scaffold_241	scaffold_813	scaffold_1562	scaffold_177	scaffold_269	scaffold_312	scaffold_475	scaffold_23	scaffold_73	scaffold_131	scaffold_21	scaffold_473	scaffold_703	scaffold_831	scaffold_200	scaffold_295	scaffold_320	scaffold_1359	scaffold_149	scaffold_1898	scaffold_445	scaffold_1972	scaffold_83	scaffold_1124	scaffold_1378	scaffold_2636
bacillus_virus_bps13_MW596414.1	scaffold_22
Desulfovibrio_desulfuricans_NZ_CP077745.1	scaffold_127	scaffold_130	scaffold_44	scaffold_45	scaffold_282	scaffold_58	scaffold_229	scaffold_2448	scaffold_94	scaffold_180	scaffold_28	scaffold_268	scaffold_2007	scaffold_474	scaffold_35	scaffold_43	scaffold_90	scaffold_305	scaffold_3038	scaffold_68	scaffold_75	scaffold_201	scaffold_528	scaffold_158	scaffold_233	scaffold_48	scaffold_2566	scaffold_69	scaffold_34	scaffold_162	scaffold_292	scaffold_185
Prochlorococcus_marinus_NZ_JAAORD010000002.1	scaffold_63	scaffold_50	scaffold_66
prochlorococcus_phage_p_ssp10_NC_020835.1	scaffold_140
achromobacter_virus_83_24_NC_028834.1	scaffold_148
corynebacterium_phage_bfk20_NC_009799.3	scaffold_163
archaeal_bj1_virus_NC_008695.1	scaffold_164
streptococcus_phage_tp_778l_NC_022776.1	scaffold_165
Staphylococcus_aureus_NZ_OX344719.1	scaffold_470	scaffold_538	scaffold_332	scaffold_245	scaffold_290	scaffold_336	scaffold_1173	scaffold_235	scaffold_2418	scaffold_483	scaffold_551	scaffold_571	scaffold_677	scaffold_592	scaffold_340	scaffold_464	scaffold_2238	scaffold_388	scaffold_1240	scaffold_456	scaffold_1950	scaffold_271	scaffold_502	scaffold_307	scaffold_2074	scaffold_611	scaffold_1001	scaffold_943	scaffold_656	scaffold_270	scaffold_2062	scaffold_2409	scaffold_601	scaffold_411	scaffold_191	scaffold_2336	scaffold_361	scaffold_1146	scaffold_330	scaffold_1412	scaffold_374	scaffold_807	scaffold_288	scaffold_405	scaffold_1792	scaffold_928	scaffold_2787	scaffold_2711	scaffold_992	scaffold_1325	scaffold_2149	scaffold_717	scaffold_228	scaffold_468	scaffold_364	scaffold_1169	scaffold_310	scaffold_318	scaffold_493	scaffold_238	scaffold_2832	scaffold_521	scaffold_2100	scaffold_321	scaffold_212	scaffold_333	scaffold_1033	scaffold_651	scaffold_509	scaffold_1128	scaffold_2615	scaffold_2012	scaffold_1849	scaffold_400	scaffold_1533	scaffold_438	scaffold_360	scaffold_1858	scaffold_266	scaffold_431	scaffold_2714	scaffold_618	scaffold_258	scaffold_786	scaffold_1194	scaffold_231	scaffold_2106	scaffold_2757	scaffold_414	scaffold_2782	scaffold_284	scaffold_462	scaffold_826	scaffold_323	scaffold_2297	scaffold_1828	scaffold_366	scaffold_240	scaffold_789	scaffold_434	scaffold_1434	scaffold_776	scaffold_1006	scaffold_463	scaffold_1220	scaffold_1431	scaffold_1491	scaffold_356	scaffold_626	scaffold_3065	scaffold_2200	scaffold_1879	scaffold_996	scaffold_319	scaffold_574	scaffold_2796	scaffold_577	scaffold_393	scaffold_1671	scaffold_2588	scaffold_428	scaffold_558	scaffold_563	scaffold_1216	scaffold_391	scaffold_593	scaffold_1559	scaffold_508	scaffold_654	scaffold_426	scaffold_1245	scaffold_344	scaffold_1478	scaffold_1538	scaffold_583	scaffold_2063	scaffold_635	scaffold_417	scaffold_2484	scaffold_2485	scaffold_357	scaffold_673	scaffold_1200	scaffold_2475	scaffold_2513	scaffold_2715	scaffold_1569	scaffold_2614	scaffold_1142	scaffold_643	scaffold_674	scaffold_353	scaffold_2381	scaffold_584	scaffold_280	scaffold_435	scaffold_362	scaffold_2252	scaffold_300	scaffold_447	scaffold_2683	scaffold_432	scaffold_919	scaffold_2519	scaffold_420	scaffold_1212	scaffold_425	scaffold_2539	scaffold_397	scaffold_1116	scaffold_684	scaffold_351	scaffold_1987	scaffold_546	scaffold_368	scaffold_1874	scaffold_458	scaffold_754	scaffold_274	scaffold_835	scaffold_663	scaffold_2161	scaffold_1713	scaffold_324	scaffold_352	scaffold_1469	scaffold_938	scaffold_1795	scaffold_496	scaffold_874	scaffold_437	scaffold_3056	scaffold_457	scaffold_1833	scaffold_886	scaffold_354	scaffold_1395	scaffold_2220	scaffold_667	scaffold_429	scaffold_516	scaffold_2487	scaffold_560	scaffold_2790	scaffold_2083	scaffold_1508	scaffold_345	scaffold_2548	scaffold_2446	scaffold_2318	scaffold_1161	scaffold_1133	scaffold_371	scaffold_550	scaffold_256	scaffold_602	scaffold_2978	scaffold_818	scaffold_732	scaffold_223	scaffold_2203	scaffold_2453	scaffold_522	scaffold_1930	scaffold_433	scaffold_2039	scaffold_501	scaffold_547	scaffold_810	scaffold_906	scaffold_297	scaffold_494	scaffold_2345	scaffold_581	scaffold_369	scaffold_416	scaffold_337	scaffold_2195	scaffold_365	scaffold_570	scaffold_329	scaffold_850	scaffold_415	scaffold_517	scaffold_857	scaffold_2926	scaffold_549	scaffold_1540	scaffold_277	scaffold_343	scaffold_649	scaffold_2229	scaffold_505	scaffold_2498	scaffold_531	scaffold_443	scaffold_440	scaffold_578	scaffold_2792	scaffold_421	scaffold_921	scaffold_302	scaffold_308	scaffold_2112	scaffold_424	scaffold_373	scaffold_1096	scaffold_1012	scaffold_1385	scaffold_239	scaffold_448	scaffold_622	scaffold_2603	scaffold_619	scaffold_3079	scaffold_642	scaffold_387	scaffold_298	scaffold_486	scaffold_1901	scaffold_2561	scaffold_442	scaffold_346	scaffold_2889	scaffold_2949	scaffold_261	scaffold_339	scaffold_899	scaffold_410	scaffold_809	scaffold_396	scaffold_1827	scaffold_1701	scaffold_1174	scaffold_1741	scaffold_598	scaffold_2464	scaffold_412	scaffold_1956	scaffold_2331	scaffold_237	scaffold_3024	scaffold_423	scaffold_358	scaffold_367	scaffold_469	scaffold_1853	scaffold_648	scaffold_561	scaffold_2494	scaffold_3067	scaffold_999	scaffold_2429	scaffold_232	scaffold_2626	scaffold_2749	scaffold_251	scaffold_1074	scaffold_2492	scaffold_403	scaffold_377	scaffold_471	scaffold_453	scaffold_299	scaffold_557	scaffold_1372	scaffold_2888	scaffold_2948	scaffold_591	scaffold_399	scaffold_1165	scaffold_3052	scaffold_597	scaffold_2471	scaffold_526	scaffold_569	scaffold_641	scaffold_603	scaffold_848	scaffold_1653	scaffold_304	scaffold_1761	scaffold_1905	scaffold_2362	scaffold_326	scaffold_610	scaffold_350	scaffold_690	scaffold_842	scaffold_929	scaffold_2808	scaffold_1052	scaffold_465	scaffold_331	scaffold_216	scaffold_287	scaffold_552	scaffold_460	scaffold_1893	scaffold_289	scaffold_1854	scaffold_530	scaffold_2035	scaffold_548	scaffold_407	scaffold_1759	scaffold_2153	scaffold_382	scaffold_1780	scaffold_489	scaffold_390	scaffold_281	scaffold_381	scaffold_1100	scaffold_2137	scaffold_704	scaffold_815	scaffold_477	scaffold_1745	scaffold_406	scaffold_221	scaffold_408	scaffold_1636	scaffold_596	scaffold_2557	scaffold_250	scaffold_1283	scaffold_1772	scaffold_1355	scaffold_392	scaffold_3085	scaffold_2061	scaffold_1134	scaffold_303	scaffold_2163	scaffold_1035	scaffold_3031	scaffold_1233	scaffold_243	scaffold_2254	scaffold_801
methanobacterium_phage_psim2_NC_001902.1	scaffold_275
staphylococcus_phage_dw2_NC_024391.1	scaffold_291	scaffold_482	scaffold_2369	scaffold_510	scaffold_1162
ralstonia_virus_rs603_NC_025454.1	scaffold_422
vibrio_virus_ksf1_NC_006294.1	scaffold_451
