Prochlorococcus_marinus_NZ_JAAORD010000002.1	NODE_1_length_1221431_cov_0.752208	NODE_45_length_185439_cov_0.756268
Nautilia_profundicola_NC_012115.1	NODE_198_length_37543_cov_1.171610	NODE_29_length_251715_cov_1.181697	NODE_2_length_871377_cov_1.172283	NODE_33_length_245352_cov_1.176462	NODE_80_length_110047_cov_1.162155	NODE_62_length_144819_cov_1.304434
Desulfovibrio_desulfuricans_NZ_CP077745.1	NODE_290_length_17843_cov_0.378174	NODE_157_length_47956_cov_0.381603	NODE_3_length_835083_cov_0.372452	NODE_7_length_586102_cov_0.372632	NODE_64_length_140548_cov_0.374736	NODE_31_length_247431_cov_0.373159	NODE_79_length_113601_cov_0.374471	NODE_89_length_101450_cov_0.372499	NODE_129_length_64360_cov_0.365463	NODE_18_length_292112_cov_0.373186	NODE_23_length_265402_cov_0.371105	NODE_41_length_220355_cov_0.372817	NODE_154_length_49090_cov_0.374706	NODE_126_length_65775_cov_0.378880	NODE_254_length_22274_cov_0.374757	NODE_138_length_60339_cov_0.372796	NODE_47_length_179785_cov_0.373169	NODE_123_length_67970_cov_0.373358	NODE_516_length_6344_cov_0.396111	NODE_907_length_1228_cov_0.334237
Vibrio_cholerae_CP110188.1	NODE_8_length_452095_cov_0.520630	NODE_17_length_299325_cov_0.521995	NODE_246_length_23562_cov_0.599633	NODE_511_length_6455_cov_0.548942	NODE_67_length_133471_cov_0.640787	NODE_148_length_53783_cov_0.530021	NODE_5_length_686960_cov_0.527949	NODE_12_length_355673_cov_0.516990	NODE_94_length_92048_cov_0.523698	NODE_162_length_46484_cov_0.502966	NODE_353_length_12378_cov_0.546871	NODE_16_length_301065_cov_0.519522	NODE_276_length_19402_cov_0.531456	NODE_32_length_246376_cov_0.518280	NODE_19_length_283234_cov_0.520015	NODE_136_length_60578_cov_0.534214	NODE_4_length_803085_cov_0.518929
Vibrio_cholerae_CP110189.1	NODE_719_length_2791_cov_0.619476	NODE_909_length_1213_cov_0.462454	NODE_246_length_23562_cov_0.599633	NODE_580_length_4999_cov_0.559246	NODE_418_length_9206_cov_0.524161	NODE_16_length_301065_cov_0.519522	NODE_882_length_1403_cov_0.660686	NODE_19_length_283234_cov_0.520015	NODE_885_length_1363_cov_0.457327	NODE_448_length_8336_cov_0.500183	NODE_582_length_4967_cov_0.808915	NODE_441_length_8600_cov_0.576365	NODE_752_length_2415_cov_0.492589	NODE_530_length_6135_cov_0.498337	NODE_932_length_1051_cov_0.526882	NODE_607_length_4550_cov_0.548657	NODE_487_length_7182_cov_0.662088	NODE_4_length_803085_cov_0.518929	NODE_17_length_299325_cov_0.521995	NODE_67_length_133471_cov_0.640787	NODE_5_length_686960_cov_0.527949	NODE_12_length_355673_cov_0.516990	NODE_806_length_1919_cov_0.478309	NODE_353_length_12378_cov_0.546871	NODE_136_length_60578_cov_0.534214	NODE_814_length_1814_cov_0.701713	NODE_581_length_4973_cov_0.720322	NODE_676_length_3295_cov_0.474795	NODE_796_length_2016_cov_0.687599	NODE_679_length_3272_cov_0.434465
Arcobacter_nitrofigilis_NC_014166.1	NODE_21_length_276589_cov_1.002243	NODE_124_length_67569_cov_0.966048	NODE_6_length_607162_cov_1.000759	NODE_43_length_195756_cov_0.998783	NODE_300_length_16153_cov_0.948353	NODE_643_length_3764_cov_1.696404	NODE_63_length_140564_cov_0.998099	NODE_37_length_237323_cov_1.010459	NODE_490_length_7094_cov_0.981213	NODE_321_length_14272_cov_0.964313	NODE_74_length_120051_cov_0.999416	NODE_61_length_148210_cov_0.989351	NODE_92_length_96868_cov_0.989085	NODE_122_length_69989_cov_1.001989	NODE_22_length_265414_cov_1.057291	NODE_11_length_361162_cov_0.994424	NODE_28_length_252692_cov_0.999568	NODE_72_length_127137_cov_1.001055	NODE_86_length_103162_cov_0.990538	NODE_172_length_44304_cov_1.061381
Pseudomonas_aeruginosa_NZ_CP036492.1	NODE_269_length_20269_cov_0.398104	NODE_155_length_48598_cov_0.382119	NODE_25_length_255405_cov_0.376193	NODE_95_length_91726_cov_0.379302	NODE_174_length_43621_cov_0.372598	NODE_264_length_20675_cov_0.357351	NODE_84_length_107174_cov_0.378037	NODE_141_length_57571_cov_0.366754	NODE_69_length_131164_cov_0.376892	NODE_190_length_39272_cov_0.390641	NODE_56_length_155394_cov_0.381927	NODE_332_length_13400_cov_0.373371	NODE_52_length_158668_cov_0.373555	NODE_686_length_3171_cov_0.294754	NODE_241_length_24148_cov_0.452200	NODE_26_length_254816_cov_0.371048	NODE_30_length_248402_cov_0.382728	NODE_75_length_118110_cov_0.372374	NODE_15_length_326226_cov_0.377035	NODE_38_length_230023_cov_0.379140	NODE_10_length_365935_cov_0.372517	NODE_228_length_27779_cov_0.389074	NODE_88_length_102286_cov_0.358792	NODE_548_length_5649_cov_0.415521	NODE_42_length_196862_cov_0.376088	NODE_20_length_282436_cov_0.371284	NODE_105_length_77953_cov_0.382490	NODE_85_length_106766_cov_0.369825	NODE_40_length_221817_cov_0.371405	NODE_93_length_96155_cov_0.367818	NODE_46_length_182679_cov_0.374051	NODE_77_length_117316_cov_0.377380	NODE_104_length_79505_cov_0.368702	NODE_318_length_14382_cov_0.364140	NODE_319_length_14370_cov_0.378904	NODE_566_length_5233_cov_0.336854	NODE_711_length_2858_cov_0.329558	NODE_12_length_355673_cov_0.516990	NODE_55_length_158120_cov_0.378794	NODE_128_length_64636_cov_0.381741	NODE_13_length_331965_cov_0.372386	NODE_49_length_178911_cov_0.385077	NODE_96_length_91230_cov_0.379205	NODE_114_length_73768_cov_0.381944	NODE_112_length_74888_cov_0.376369	NODE_255_length_22186_cov_0.356855	NODE_215_length_31594_cov_0.381851	NODE_147_length_54084_cov_0.381354	NODE_200_length_35766_cov_0.369926	NODE_59_length_151135_cov_0.376104	NODE_708_length_2878_cov_0.398259	NODE_70_length_130463_cov_0.371515	NODE_9_length_415966_cov_0.375614	NODE_210_length_32623_cov_0.372131	NODE_230_length_26705_cov_0.392416
Prochlorococcus_marinus_NZ_JAAORD010000001.1	NODE_14_length_327269_cov_0.766784
pseudomonas_phage_pabg_NC_022096.1	NODE_24_length_258125_cov_1.041554
Nitrobacter_winogradskyi_NC_007406.1	NODE_83_length_108052_cov_0.658161	NODE_36_length_238022_cov_0.671107	NODE_48_length_179569_cov_0.671348	NODE_425_length_9025_cov_0.655099	NODE_229_length_26894_cov_0.661562	NODE_313_length_14708_cov_0.675327	NODE_169_length_45316_cov_0.671114	NODE_407_length_9461_cov_0.661028	NODE_639_length_3827_cov_0.636805	NODE_57_length_154319_cov_0.655047	NODE_284_length_18217_cov_0.645557	NODE_574_length_5110_cov_0.619363	NODE_97_length_88288_cov_0.655154	NODE_346_length_12801_cov_0.639274	NODE_132_length_63091_cov_0.667032	NODE_271_length_19975_cov_0.659766	NODE_171_length_44491_cov_0.787131	NODE_616_length_4333_cov_0.594255	NODE_329_length_13609_cov_0.667408	NODE_60_length_149231_cov_0.651774	NODE_139_length_60037_cov_0.664981	NODE_130_length_63249_cov_0.755513	NODE_221_length_28929_cov_0.624965	NODE_389_length_10422_cov_0.710125	NODE_27_length_252961_cov_0.642691	NODE_135_length_61072_cov_0.648537	NODE_539_length_5867_cov_0.627915	NODE_247_length_23439_cov_0.645253	NODE_109_length_77276_cov_0.646711	NODE_763_length_2338_cov_0.752819	NODE_486_length_7213_cov_0.655245	NODE_331_length_13408_cov_0.647776	NODE_120_length_72161_cov_0.701916	NODE_156_length_48369_cov_0.640524	NODE_163_length_46347_cov_0.665318	NODE_248_length_23297_cov_0.639153	NODE_635_length_3904_cov_0.656093	NODE_757_length_2384_cov_0.714096	NODE_403_length_9752_cov_0.696086	NODE_131_length_63235_cov_0.653579	NODE_160_length_47222_cov_0.637736	NODE_257_length_21639_cov_1.522307	NODE_219_length_30036_cov_0.639211	NODE_87_length_102450_cov_0.646307	NODE_187_length_40568_cov_0.733429	NODE_287_length_18075_cov_0.634789	NODE_575_length_5073_cov_0.693457	NODE_828_length_1702_cov_0.616698	NODE_140_length_57604_cov_0.665605	NODE_35_length_240584_cov_0.652895	NODE_415_length_9326_cov_0.663118	NODE_181_length_42399_cov_0.636241	NODE_310_length_14793_cov_0.619547	NODE_576_length_5066_cov_0.662487	NODE_860_length_1527_cov_0.531294	NODE_279_length_19196_cov_0.650223	NODE_101_length_84984_cov_0.656399	NODE_681_length_3259_cov_0.558636	NODE_650_length_3686_cov_0.674334	NODE_274_length_19590_cov_0.661205	NODE_278_length_19199_cov_0.663854	NODE_99_length_86068_cov_0.665538	NODE_170_length_44579_cov_0.673445	NODE_312_length_14750_cov_0.656846	NODE_199_length_36887_cov_0.626530	NODE_118_length_72463_cov_0.641052	NODE_146_length_54334_cov_0.676609	NODE_811_length_1822_cov_0.584950	NODE_266_length_20578_cov_1.061544	NODE_843_length_1612_cov_0.522468	NODE_216_length_31224_cov_0.659261	NODE_923_length_1116_cov_0.641206	NODE_282_length_18545_cov_1.327508	NODE_326_length_13938_cov_0.650069	NODE_831_length_1699_cov_1.051965	NODE_341_length_13023_cov_0.615718	NODE_728_length_2733_cov_0.628637
Staphylococcus_aureus_NZ_OX344719.1	NODE_333_length_13317_cov_0.274704	NODE_90_length_101427_cov_0.259728	NODE_591_length_4838_cov_0.214755	NODE_308_length_15216_cov_0.248824	NODE_298_length_16653_cov_0.234031	NODE_637_length_3886_cov_0.255511	NODE_153_length_49222_cov_0.256532	NODE_213_length_32360_cov_0.264524	NODE_111_length_74909_cov_0.249840	NODE_858_length_1532_cov_0.257264	NODE_573_length_5117_cov_0.267214	NODE_71_length_129650_cov_0.256954	NODE_618_length_4263_cov_0.242154	NODE_113_length_74692_cov_0.258210	NODE_451_length_8220_cov_0.241264	NODE_149_length_53555_cov_0.264532	NODE_179_length_42830_cov_0.260741	NODE_164_length_46235_cov_0.246693	NODE_191_length_39011_cov_0.266470	NODE_201_length_35068_cov_0.293845	NODE_280_length_19119_cov_0.259554	NODE_275_length_19509_cov_0.238808	NODE_286_length_18142_cov_0.257255	NODE_292_length_17785_cov_0.253680	NODE_116_length_73068_cov_0.246878	NODE_908_length_1220_cov_0.213831	NODE_268_length_20399_cov_0.295690	NODE_905_length_1231_cov_0.241441	NODE_44_length_186282_cov_0.255381	NODE_231_length_26581_cov_0.259675	NODE_196_length_37592_cov_0.245283	NODE_381_length_10823_cov_0.559522	NODE_158_length_47599_cov_0.258604	NODE_145_length_54614_cov_0.257042	NODE_772_length_2216_cov_0.242482	NODE_115_length_73675_cov_0.282282	NODE_206_length_33425_cov_0.269847	NODE_713_length_2843_cov_1.095885	NODE_159_length_47482_cov_0.264458	NODE_362_length_12001_cov_0.238131	NODE_51_length_159085_cov_0.252240	NODE_173_length_43750_cov_0.261615	NODE_143_length_56620_cov_0.242376	NODE_578_length_5049_cov_0.218953	NODE_365_length_11832_cov_0.275211	NODE_526_length_6183_cov_0.233421	NODE_125_length_65956_cov_0.269416	NODE_82_length_108995_cov_0.253054	NODE_773_length_2214_cov_0.277114	NODE_73_length_121437_cov_0.254006	NODE_272_length_19668_cov_0.245255	NODE_270_length_20074_cov_0.256453	NODE_671_length_3346_cov_0.280310	NODE_106_length_77637_cov_0.262268	NODE_177_length_42980_cov_0.278168	NODE_240_length_24240_cov_0.245118	NODE_931_length_1053_cov_0.295064	NODE_529_length_6143_cov_0.476088	NODE_176_length_43047_cov_0.253529	NODE_567_length_5179_cov_0.254053	NODE_186_length_40938_cov_0.240586	NODE_225_length_28591_cov_0.245030	NODE_696_length_3009_cov_0.280471	NODE_561_length_5335_cov_0.263138	NODE_659_length_3559_cov_0.242292	NODE_534_length_6002_cov_0.277164	NODE_242_length_24004_cov_0.270820	NODE_684_length_3200_cov_0.410198	NODE_243_length_23996_cov_0.244188	NODE_127_length_64640_cov_0.259117	NODE_194_length_38552_cov_0.269496	NODE_195_length_37670_cov_0.253589	NODE_68_length_132434_cov_0.251275	NODE_294_length_17222_cov_0.257412	NODE_102_length_83100_cov_0.261512	NODE_323_length_14184_cov_0.269146	NODE_103_length_82994_cov_0.290155
Nitrosomonas_europaea_NC_004757.1	NODE_613_length_4379_cov_1.245420	NODE_395_length_10042_cov_1.149179	NODE_320_length_14362_cov_1.131943	NODE_729_length_2732_cov_1.244734	NODE_53_length_158395_cov_1.135272	NODE_108_length_77448_cov_1.231446	NODE_65_length_139246_cov_1.330034	NODE_212_length_32402_cov_1.125833	NODE_133_length_62884_cov_1.144321	NODE_649_length_3699_cov_1.176356	NODE_672_length_3339_cov_1.233686	NODE_812_length_1818_cov_11.691220	NODE_211_length_32563_cov_1.134116	NODE_265_length_20656_cov_1.149550	NODE_349_length_12681_cov_1.204936	NODE_737_length_2593_cov_1.171117	NODE_400_length_9909_cov_1.096853	NODE_100_length_85201_cov_1.139951	NODE_81_length_109410_cov_1.136244	NODE_185_length_41256_cov_1.130157	NODE_874_length_1441_cov_1.223485	NODE_137_length_60478_cov_1.126564	NODE_150_length_51359_cov_1.708907	NODE_193_length_38782_cov_1.110240	NODE_166_length_45730_cov_1.115591	NODE_119_length_72233_cov_1.149448	NODE_222_length_28876_cov_1.153539	NODE_192_length_38971_cov_1.117220	NODE_397_length_9998_cov_1.095677	NODE_822_length_1749_cov_1.171376	NODE_78_length_115656_cov_1.117194	NODE_302_length_15818_cov_1.124036	NODE_826_length_1722_cov_0.971268	NODE_252_length_22465_cov_1.127999	NODE_197_length_37570_cov_1.118508	NODE_363_length_11990_cov_1.446626	NODE_309_length_15214_cov_1.080435	NODE_107_length_77459_cov_1.120044	NODE_289_length_18049_cov_1.596107	NODE_144_length_55702_cov_1.112215	NODE_859_length_1527_cov_1.209104	NODE_76_length_117873_cov_1.131599	NODE_202_length_34891_cov_1.120420	NODE_151_length_50662_cov_1.165588	NODE_260_length_21281_cov_1.157372	NODE_352_length_12537_cov_1.115657	NODE_515_length_6346_cov_1.124016	NODE_180_length_42612_cov_1.202819	NODE_408_length_9455_cov_1.083994	NODE_234_length_25731_cov_1.075439	NODE_866_length_1483_cov_1.107930	NODE_121_length_72107_cov_1.131359	NODE_823_length_1747_cov_1.148216	NODE_175_length_43052_cov_1.252382	NODE_91_length_100802_cov_1.113189	NODE_50_length_160826_cov_1.123338	NODE_110_length_76915_cov_1.128122	NODE_165_length_46010_cov_1.134411	NODE_152_length_49841_cov_1.272647	NODE_188_length_39527_cov_1.107268	NODE_513_length_6388_cov_1.064146	NODE_746_length_2488_cov_1.118716	NODE_244_length_23778_cov_1.115146	NODE_168_length_45684_cov_1.129952	NODE_235_length_25389_cov_1.149003	NODE_58_length_154193_cov_1.119457
bacillus_virus_bps13_MW596414.1	NODE_54_length_158289_cov_0.800111
staphylococcus_phage_dw2_NC_024391.1	NODE_115_length_73675_cov_0.282282	NODE_183_length_41931_cov_1.272016	NODE_371_length_11169_cov_0.264301
prochlorococcus_phage_p_ssp10_NC_020835.1	NODE_161_length_47019_cov_4.246151
achromobacter_virus_83_24_NC_028834.1	NODE_167_length_45694_cov_5.344502
corynebacterium_phage_bfk20_NC_009799.3	NODE_178_length_42967_cov_4.109275
archaeal_bj1_virus_NC_008695.1	NODE_182_length_42263_cov_3.484861
streptococcus_phage_tp_778l_NC_022776.1	NODE_184_length_41752_cov_3.907257
methanobacterium_phage_psim2_NC_001902.1	NODE_233_length_26191_cov_7.448830
ralstonia_virus_rs603_NC_025454.1	NODE_469_length_7678_cov_27.727670
vibrio_virus_ksf1_NC_006294.1	NODE_488_length_7106_cov_29.421761
