Nautilia_profundicola	1834919	1.172283
Nautilia_profundicola	251694	1.181697
Nautilia_profundicola	245352	1.176462
Nautilia_profundicola	144819	1.304434
Nautilia_profundicola	110047	1.162155
Nautilia_profundicola	37543	1.171610
Desulfovibrio_desulfuricans	1382530	0.372452
Desulfovibrio_desulfuricans	941680	0.372632
Desulfovibrio_desulfuricans	459659	0.373186
Desulfovibrio_desulfuricans	484170	0.371105
Desulfovibrio_desulfuricans	472927	0.373159
Desulfovibrio_desulfuricans	370599	0.372817
Desulfovibrio_desulfuricans	315880	0.373169
Desulfovibrio_desulfuricans	250493	0.374736
Desulfovibrio_desulfuricans	106433	0.374471
Desulfovibrio_desulfuricans	128497	0.372499
Desulfovibrio_desulfuricans	139513	0.378880
Desulfovibrio_desulfuricans	88385	0.365463
Desulfovibrio_desulfuricans	89938	0.381603
Desulfovibrio_desulfuricans	1228	0.334237
Vibrio_cholerae	1465829	0.518929
Vibrio_cholerae	643182	0.527949
Vibrio_cholerae	447547	0.520630
Vibrio_cholerae	660499	0.516990
Vibrio_cholerae	536113	0.520015
Vibrio_cholerae	246327	0.518280
Vibrio_cholerae	251391	0.640787
Vibrio_cholerae	92048	0.523698
Vibrio_cholerae	120840	0.534214
Vibrio_cholerae	53780	0.530021
Vibrio_cholerae	93341	0.502966
Vibrio_cholerae	38462	0.531456
Vibrio_cholerae	6455	0.548942
Vibrio_cholerae	6606	0.662088
Vibrio_cholerae	6998	0.498337
Vibrio_cholerae	3181	0.474795
Vibrio_cholerae	3069	0.619476
Vibrio_cholerae	1925	0.687599
Vibrio_cholerae	1963	0.701713
Vibrio_cholerae	1826	0.660686
Vibrio_cholerae	1228	0.462454
Vibrio_cholerae	1100	0.526882
Vibrio_cholerae	551	0.576497
Arcobacter_nitrofigilis	607162	1.000759
Arcobacter_nitrofigilis	361152	0.994424
Arcobacter_nitrofigilis	276589	1.002243
Arcobacter_nitrofigilis	265414	1.057291
Arcobacter_nitrofigilis	250603	0.999568
Arcobacter_nitrofigilis	237323	1.010459
Arcobacter_nitrofigilis	195754	0.998783
Arcobacter_nitrofigilis	148200	0.989351
Arcobacter_nitrofigilis	140564	0.998099
Arcobacter_nitrofigilis	127137	1.001055
Arcobacter_nitrofigilis	120051	0.999416
Arcobacter_nitrofigilis	103162	0.990538
Arcobacter_nitrofigilis	96868	0.989085
Arcobacter_nitrofigilis	69989	1.001989
Arcobacter_nitrofigilis	67569	0.966048
Arcobacter_nitrofigilis	44304	1.061381
Arcobacter_nitrofigilis	16153	0.948353
Arcobacter_nitrofigilis	13997	0.964313
Arcobacter_nitrofigilis	7094	0.981213
Arcobacter_nitrofigilis	3764	1.696404
Arcobacter_nitrofigilis	867	1.304290
Arcobacter_nitrofigilis	801	1.007353
Pseudomonas_aeruginosa	820182	0.375614
Pseudomonas_aeruginosa	363140	0.372517
Pseudomonas_aeruginosa	657453	0.372386
Pseudomonas_aeruginosa	634259	0.377035
Pseudomonas_aeruginosa	535529	0.371284
Pseudomonas_aeruginosa	254922	0.376193
Pseudomonas_aeruginosa	248044	0.371048
Pseudomonas_aeruginosa	477025	0.382728
Pseudomonas_aeruginosa	412786	0.379140
Pseudomonas_aeruginosa	416519	0.371405
Pseudomonas_aeruginosa	391263	0.376088
Pseudomonas_aeruginosa	181126	0.374051
Pseudomonas_aeruginosa	178667	0.385077
Pseudomonas_aeruginosa	298916	0.373555
Pseudomonas_aeruginosa	313631	0.378794
Pseudomonas_aeruginosa	155218	0.381927
Pseudomonas_aeruginosa	151123	0.376104
Pseudomonas_aeruginosa	131062	0.376892
Pseudomonas_aeruginosa	129892	0.371515
Pseudomonas_aeruginosa	117803	0.372374
Pseudomonas_aeruginosa	225667	0.377380
Pseudomonas_aeruginosa	215212	0.378037
Pseudomonas_aeruginosa	97963	0.358792
Pseudomonas_aeruginosa	95933	0.367818
Pseudomonas_aeruginosa	90750	0.379302
Pseudomonas_aeruginosa	91134	0.379205
Pseudomonas_aeruginosa	153968	0.368702
Pseudomonas_aeruginosa	77899	0.382490
Pseudomonas_aeruginosa	73207	0.376369
Pseudomonas_aeruginosa	116996	0.381944
Pseudomonas_aeruginosa	64452	0.381741
Pseudomonas_aeruginosa	57571	0.366754
Pseudomonas_aeruginosa	104941	0.381354
Pseudomonas_aeruginosa	71170	0.382119
Pseudomonas_aeruginosa	43531	0.372598
Pseudomonas_aeruginosa	38136	0.390641
Pseudomonas_aeruginosa	56862	0.369926
Pseudomonas_aeruginosa	31960	0.372131
Pseudomonas_aeruginosa	31209	0.381851
Pseudomonas_aeruginosa	27779	0.389074
Pseudomonas_aeruginosa	49002	0.392416
Pseudomonas_aeruginosa	23327	0.452200
Pseudomonas_aeruginosa	39622	0.357351
Pseudomonas_aeruginosa	14382	0.364140
Pseudomonas_aeruginosa	14370	0.378904
Pseudomonas_aeruginosa	13399	0.373371
Pseudomonas_aeruginosa	5260	0.415521
Pseudomonas_aeruginosa	5233	0.336854
Pseudomonas_aeruginosa	3150	0.294754
Pseudomonas_aeruginosa	2878	0.398259
Pseudomonas_aeruginosa	2808	0.329558
Pseudomonas_aeruginosa	894	0.470968
Pseudomonas_aeruginosa	544	0.390071
pseudomonas_phage_pabg	258125	1.041554
Nitrobacter_winogradskyi	252595	0.642691
Nitrobacter_winogradskyi	240584	0.652895
Nitrobacter_winogradskyi	479733	0.671107
Nitrobacter_winogradskyi	179569	0.671348
Nitrobacter_winogradskyi	154319	0.655047
Nitrobacter_winogradskyi	149231	0.651774
Nitrobacter_winogradskyi	108052	0.658161
Nitrobacter_winogradskyi	102450	0.646307
Nitrobacter_winogradskyi	88288	0.655154
Nitrobacter_winogradskyi	85769	0.665538
Nitrobacter_winogradskyi	84974	0.656399
Nitrobacter_winogradskyi	77276	0.646711
Nitrobacter_winogradskyi	72463	0.641052
Nitrobacter_winogradskyi	71746	0.701916
Nitrobacter_winogradskyi	63249	0.755513
Nitrobacter_winogradskyi	63235	0.653579
Nitrobacter_winogradskyi	63091	0.667032
Nitrobacter_winogradskyi	61072	0.648537
Nitrobacter_winogradskyi	60037	0.664981
Nitrobacter_winogradskyi	57604	0.665605
Nitrobacter_winogradskyi	54334	0.676609
Nitrobacter_winogradskyi	48369	0.640524
Nitrobacter_winogradskyi	47222	0.637736
Nitrobacter_winogradskyi	46347	0.665318
Nitrobacter_winogradskyi	45311	0.671114
Nitrobacter_winogradskyi	44579	0.673445
Nitrobacter_winogradskyi	44345	0.787131
Nitrobacter_winogradskyi	41927	0.636241
Nitrobacter_winogradskyi	40568	0.733429
Nitrobacter_winogradskyi	36887	0.626530
Nitrobacter_winogradskyi	31224	0.659261
Nitrobacter_winogradskyi	29835	0.639211
Nitrobacter_winogradskyi	28929	0.624965
Nitrobacter_winogradskyi	26894	0.661562
Nitrobacter_winogradskyi	23125	0.645253
Nitrobacter_winogradskyi	23297	0.639153
Nitrobacter_winogradskyi	21639	1.522307
Nitrobacter_winogradskyi	20578	1.061544
Nitrobacter_winogradskyi	19975	0.659766
Nitrobacter_winogradskyi	19580	0.661205
Nitrobacter_winogradskyi	19199	0.663854
Nitrobacter_winogradskyi	19196	0.650223
Nitrobacter_winogradskyi	18545	1.327508
Nitrobacter_winogradskyi	18217	0.645557
Nitrobacter_winogradskyi	18075	0.634789
Nitrobacter_winogradskyi	14500	0.619547
Nitrobacter_winogradskyi	14750	0.656846
Nitrobacter_winogradskyi	14476	0.675327
Nitrobacter_winogradskyi	13938	0.650069
Nitrobacter_winogradskyi	13609	0.667408
Nitrobacter_winogradskyi	13408	0.647776
Nitrobacter_winogradskyi	13023	0.615718
Nitrobacter_winogradskyi	12801	0.639274
Nitrobacter_winogradskyi	10416	0.710125
Nitrobacter_winogradskyi	9742	0.696086
Nitrobacter_winogradskyi	9457	0.661028
Nitrobacter_winogradskyi	9326	0.663118
Nitrobacter_winogradskyi	9025	0.655099
Nitrobacter_winogradskyi	7213	0.655245
Nitrobacter_winogradskyi	5867	0.627915
Nitrobacter_winogradskyi	5110	0.619363
Nitrobacter_winogradskyi	5073	0.693457
Nitrobacter_winogradskyi	5066	0.662487
Nitrobacter_winogradskyi	4333	0.594255
Nitrobacter_winogradskyi	3904	0.656093
Nitrobacter_winogradskyi	3827	0.636805
Nitrobacter_winogradskyi	3686	0.674334
Nitrobacter_winogradskyi	3259	0.558636
Nitrobacter_winogradskyi	2733	0.628637
Nitrobacter_winogradskyi	2384	0.714096
Nitrobacter_winogradskyi	2338	0.752819
Nitrobacter_winogradskyi	1822	0.584950
Nitrobacter_winogradskyi	1702	0.616698
Nitrobacter_winogradskyi	1699	1.051965
Nitrobacter_winogradskyi	1612	0.522468
Nitrobacter_winogradskyi	1527	0.531294
Nitrobacter_winogradskyi	1116	0.641206
Nitrobacter_winogradskyi	745	0.737179
Nitrobacter_winogradskyi	558	0.775744
Staphylococcus_aureus	339063	0.255381
Staphylococcus_aureus	317315	0.252240
Staphylococcus_aureus	132434	0.251275
Staphylococcus_aureus	129640	0.256954
Staphylococcus_aureus	100838	0.253054
Staphylococcus_aureus	101170	0.259728
Staphylococcus_aureus	81964	0.261512
Staphylococcus_aureus	114736	0.290155
Staphylococcus_aureus	77492	0.262268
Staphylococcus_aureus	74595	0.249840
Staphylococcus_aureus	74682	0.258210
Staphylococcus_aureus	80381	0.282282
Staphylococcus_aureus	72960	0.246878
Staphylococcus_aureus	124396	0.269416
Staphylococcus_aureus	133794	0.259117
Staphylococcus_aureus	56475	0.242376
Staphylococcus_aureus	53535	0.264532
Staphylococcus_aureus	49077	0.256532
Staphylococcus_aureus	47589	0.258604
Staphylococcus_aureus	47469	0.264458
Staphylococcus_aureus	43652	0.261615
Staphylococcus_aureus	83416	0.253529
Staphylococcus_aureus	42980	0.278168
Staphylococcus_aureus	42615	0.260741
Staphylococcus_aureus	64744	0.240586
Staphylococcus_aureus	78401	0.266470
Staphylococcus_aureus	80518	0.269496
Staphylococcus_aureus	37572	0.253589
Staphylococcus_aureus	37582	0.245283
Staphylococcus_aureus	34353	0.293845
Staphylococcus_aureus	33344	0.269847
Staphylococcus_aureus	32354	0.264524
Staphylococcus_aureus	47052	0.259675
Staphylococcus_aureus	24240	0.245118
Staphylococcus_aureus	22620	0.270820
Staphylococcus_aureus	23996	0.244188
Staphylococcus_aureus	20316	0.295690
Staphylococcus_aureus	20074	0.256453
Staphylococcus_aureus	19668	0.245255
Staphylococcus_aureus	19436	0.238808
Staphylococcus_aureus	19119	0.259554
Staphylococcus_aureus	18117	0.257255
Staphylococcus_aureus	17785	0.253680
Staphylococcus_aureus	16992	0.257412
Staphylococcus_aureus	16653	0.234031
Staphylococcus_aureus	15203	0.248824
Staphylococcus_aureus	13254	0.274704
Staphylococcus_aureus	11832	0.275211
Staphylococcus_aureus	10718	0.559522
Staphylococcus_aureus	8220	0.241264
Staphylococcus_aureus	5921	0.233421
Staphylococcus_aureus	5946	0.277164
Staphylococcus_aureus	5179	0.254053
Staphylococcus_aureus	5111	0.267214
Staphylococcus_aureus	4963	0.218953
Staphylococcus_aureus	4263	0.242154
Staphylococcus_aureus	4244	0.410198
Staphylococcus_aureus	2214	0.277114
Staphylococcus_aureus	1053	0.295064
Staphylococcus_aureus	666	0.155963
Staphylococcus_aureus	602	0.253638
Nitrosomonas_europaea	160826	1.123338
Nitrosomonas_europaea	158395	1.135272
Nitrosomonas_europaea	154193	1.119457
Nitrosomonas_europaea	138832	1.330034
Nitrosomonas_europaea	117714	1.131599
Nitrosomonas_europaea	115656	1.117194
Nitrosomonas_europaea	109410	1.136244
Nitrosomonas_europaea	100580	1.113189
Nitrosomonas_europaea	85201	1.139951
Nitrosomonas_europaea	77115	1.120044
Nitrosomonas_europaea	157718	1.231446
Nitrosomonas_europaea	76915	1.128122
Nitrosomonas_europaea	71964	1.149448
Nitrosomonas_europaea	72107	1.131359
Nitrosomonas_europaea	62884	1.144321
Nitrosomonas_europaea	60478	1.126564
Nitrosomonas_europaea	55702	1.112215
Nitrosomonas_europaea	51359	1.708907
Nitrosomonas_europaea	50662	1.165588
Nitrosomonas_europaea	49841	1.272647
Nitrosomonas_europaea	46010	1.134411
Nitrosomonas_europaea	45730	1.115591
Nitrosomonas_europaea	45684	1.129952
Nitrosomonas_europaea	43052	1.252382
Nitrosomonas_europaea	42612	1.202819
Nitrosomonas_europaea	41256	1.130157
Nitrosomonas_europaea	39263	1.107268
Nitrosomonas_europaea	38971	1.117220
Nitrosomonas_europaea	38782	1.110240
Nitrosomonas_europaea	77856	1.118508
Nitrosomonas_europaea	34891	1.120420
Nitrosomonas_europaea	32563	1.134116
Nitrosomonas_europaea	32402	1.125833
Nitrosomonas_europaea	28876	1.153539
Nitrosomonas_europaea	25635	1.075439
Nitrosomonas_europaea	25389	1.149003
Nitrosomonas_europaea	23639	1.115146
Nitrosomonas_europaea	22465	1.127999
Nitrosomonas_europaea	21281	1.157372
Nitrosomonas_europaea	20656	1.149550
Nitrosomonas_europaea	18039	1.596107
Nitrosomonas_europaea	15818	1.124036
Nitrosomonas_europaea	15214	1.080435
Nitrosomonas_europaea	14362	1.131943
Nitrosomonas_europaea	12677	1.204936
Nitrosomonas_europaea	12537	1.115657
Nitrosomonas_europaea	11990	1.446626
Nitrosomonas_europaea	9781	1.149179
Nitrosomonas_europaea	9998	1.095677
Nitrosomonas_europaea	9909	1.096853
Nitrosomonas_europaea	9455	1.083994
Nitrosomonas_europaea	6388	1.064146
Nitrosomonas_europaea	6346	1.124016
Nitrosomonas_europaea	4379	1.245420
Nitrosomonas_europaea	3699	1.176356
Nitrosomonas_europaea	3339	1.233686
Nitrosomonas_europaea	2732	1.244734
Nitrosomonas_europaea	2593	1.171117
Nitrosomonas_europaea	2488	1.118716
Nitrosomonas_europaea	3636	11.691220
Nitrosomonas_europaea	1749	1.171376
Nitrosomonas_europaea	1747	1.148216
Nitrosomonas_europaea	1722	0.971268
Nitrosomonas_europaea	1527	1.209104
Nitrosomonas_europaea	1483	1.107930
Nitrosomonas_europaea	1441	1.223485
Nitrosomonas_europaea	993	1.146789
Nitrosomonas_europaea	671	1.172727
bacillus_virus_bps13	303121	0.800111
staphylococcus_phage_dw2	41931	1.272016
prochlorococcus_phage_p_ssp10	47019	4.246151
achromobacter_virus_83_24	45694	5.344502
corynebacterium_phage_bfk20	42967	4.109275
archaeal_bj1_virus	42263	3.484861
streptococcus_phage_tp_778l	41752	3.907257
methanobacterium_phage_psim2	26191	7.448830
ralstonia_virus_rs603	7678	27.727670
vibrio_virus_ksf1	7106	29.421761
