S1	E1	S2	E2	Reference	Contig	IDY	Ambiguous	Best_group
3278010	3280233	14190	16413	Desulfovibrio_desulfuricans_NZ_CP077745.1	scaffold_28	95.77		True
local misassembly
3280532	3281415	16717	17600	Desulfovibrio_desulfuricans_NZ_CP077745.1	scaffold_28	95.48		True
local misassembly
3285663	3285819	21797	21953	Desulfovibrio_desulfuricans_NZ_CP077745.1	scaffold_28	96.82		True
indel: stretch of mismatches
3285881	3287728	22015	23862	Desulfovibrio_desulfuricans_NZ_CP077745.1	scaffold_28	95.78		True
indel: indel (<= 5bp)
3287757	3291658	23893	27794	Desulfovibrio_desulfuricans_NZ_CP077745.1	scaffold_28	95.52		True
indel: indel (<= 5bp)
3291671	3293062	27808	29199	Desulfovibrio_desulfuricans_NZ_CP077745.1	scaffold_28	95.04		True
indel: indel (> 5bp)
3293063	3294247	29224	30408	Desulfovibrio_desulfuricans_NZ_CP077745.1	scaffold_28	95.02		True
local misassembly
3294365	3335984	30628	72244	Desulfovibrio_desulfuricans_NZ_CP077745.1	scaffold_28	95.96		True
local misassembly
3336491	3336564	72709	72782	Desulfovibrio_desulfuricans_NZ_CP077745.1	scaffold_28	97.3		True
local misassembly
3336695	3339662	72902	75869	Desulfovibrio_desulfuricans_NZ_CP077745.1	scaffold_28	96.77		True
local misassembly
3339817	3359713	76041	95930	Desulfovibrio_desulfuricans_NZ_CP077745.1	scaffold_28	95.63		True
local misassembly
3360323	3374998	96531	111201	Desulfovibrio_desulfuricans_NZ_CP077745.1	scaffold_28	96.2		True
local misassembly
3375022	3381791	111406	118175	Desulfovibrio_desulfuricans_NZ_CP077745.1	scaffold_28	95.35		True
local misassembly
3381891	3385503	118380	121990	Desulfovibrio_desulfuricans_NZ_CP077745.1	scaffold_28	95.77		True
relocation, inconsistency = 3036
3388668	3397007	122119	130443	Desulfovibrio_desulfuricans_NZ_CP077745.1	scaffold_28	95.0		True
local misassembly
3397060	3401021	130647	134622	Desulfovibrio_desulfuricans_NZ_CP077745.1	scaffold_28	96.1		True
fake: not a misassembly [linear representation of circular genome]
1	142	134623	134764	Desulfovibrio_desulfuricans_NZ_CP077745.1	scaffold_28	99.3		True
indel: indel (<= 5bp)
143	2386	134766	137009	Desulfovibrio_desulfuricans_NZ_CP077745.1	scaffold_28	97.86		True
local misassembly
2500	4569	137113	139182	Desulfovibrio_desulfuricans_NZ_CP077745.1	scaffold_28	96.67		True
indel: indel (> 5bp)
4600	5014	139183	139597	Desulfovibrio_desulfuricans_NZ_CP077745.1	scaffold_28	95.18		True
local misassembly
5175	5489	139833	140147	Desulfovibrio_desulfuricans_NZ_CP077745.1	scaffold_28	95.87		True
local misassembly
5623	8031	140148	142556	Desulfovibrio_desulfuricans_NZ_CP077745.1	scaffold_28	95.48		True
indel: indel (<= 5bp)
8107	10125	142633	144651	Desulfovibrio_desulfuricans_NZ_CP077745.1	scaffold_28	96.29		True
local misassembly
15371	18379	149923	152931	Desulfovibrio_desulfuricans_NZ_CP077745.1	scaffold_28	95.01		True
indel: indel (<= 5bp)
18381	18451	152932	153002	Desulfovibrio_desulfuricans_NZ_CP077745.1	scaffold_28	97.18		True
indel: indel (> 5bp)
18541	21381	153080	155920	Desulfovibrio_desulfuricans_NZ_CP077745.1	scaffold_28	96.69		True
indel: indel (<= 5bp)
21383	22694	155921	157232	Desulfovibrio_desulfuricans_NZ_CP077745.1	scaffold_28	97.48		True
indel: indel (<= 5bp)
22695	23130	157234	157669	Desulfovibrio_desulfuricans_NZ_CP077745.1	scaffold_28	95.18		True
local misassembly
23367	25005	157909	159547	Desulfovibrio_desulfuricans_NZ_CP077745.1	scaffold_28	97.38		True
local misassembly
25109	25835	159651	160377	Desulfovibrio_desulfuricans_NZ_CP077745.1	scaffold_28	96.15		True
indel: stretch of mismatches
25851	28145	160393	162687	Desulfovibrio_desulfuricans_NZ_CP077745.1	scaffold_28	98.08		True
local misassembly
29393	29947	163938	164492	Desulfovibrio_desulfuricans_NZ_CP077745.1	scaffold_28	95.32		True
indel: stretch of mismatches
29951	30440	164496	164985	Desulfovibrio_desulfuricans_NZ_CP077745.1	scaffold_28	97.35		True
local misassembly
30694	31986	165220	166512	Desulfovibrio_desulfuricans_NZ_CP077745.1	scaffold_28	96.44		True
local misassembly
32091	33955	166605	168469	Desulfovibrio_desulfuricans_NZ_CP077745.1	scaffold_28	95.5		True
indel: indel (> 5bp)
34035	34518	168521	169004	Desulfovibrio_desulfuricans_NZ_CP077745.1	scaffold_28	96.49		True
indel: stretch of mismatches
34524	37602	169010	172088	Desulfovibrio_desulfuricans_NZ_CP077745.1	scaffold_28	96.88		True
indel: stretch of mismatches
37617	38901	172103	173387	Desulfovibrio_desulfuricans_NZ_CP077745.1	scaffold_28	96.65		True
indel: stretch of mismatches
38906	42104	173392	176590	Desulfovibrio_desulfuricans_NZ_CP077745.1	scaffold_28	96.22		True
local misassembly
42235	43940	176719	178424	Desulfovibrio_desulfuricans_NZ_CP077745.1	scaffold_28	96.19		True
local misassembly
46939	50701	181411	185173	Desulfovibrio_desulfuricans_NZ_CP077745.1	scaffold_28	95.8		True
local misassembly
50770	52134	185279	186643	Desulfovibrio_desulfuricans_NZ_CP077745.1	scaffold_28	95.16		True
local misassembly
53056	54441	187566	188951	Desulfovibrio_desulfuricans_NZ_CP077745.1	scaffold_28	96.1		True
local misassembly
54667	56107	189179	190619	Desulfovibrio_desulfuricans_NZ_CP077745.1	scaffold_28	95.49		True
local misassembly
59095	60302	193425	194632	Desulfovibrio_desulfuricans_NZ_CP077745.1	scaffold_28	97.27		True
local misassembly
60411	68148	194637	202375	Desulfovibrio_desulfuricans_NZ_CP077745.1	scaffold_28	95.83		True
local misassembly
68207	71987	202605	206382	Desulfovibrio_desulfuricans_NZ_CP077745.1	scaffold_28	96.38		True
local misassembly
72231	75615	206383	209780	Desulfovibrio_desulfuricans_NZ_CP077745.1	scaffold_28	95.27		True
relocation, inconsistency = 1673
77562	87674	210054	220181	Desulfovibrio_desulfuricans_NZ_CP077745.1	scaffold_28	96.23		True
relocation, inconsistency = -1385
87704	106895	221596	240785	Desulfovibrio_desulfuricans_NZ_CP077745.1	scaffold_28	96.75		True
local misassembly
106955	127875	240939	261833	Desulfovibrio_desulfuricans_NZ_CP077745.1	scaffold_28	95.9		True
CONTIG	scaffold_28	261833	misassembled
3044870	3074178	4578	33878	Desulfovibrio_desulfuricans_NZ_CP077745.1	scaffold_34	96.27		True
local misassembly
3074360	3124787	33879	84241	Desulfovibrio_desulfuricans_NZ_CP077745.1	scaffold_34	96.68		True
local misassembly
3124943	3134919	84248	94223	Desulfovibrio_desulfuricans_NZ_CP077745.1	scaffold_34	96.24		True
local misassembly
3135115	3135992	94224	95101	Desulfovibrio_desulfuricans_NZ_CP077745.1	scaffold_34	96.01		True
indel: indel (<= 5bp)
3135994	3137069	95102	96177	Desulfovibrio_desulfuricans_NZ_CP077745.1	scaffold_34	95.91		True
indel: indel (<= 5bp)
3137070	3140630	96183	99743	Desulfovibrio_desulfuricans_NZ_CP077745.1	scaffold_34	95.17		True
local misassembly
3141136	3143508	100247	102619	Desulfovibrio_desulfuricans_NZ_CP077745.1	scaffold_34	95.62		True
indel: indel (> 5bp)
3143562	3144195	102694	103327	Desulfovibrio_desulfuricans_NZ_CP077745.1	scaffold_34	96.06		True
relocation, inconsistency = -15024
3144331	3188128	118487	162324	Desulfovibrio_desulfuricans_NZ_CP077745.1	scaffold_34	95.01		True
relocation, inconsistency = 1489257
1602017	1654342	215384	163056	Desulfovibrio_desulfuricans_NZ_CP077745.1	scaffold_34	95.58		True
local misassembly
1600041	1601674	217018	215385	Desulfovibrio_desulfuricans_NZ_CP077745.1	scaffold_34	96.05		True
local misassembly
1592540	1594924	224540	222156	Desulfovibrio_desulfuricans_NZ_CP077745.1	scaffold_34	95.14		True
local misassembly
1590944	1591497	225942	225389	Desulfovibrio_desulfuricans_NZ_CP077745.1	scaffold_34	96.93		True
indel: indel (> 5bp)
1590266	1590925	226602	225943	Desulfovibrio_desulfuricans_NZ_CP077745.1	scaffold_34	95.45		True
indel: indel (<= 5bp)
1584623	1590263	232243	226603	Desulfovibrio_desulfuricans_NZ_CP077745.1	scaffold_34	95.64		True
local misassembly
1578359	1581456	238538	235441	Desulfovibrio_desulfuricans_NZ_CP077745.1	scaffold_34	96.35		True
indel: indel (<= 5bp)
1578108	1578358	238790	238540	Desulfovibrio_desulfuricans_NZ_CP077745.1	scaffold_34	96.81		True
local misassembly
1571362	1576600	245513	240275	Desulfovibrio_desulfuricans_NZ_CP077745.1	scaffold_34	95.61		True
local misassembly
1566239	1567015	250637	249861	Desulfovibrio_desulfuricans_NZ_CP077745.1	scaffold_34	96.91		True
indel: indel (<= 5bp)
1565284	1566221	251590	250653	Desulfovibrio_desulfuricans_NZ_CP077745.1	scaffold_34	96.91		True
indel: indel (> 5bp)
1564805	1565271	252057	251591	Desulfovibrio_desulfuricans_NZ_CP077745.1	scaffold_34	98.29		True
indel: indel (<= 5bp)
1563986	1564803	252875	252058	Desulfovibrio_desulfuricans_NZ_CP077745.1	scaffold_34	95.6		True
indel: indel (<= 5bp)
1563883	1563985	252979	252877	Desulfovibrio_desulfuricans_NZ_CP077745.1	scaffold_34	95.15		True
indel: indel (<= 5bp)
1559815	1563877	257042	252980	Desulfovibrio_desulfuricans_NZ_CP077745.1	scaffold_34	97.39		True
indel: indel (<= 5bp)
1559640	1559814	257219	257045	Desulfovibrio_desulfuricans_NZ_CP077745.1	scaffold_34	98.29		True
local misassembly
1557602	1559429	259206	257379	Desulfovibrio_desulfuricans_NZ_CP077745.1	scaffold_34	96.55		True
local misassembly
1555645	1557460	261153	259338	Desulfovibrio_desulfuricans_NZ_CP077745.1	scaffold_34	97.47		True
indel: indel (<= 5bp)
1553533	1555643	263264	261154	Desulfovibrio_desulfuricans_NZ_CP077745.1	scaffold_34	95.5		True
indel: indel (<= 5bp)
1551672	1553532	265126	263266	Desulfovibrio_desulfuricans_NZ_CP077745.1	scaffold_34	95.86		True
indel: stretch of mismatches
1551376	1551664	265422	265134	Desulfovibrio_desulfuricans_NZ_CP077745.1	scaffold_34	95.16		True
local misassembly
1550522	1550724	266373	266171	Desulfovibrio_desulfuricans_NZ_CP077745.1	scaffold_34	95.57		True
indel: indel (> 5bp)
1548434	1550511	268493	266416	Desulfovibrio_desulfuricans_NZ_CP077745.1	scaffold_34	97.21		True
indel: indel (<= 5bp)
1546716	1548432	270210	268494	Desulfovibrio_desulfuricans_NZ_CP077745.1	scaffold_34	96.33		True
local misassembly
1541710	1546564	275218	270364	Desulfovibrio_desulfuricans_NZ_CP077745.1	scaffold_34	95.24		True
local misassembly
1539651	1541359	277276	275568	Desulfovibrio_desulfuricans_NZ_CP077745.1	scaffold_34	96.2		True
indel: indel (<= 5bp)
1537963	1539649	278963	277277	Desulfovibrio_desulfuricans_NZ_CP077745.1	scaffold_34	96.27		True
relocation, inconsistency = 1529
1505887	1535835	309542	279562	Desulfovibrio_desulfuricans_NZ_CP077745.1	scaffold_34	95.56		True
local misassembly
1491219	1505416	324226	310010	Desulfovibrio_desulfuricans_NZ_CP077745.1	scaffold_34	95.79		True
local misassembly
1490876	1490997	324384	324263	Desulfovibrio_desulfuricans_NZ_CP077745.1	scaffold_34	95.08		True
CONTIG	scaffold_34	325683	misassembled
583486	606161	1	22679	Desulfovibrio_desulfuricans_NZ_CP077745.1	scaffold_35	96.19		True
local misassembly
606571	609743	22682	25854	Desulfovibrio_desulfuricans_NZ_CP077745.1	scaffold_35	98.39		True
local misassembly
613922	642552	29863	58494	Desulfovibrio_desulfuricans_NZ_CP077745.1	scaffold_35	95.93		True
local misassembly
643086	651852	58654	67423	Desulfovibrio_desulfuricans_NZ_CP077745.1	scaffold_35	95.9		True
local misassembly
652311	734341	68251	150310	Desulfovibrio_desulfuricans_NZ_CP077745.1	scaffold_35	95.12		True
local misassembly
734778	779404	150369	195030	Desulfovibrio_desulfuricans_NZ_CP077745.1	scaffold_35	95.86		True
local misassembly
780558	791575	196468	207484	Desulfovibrio_desulfuricans_NZ_CP077745.1	scaffold_35	96.55		True
local misassembly
791818	792503	207485	208170	Desulfovibrio_desulfuricans_NZ_CP077745.1	scaffold_35	95.48		True
indel: indel (<= 5bp)
792504	792660	208172	208328	Desulfovibrio_desulfuricans_NZ_CP077745.1	scaffold_35	98.09		True
indel: indel (> 5bp)
792667	794549	208347	210229	Desulfovibrio_desulfuricans_NZ_CP077745.1	scaffold_35	95.65		True
indel: stretch of mismatches
794569	795794	210249	211474	Desulfovibrio_desulfuricans_NZ_CP077745.1	scaffold_35	95.6		True
local misassembly
798173	799893	214102	215822	Desulfovibrio_desulfuricans_NZ_CP077745.1	scaffold_35	95.18		True
local misassembly
800986	801201	217125	217340	Desulfovibrio_desulfuricans_NZ_CP077745.1	scaffold_35	96.3		True
local misassembly
801798	804180	217940	220322	Desulfovibrio_desulfuricans_NZ_CP077745.1	scaffold_35	95.43		True
local misassembly
805666	806476	221808	222618	Desulfovibrio_desulfuricans_NZ_CP077745.1	scaffold_35	95.44		True
local misassembly
806598	807631	222742	223775	Desulfovibrio_desulfuricans_NZ_CP077745.1	scaffold_35	96.03		True
indel: indel (<= 5bp)
807633	808175	223776	224318	Desulfovibrio_desulfuricans_NZ_CP077745.1	scaffold_35	96.32		True
relocation, inconsistency = -3615
808169	826404	227927	246163	Desulfovibrio_desulfuricans_NZ_CP077745.1	scaffold_35	95.42		True
CONTIG	scaffold_35	246163	misassembled
1014552	1015663	5239	4128	Desulfovibrio_desulfuricans_NZ_CP077745.1	scaffold_43	96.04		True
indel: indel (<= 5bp)
1014347	1014477	5442	5312	Desulfovibrio_desulfuricans_NZ_CP077745.1	scaffold_43	95.42		True
local misassembly
998938	1014340	21462	6079	Desulfovibrio_desulfuricans_NZ_CP077745.1	scaffold_43	95.04		True
relocation, inconsistency = 6759
974984	992055	38652	21586	Desulfovibrio_desulfuricans_NZ_CP077745.1	scaffold_43	96.06		True
local misassembly
966358	974630	46960	38670	Desulfovibrio_desulfuricans_NZ_CP077745.1	scaffold_43	95.46		True
local misassembly
898150	965841	115392	47673	Desulfovibrio_desulfuricans_NZ_CP077745.1	scaffold_43	95.51		True
local misassembly
888109	898148	125637	115591	Desulfovibrio_desulfuricans_NZ_CP077745.1	scaffold_43	95.18		True
relocation, inconsistency = 10704
861436	875361	141606	127681	Desulfovibrio_desulfuricans_NZ_CP077745.1	scaffold_43	95.64		True
local misassembly
840107	861072	162592	141607	Desulfovibrio_desulfuricans_NZ_CP077745.1	scaffold_43	95.69		True
CONTIG	scaffold_43	165354	misassembled
1456866	1473631	16790	36	Desulfovibrio_desulfuricans_NZ_CP077745.1	scaffold_44	96.59		True
local misassembly
1427154	1456749	46402	16791	Desulfovibrio_desulfuricans_NZ_CP077745.1	scaffold_44	96.56		True
local misassembly
1416751	1426965	57508	47296	Desulfovibrio_desulfuricans_NZ_CP077745.1	scaffold_44	95.03		True
local misassembly
1413898	1416722	61265	58443	Desulfovibrio_desulfuricans_NZ_CP077745.1	scaffold_44	95.37		True
local misassembly
1400488	1401865	74079	72702	Desulfovibrio_desulfuricans_NZ_CP077745.1	scaffold_44	95.21		True
local misassembly
1393351	1400395	81225	74181	Desulfovibrio_desulfuricans_NZ_CP077745.1	scaffold_44	95.74		True
local misassembly
1388743	1392567	85865	82041	Desulfovibrio_desulfuricans_NZ_CP077745.1	scaffold_44	97.99		True
indel: indel (<= 5bp)
1388397	1388718	86212	85891	Desulfovibrio_desulfuricans_NZ_CP077745.1	scaffold_44	95.03		True
local misassembly
1386188	1386283	88420	88325	Desulfovibrio_desulfuricans_NZ_CP077745.1	scaffold_44	97.92		True
local misassembly
1381863	1386064	92745	88544	Desulfovibrio_desulfuricans_NZ_CP077745.1	scaffold_44	95.67		True
local misassembly
1380580	1381323	94025	93282	Desulfovibrio_desulfuricans_NZ_CP077745.1	scaffold_44	96.77		True
indel: indel (<= 5bp)
1380501	1380579	94105	94027	Desulfovibrio_desulfuricans_NZ_CP077745.1	scaffold_44	96.2		True
indel: indel (> 5bp)
1379902	1380429	94711	94184	Desulfovibrio_desulfuricans_NZ_CP077745.1	scaffold_44	96.97		True
indel: indel (<= 5bp)
1378675	1379848	95937	94764	Desulfovibrio_desulfuricans_NZ_CP077745.1	scaffold_44	96.68		True
local misassembly
1374268	1378527	100343	96084	Desulfovibrio_desulfuricans_NZ_CP077745.1	scaffold_44	96.97		True
local misassembly
1370870	1372633	103663	101900	Desulfovibrio_desulfuricans_NZ_CP077745.1	scaffold_44	95.69		True
local misassembly
1363867	1369333	110662	105196	Desulfovibrio_desulfuricans_NZ_CP077745.1	scaffold_44	96.31		True
local misassembly
1361585	1363234	112980	111331	Desulfovibrio_desulfuricans_NZ_CP077745.1	scaffold_44	97.64		True
indel: indel (<= 5bp)
1357996	1361581	116566	112981	Desulfovibrio_desulfuricans_NZ_CP077745.1	scaffold_44	96.4		True
local misassembly
1354716	1356710	119579	117585	Desulfovibrio_desulfuricans_NZ_CP077745.1	scaffold_44	95.74		True
indel: indel (<= 5bp)
1352331	1354714	121963	119580	Desulfovibrio_desulfuricans_NZ_CP077745.1	scaffold_44	97.06		True
local misassembly
1352002	1352071	122294	122225	Desulfovibrio_desulfuricans_NZ_CP077745.1	scaffold_44	98.57		True
local misassembly
1350142	1351290	124144	122996	Desulfovibrio_desulfuricans_NZ_CP077745.1	scaffold_44	97.65		True
indel: indel (<= 5bp)
1348192	1350141	126096	124147	Desulfovibrio_desulfuricans_NZ_CP077745.1	scaffold_44	96.46		True
indel: indel (<= 5bp)
1348097	1348191	126192	126098	Desulfovibrio_desulfuricans_NZ_CP077745.1	scaffold_44	95.79		True
local misassembly
1345812	1347468	128464	126808	Desulfovibrio_desulfuricans_NZ_CP077745.1	scaffold_44	95.84		True
local misassembly
1338603	1343764	135629	130468	Desulfovibrio_desulfuricans_NZ_CP077745.1	scaffold_44	95.0		True
local misassembly
1337003	1337379	137202	136826	Desulfovibrio_desulfuricans_NZ_CP077745.1	scaffold_44	96.29		True
indel: indel (<= 5bp)
1334391	1337002	139815	137204	Desulfovibrio_desulfuricans_NZ_CP077745.1	scaffold_44	96.06		True
local misassembly
1332147	1334147	142046	140046	Desulfovibrio_desulfuricans_NZ_CP077745.1	scaffold_44	95.3		True
indel: indel (<= 5bp)
1330245	1332146	143951	142050	Desulfovibrio_desulfuricans_NZ_CP077745.1	scaffold_44	95.95		True
indel: indel (> 5bp)
1328583	1330220	145589	143952	Desulfovibrio_desulfuricans_NZ_CP077745.1	scaffold_44	95.97		True
indel: indel (<= 5bp)
1328473	1328570	145697	145600	Desulfovibrio_desulfuricans_NZ_CP077745.1	scaffold_44	95.92		True
indel: indel (<= 5bp)
1327681	1328471	146488	145698	Desulfovibrio_desulfuricans_NZ_CP077745.1	scaffold_44	96.71		True
indel: indel (<= 5bp)
1327599	1327679	146569	146489	Desulfovibrio_desulfuricans_NZ_CP077745.1	scaffold_44	98.77		True
indel: indel (<= 5bp)
1326975	1327597	147192	146570	Desulfovibrio_desulfuricans_NZ_CP077745.1	scaffold_44	98.88		True
indel: stretch of mismatches
1326454	1326955	147713	147212	Desulfovibrio_desulfuricans_NZ_CP077745.1	scaffold_44	95.02		True
local misassembly
1326198	1326324	147971	147845	Desulfovibrio_desulfuricans_NZ_CP077745.1	scaffold_44	95.28		True
local misassembly
1320701	1320776	153465	153390	Desulfovibrio_desulfuricans_NZ_CP077745.1	scaffold_44	96.05		True
CONTIG	scaffold_44	179580	correct
3275892	3276012	20603	20483	Desulfovibrio_desulfuricans_NZ_CP077745.1	scaffold_45	97.52		True
local misassembly
3274289	3275763	22208	20734	Desulfovibrio_desulfuricans_NZ_CP077745.1	scaffold_45	95.12		True
local misassembly
3196191	3258624	101164	38606	Desulfovibrio_desulfuricans_NZ_CP077745.1	scaffold_45	95.81		True
CONTIG	scaffold_45	101449	correct
581296	582525	1230	1	Desulfovibrio_desulfuricans_NZ_CP077745.1	scaffold_48	98.62		True
local misassembly
542284	581186	40214	1231	Desulfovibrio_desulfuricans_NZ_CP077745.1	scaffold_48	95.44		True
local misassembly
540092	542091	42283	40284	Desulfovibrio_desulfuricans_NZ_CP077745.1	scaffold_48	95.45		True
local misassembly
535843	538196	46521	44168	Desulfovibrio_desulfuricans_NZ_CP077745.1	scaffold_48	97.11		True
indel: indel (<= 5bp)
535241	535820	47124	46545	Desulfovibrio_desulfuricans_NZ_CP077745.1	scaffold_48	96.21		True
indel: stretch of mismatches
534326	535221	48039	47144	Desulfovibrio_desulfuricans_NZ_CP077745.1	scaffold_48	95.98		True
local misassembly
528857	532312	53536	50081	Desulfovibrio_desulfuricans_NZ_CP077745.1	scaffold_48	95.46		True
indel: indel (<= 5bp)
522842	528831	59550	53561	Desulfovibrio_desulfuricans_NZ_CP077745.1	scaffold_48	95.19		True
indel: indel (<= 5bp)
522082	522841	60313	59554	Desulfovibrio_desulfuricans_NZ_CP077745.1	scaffold_48	95.53		True
local misassembly
520916	521180	61500	61236	Desulfovibrio_desulfuricans_NZ_CP077745.1	scaffold_48	95.47		True
local misassembly
508332	512931	74081	69482	Desulfovibrio_desulfuricans_NZ_CP077745.1	scaffold_48	95.59		True
indel: indel (<= 5bp)
507152	508329	75259	74082	Desulfovibrio_desulfuricans_NZ_CP077745.1	scaffold_48	98.9		True
indel: stretch of mismatches
504304	507142	78107	75269	Desulfovibrio_desulfuricans_NZ_CP077745.1	scaffold_48	96.3		True
indel: indel (<= 5bp)
504187	504302	78223	78108	Desulfovibrio_desulfuricans_NZ_CP077745.1	scaffold_48	98.28		True
indel: indel (<= 5bp)
498243	504164	84170	78249	Desulfovibrio_desulfuricans_NZ_CP077745.1	scaffold_48	95.59		True
local misassembly
496614	498108	85665	84171	Desulfovibrio_desulfuricans_NZ_CP077745.1	scaffold_48	95.73		True
local misassembly
490977	493467	91299	88809	Desulfovibrio_desulfuricans_NZ_CP077745.1	scaffold_48	95.02		True
indel: indel (<= 5bp)
490268	490973	92007	91302	Desulfovibrio_desulfuricans_NZ_CP077745.1	scaffold_48	95.18		True
indel: indel (<= 5bp)
489427	490266	92847	92008	Desulfovibrio_desulfuricans_NZ_CP077745.1	scaffold_48	97.14		True
indel: indel (> 5bp)
488475	489426	93821	92870	Desulfovibrio_desulfuricans_NZ_CP077745.1	scaffold_48	98.0		True
local misassembly
485764	486757	96532	95539	Desulfovibrio_desulfuricans_NZ_CP077745.1	scaffold_48	97.08		True
indel: indel (<= 5bp)
483240	485688	99058	96610	Desulfovibrio_desulfuricans_NZ_CP077745.1	scaffold_48	95.35		True
local misassembly
445119	481959	137423	100635	Desulfovibrio_desulfuricans_NZ_CP077745.1	scaffold_48	96.28		True
CONTIG	scaffold_48	139980	correct
1027880	1031481	14534	18141	Desulfovibrio_desulfuricans_NZ_CP077745.1	scaffold_58	95.57		True
local misassembly
1031529	1032514	18813	19798	Desulfovibrio_desulfuricans_NZ_CP077745.1	scaffold_58	96.35		True
local misassembly
1035816	1039530	23099	26813	Desulfovibrio_desulfuricans_NZ_CP077745.1	scaffold_58	95.8		True
local misassembly
1039771	1041253	27078	28560	Desulfovibrio_desulfuricans_NZ_CP077745.1	scaffold_58	95.68		True
local misassembly
1041599	1101534	28907	88877	Desulfovibrio_desulfuricans_NZ_CP077745.1	scaffold_58	95.49		True
local misassembly
1101867	1135154	88878	122159	Desulfovibrio_desulfuricans_NZ_CP077745.1	scaffold_58	96.51		True
CONTIG	scaffold_58	122163	correct
1788385	1794897	5603	12163	Desulfovibrio_desulfuricans_NZ_CP077745.1	scaffold_68	95.25		True
local misassembly
1795116	1802764	12164	19827	Desulfovibrio_desulfuricans_NZ_CP077745.1	scaffold_68	95.23		True
local misassembly
1802925	1812081	19828	28986	Desulfovibrio_desulfuricans_NZ_CP077745.1	scaffold_68	96.12		True
relocation, inconsistency = 42637
1854719	1854887	28987	29155	Desulfovibrio_desulfuricans_NZ_CP077745.1	scaffold_68	98.19		True
indel: indel (<= 5bp)
1854965	1858484	29234	32753	Desulfovibrio_desulfuricans_NZ_CP077745.1	scaffold_68	95.17		True
local misassembly
1865431	1868950	39705	43224	Desulfovibrio_desulfuricans_NZ_CP077745.1	scaffold_68	97.41		True
local misassembly
1887863	1888384	62142	62663	Desulfovibrio_desulfuricans_NZ_CP077745.1	scaffold_68	95.98		True
local misassembly
1890887	1890966	65147	65226	Desulfovibrio_desulfuricans_NZ_CP077745.1	scaffold_68	97.5		True
local misassembly
1891984	1894201	66243	68460	Desulfovibrio_desulfuricans_NZ_CP077745.1	scaffold_68	95.99		True
indel: indel (<= 5bp)
1894234	1895871	68488	70125	Desulfovibrio_desulfuricans_NZ_CP077745.1	scaffold_68	95.24		True
indel: indel (<= 5bp)
1895873	1898091	70126	72344	Desulfovibrio_desulfuricans_NZ_CP077745.1	scaffold_68	95.09		True
indel: indel (<= 5bp)
1898095	1898706	72345	72956	Desulfovibrio_desulfuricans_NZ_CP077745.1	scaffold_68	96.57		True
indel: indel (<= 5bp)
1898738	1899225	72990	73477	Desulfovibrio_desulfuricans_NZ_CP077745.1	scaffold_68	96.31		True
indel: stretch of mismatches
1899239	1901589	73491	75841	Desulfovibrio_desulfuricans_NZ_CP077745.1	scaffold_68	97.11		True
indel: stretch of mismatches
1901628	1907835	75880	82087	Desulfovibrio_desulfuricans_NZ_CP077745.1	scaffold_68	95.43		True
local misassembly
1907840	1925855	82265	100331	Desulfovibrio_desulfuricans_NZ_CP077745.1	scaffold_68	95.33		True
local misassembly
1926099	1952914	100332	127153	Desulfovibrio_desulfuricans_NZ_CP077745.1	scaffold_68	96.24		True
local misassembly
1953046	1968691	127167	142814	Desulfovibrio_desulfuricans_NZ_CP077745.1	scaffold_68	96.35		True
relocation, inconsistency = 1165
1969944	1987213	142902	160170	Desulfovibrio_desulfuricans_NZ_CP077745.1	scaffold_68	97.09		True
local misassembly
1987341	2007552	160177	180390	Desulfovibrio_desulfuricans_NZ_CP077745.1	scaffold_68	96.43		True
local misassembly
2009675	2015625	182447	188400	Desulfovibrio_desulfuricans_NZ_CP077745.1	scaffold_68	96.21		True
local misassembly
2015843	2031178	188423	203747	Desulfovibrio_desulfuricans_NZ_CP077745.1	scaffold_68	95.7		True
local misassembly
2031320	2045124	203748	217560	Desulfovibrio_desulfuricans_NZ_CP077745.1	scaffold_68	95.44		True
local misassembly
2045130	2063428	217714	236007	Desulfovibrio_desulfuricans_NZ_CP077745.1	scaffold_68	95.27		True
local misassembly
2063444	2070481	236170	243209	Desulfovibrio_desulfuricans_NZ_CP077745.1	scaffold_68	97.43		True
local misassembly
2070675	2088891	243211	261416	Desulfovibrio_desulfuricans_NZ_CP077745.1	scaffold_68	95.95		True
relocation, inconsistency = -15179
2089105	2089196	276809	276900	Desulfovibrio_desulfuricans_NZ_CP077745.1	scaffold_68	95.65		True
local misassembly
2089369	2089669	277073	277373	Desulfovibrio_desulfuricans_NZ_CP077745.1	scaffold_68	96.68		True
local misassembly
2090381	2090824	278091	278534	Desulfovibrio_desulfuricans_NZ_CP077745.1	scaffold_68	96.85		True
local misassembly
2090993	2091909	278703	279619	Desulfovibrio_desulfuricans_NZ_CP077745.1	scaffold_68	96.29		True
relocation, inconsistency = 1176
2093175	2107448	279709	293963	Desulfovibrio_desulfuricans_NZ_CP077745.1	scaffold_68	95.67		True
local misassembly
2109442	2122084	295812	308429	Desulfovibrio_desulfuricans_NZ_CP077745.1	scaffold_68	97.03		True
local misassembly
2122383	2138010	308719	324374	Desulfovibrio_desulfuricans_NZ_CP077745.1	scaffold_68	96.64		True
relocation, inconsistency = 3680
2143107	2143601	325791	326285	Desulfovibrio_desulfuricans_NZ_CP077745.1	scaffold_68	95.56		True
local misassembly
2146898	2149790	329598	332490	Desulfovibrio_desulfuricans_NZ_CP077745.1	scaffold_68	96.34		True
local misassembly
2151245	2152298	333948	335001	Desulfovibrio_desulfuricans_NZ_CP077745.1	scaffold_68	95.54		True
indel: indel (<= 5bp)
2152299	2156409	335003	339113	Desulfovibrio_desulfuricans_NZ_CP077745.1	scaffold_68	95.86		True
indel: indel (<= 5bp)
2156410	2158888	339115	341593	Desulfovibrio_desulfuricans_NZ_CP077745.1	scaffold_68	95.12		True
CONTIG	scaffold_68	349674	misassembled
2479673	2479923	9817	10067	Desulfovibrio_desulfuricans_NZ_CP077745.1	scaffold_69	97.21		True
indel: indel (<= 5bp)
2479924	2482261	10069	12406	Desulfovibrio_desulfuricans_NZ_CP077745.1	scaffold_69	96.96		True
indel: stretch of mismatches
2482266	2482769	12411	12914	Desulfovibrio_desulfuricans_NZ_CP077745.1	scaffold_69	95.63		True
local misassembly
2483222	2484550	13352	14680	Desulfovibrio_desulfuricans_NZ_CP077745.1	scaffold_69	95.26		True
local misassembly
2485269	2485597	15409	15737	Desulfovibrio_desulfuricans_NZ_CP077745.1	scaffold_69	96.35		True
indel: indel (<= 5bp)
2485598	2486651	15739	16792	Desulfovibrio_desulfuricans_NZ_CP077745.1	scaffold_69	96.3		True
indel: indel (<= 5bp)
2486653	2487526	16793	17666	Desulfovibrio_desulfuricans_NZ_CP077745.1	scaffold_69	95.42		True
relocation, inconsistency = 1555
2489538	2493420	18123	22005	Desulfovibrio_desulfuricans_NZ_CP077745.1	scaffold_69	97.68		True
local misassembly
2496898	2496997	25343	25442	Desulfovibrio_desulfuricans_NZ_CP077745.1	scaffold_69	95.0		True
local misassembly
2497281	2500404	25733	28856	Desulfovibrio_desulfuricans_NZ_CP077745.1	scaffold_69	96.16		True
indel: indel (<= 5bp)
2500405	2502051	28858	30504	Desulfovibrio_desulfuricans_NZ_CP077745.1	scaffold_69	95.75		True
indel: indel (<= 5bp)
2502052	2502175	30506	30629	Desulfovibrio_desulfuricans_NZ_CP077745.1	scaffold_69	96.77		True
indel: indel (<= 5bp)
2502176	2503270	30631	31725	Desulfovibrio_desulfuricans_NZ_CP077745.1	scaffold_69	95.89		True
local misassembly
2521935	2523294	49703	51062	Desulfovibrio_desulfuricans_NZ_CP077745.1	scaffold_69	95.59		True
local misassembly
2529648	2574183	56708	101219	Desulfovibrio_desulfuricans_NZ_CP077745.1	scaffold_69	96.03		True
local misassembly
2574558	2606060	101230	132687	Desulfovibrio_desulfuricans_NZ_CP077745.1	scaffold_69	96.19		True
local misassembly
2606326	2607477	132689	133840	Desulfovibrio_desulfuricans_NZ_CP077745.1	scaffold_69	96.61		True
relocation, inconsistency = -871449
1736529	1736919	134341	134731	Desulfovibrio_desulfuricans_NZ_CP077745.1	scaffold_69	96.16		True
local misassembly
1737080	1738167	134732	135819	Desulfovibrio_desulfuricans_NZ_CP077745.1	scaffold_69	95.77		True
local misassembly
1738724	1738814	136375	136465	Desulfovibrio_desulfuricans_NZ_CP077745.1	scaffold_69	97.8		True
relocation, inconsistency = 500491
2254291	2261841	158999	151451	Desulfovibrio_desulfuricans_NZ_CP077745.1	scaffold_69	96.11		True
local misassembly
2253013	2254090	160076	159000	Desulfovibrio_desulfuricans_NZ_CP077745.1	scaffold_69	97.31		True
local misassembly
2205959	2252240	206661	160340	Desulfovibrio_desulfuricans_NZ_CP077745.1	scaffold_69	96.16		True
relocation, inconsistency = 4541
2178508	2200963	229579	207116	Desulfovibrio_desulfuricans_NZ_CP077745.1	scaffold_69	95.56		True
CONTIG	scaffold_69	233470	misassembled
2860625	2863480	2859	1	Desulfovibrio_desulfuricans_NZ_CP077745.1	scaffold_75	95.09		True
local misassembly
2842615	2860282	20524	2871	Desulfovibrio_desulfuricans_NZ_CP077745.1	scaffold_75	96.6		True
local misassembly
2833174	2842449	29823	20540	Desulfovibrio_desulfuricans_NZ_CP077745.1	scaffold_75	96.27		True
local misassembly
2826839	2832823	35809	29824	Desulfovibrio_desulfuricans_NZ_CP077745.1	scaffold_75	95.69		True
local misassembly
2796049	2826694	66477	35810	Desulfovibrio_desulfuricans_NZ_CP077745.1	scaffold_75	95.17		True
indel: stretch of mismatches
2795514	2796048	67012	66478	Desulfovibrio_desulfuricans_NZ_CP077745.1	scaffold_75	95.38		True
local misassembly
2764894	2795140	97354	67098	Desulfovibrio_desulfuricans_NZ_CP077745.1	scaffold_75	95.77		True
local misassembly
2762829	2764234	99204	97799	Desulfovibrio_desulfuricans_NZ_CP077745.1	scaffold_75	96.87		True
relocation, inconsistency = 2959
2752812	2759412	106292	99662	Desulfovibrio_desulfuricans_NZ_CP077745.1	scaffold_75	96.03		True
relocation, inconsistency = -1225
2747402	2752781	112928	107548	Desulfovibrio_desulfuricans_NZ_CP077745.1	scaffold_75	96.12		True
local misassembly
2691006	2747018	169282	113203	Desulfovibrio_desulfuricans_NZ_CP077745.1	scaffold_75	96.37		True
relocation, inconsistency = 1250
2688918	2689318	170120	169720	Desulfovibrio_desulfuricans_NZ_CP077745.1	scaffold_75	95.76		True
local misassembly
2687387	2688543	171648	170492	Desulfovibrio_desulfuricans_NZ_CP077745.1	scaffold_75	97.58		True
indel: indel (> 5bp)
2687070	2687375	171954	171649	Desulfovibrio_desulfuricans_NZ_CP077745.1	scaffold_75	98.69		True
CONTIG	scaffold_75	173663	misassembled
1316596	1319062	14218	11755	Desulfovibrio_desulfuricans_NZ_CP077745.1	scaffold_90	95.06		True
relocation, inconsistency = 5236
1258181	1311198	67410	14380	Desulfovibrio_desulfuricans_NZ_CP077745.1	scaffold_90	95.34		True
local misassembly
1256606	1257635	68461	67432	Desulfovibrio_desulfuricans_NZ_CP077745.1	scaffold_90	98.25		True
local misassembly
1231122	1256255	93598	68462	Desulfovibrio_desulfuricans_NZ_CP077745.1	scaffold_90	96.28		True
local misassembly
1222671	1231046	103032	94619	Desulfovibrio_desulfuricans_NZ_CP077745.1	scaffold_90	95.6		True
local misassembly
1216573	1222481	110075	104168	Desulfovibrio_desulfuricans_NZ_CP077745.1	scaffold_90	97.56		True
local misassembly
1194525	1216324	132171	110330	Desulfovibrio_desulfuricans_NZ_CP077745.1	scaffold_90	95.56		True
local misassembly
1193974	1194093	132695	132576	Desulfovibrio_desulfuricans_NZ_CP077745.1	scaffold_90	95.83		True
indel: indel (<= 5bp)
1193555	1193972	133113	132696	Desulfovibrio_desulfuricans_NZ_CP077745.1	scaffold_90	98.56		True
indel: indel (<= 5bp)
1191979	1193554	134690	133115	Desulfovibrio_desulfuricans_NZ_CP077745.1	scaffold_90	97.08		True
local misassembly
1182152	1191428	144340	135070	Desulfovibrio_desulfuricans_NZ_CP077745.1	scaffold_90	96.03		True
relocation, inconsistency = 1589
1161507	1180436	163341	144467	Desulfovibrio_desulfuricans_NZ_CP077745.1	scaffold_90	95.48		True
local misassembly
1158206	1159069	166769	165906	Desulfovibrio_desulfuricans_NZ_CP077745.1	scaffold_90	97.92		True
indel: indel (<= 5bp)
1157542	1158203	167431	166770	Desulfovibrio_desulfuricans_NZ_CP077745.1	scaffold_90	98.04		True
indel: indel (> 5bp)
1155935	1157529	169026	167432	Desulfovibrio_desulfuricans_NZ_CP077745.1	scaffold_90	96.05		True
indel: indel (<= 5bp)
1152347	1155863	172617	169101	Desulfovibrio_desulfuricans_NZ_CP077745.1	scaffold_90	95.99		True
local misassembly
1149064	1151606	175913	173371	Desulfovibrio_desulfuricans_NZ_CP077745.1	scaffold_90	96.11		True
indel: indel (> 5bp)
1145879	1149052	179104	175931	Desulfovibrio_desulfuricans_NZ_CP077745.1	scaffold_90	97.51		True
indel: indel (<= 5bp)
1142550	1145878	182434	179106	Desulfovibrio_desulfuricans_NZ_CP077745.1	scaffold_90	95.7		True
local misassembly
1135144	1142380	189718	182481	Desulfovibrio_desulfuricans_NZ_CP077745.1	scaffold_90	95.29		True
CONTIG	scaffold_90	189718	misassembled
3036504	3044914	14132	5671	Desulfovibrio_desulfuricans_NZ_CP077745.1	scaffold_94	95.39		True
unknown
3014359	3036431	36206	14107	Desulfovibrio_desulfuricans_NZ_CP077745.1	scaffold_94	95.39		True
unknown
2966204	2979705	60781	47281	Desulfovibrio_desulfuricans_NZ_CP077745.1	scaffold_94	95.2		True
unknown
2959147	2959653	67699	67193	Desulfovibrio_desulfuricans_NZ_CP077745.1	scaffold_94	95.27		True
unknown
2958713	2959102	68134	67745	Desulfovibrio_desulfuricans_NZ_CP077745.1	scaffold_94	95.38		True
unknown
2956218	2958521	70628	68325	Desulfovibrio_desulfuricans_NZ_CP077745.1	scaffold_94	97.22		True
unknown
2953089	2956087	73761	70763	Desulfovibrio_desulfuricans_NZ_CP077745.1	scaffold_94	95.27		True
unknown
2952331	2952684	74507	74154	Desulfovibrio_desulfuricans_NZ_CP077745.1	scaffold_94	95.2		True
unknown
2950033	2952329	76810	74514	Desulfovibrio_desulfuricans_NZ_CP077745.1	scaffold_94	97.21		True
unknown
2949526	2949886	77317	76957	Desulfovibrio_desulfuricans_NZ_CP077745.1	scaffold_94	96.68		True
unknown
2948507	2948573	78350	78284	Desulfovibrio_desulfuricans_NZ_CP077745.1	scaffold_94	100.0		True
unknown
CONTIG	scaffold_94	112474	mis_unaligned
223323	224440	1733	2850	Desulfovibrio_desulfuricans_NZ_CP077745.1	scaffold_127	96.96		True
local misassembly
224696	224760	3105	3169	Desulfovibrio_desulfuricans_NZ_CP077745.1	scaffold_127	96.92		True
indel: indel (<= 5bp)
224762	226897	3170	5305	Desulfovibrio_desulfuricans_NZ_CP077745.1	scaffold_127	96.86		True
local misassembly
226916	229614	5399	8097	Desulfovibrio_desulfuricans_NZ_CP077745.1	scaffold_127	97.78		True
indel: indel (<= 5bp)
229616	229899	8098	8381	Desulfovibrio_desulfuricans_NZ_CP077745.1	scaffold_127	97.89		True
indel: indel (<= 5bp)
229926	230551	8410	9035	Desulfovibrio_desulfuricans_NZ_CP077745.1	scaffold_127	95.21		True
indel: indel (> 5bp)
230623	237202	9079	15658	Desulfovibrio_desulfuricans_NZ_CP077745.1	scaffold_127	97.81		True
local misassembly
238081	242673	16549	21141	Desulfovibrio_desulfuricans_NZ_CP077745.1	scaffold_127	95.97		True
indel: indel (> 5bp)
242751	243692	21202	22143	Desulfovibrio_desulfuricans_NZ_CP077745.1	scaffold_127	96.82		True
indel: indel (> 5bp)
243693	245541	22153	24001	Desulfovibrio_desulfuricans_NZ_CP077745.1	scaffold_127	97.13		True
local misassembly
246151	248151	24611	26611	Desulfovibrio_desulfuricans_NZ_CP077745.1	scaffold_127	95.2		True
indel: indel (> 5bp)
248209	248796	26686	27273	Desulfovibrio_desulfuricans_NZ_CP077745.1	scaffold_127	96.77		True
local misassembly
250802	262180	29118	40527	Desulfovibrio_desulfuricans_NZ_CP077745.1	scaffold_127	95.53		True
local misassembly
262488	272272	40528	50295	Desulfovibrio_desulfuricans_NZ_CP077745.1	scaffold_127	95.68		True
relocation, inconsistency = -1216
272400	314710	51639	93965	Desulfovibrio_desulfuricans_NZ_CP077745.1	scaffold_127	95.49		True
local misassembly
314904	343759	93972	122832	Desulfovibrio_desulfuricans_NZ_CP077745.1	scaffold_127	96.05		True
relocation, inconsistency = 2183
345990	368491	122880	145342	Desulfovibrio_desulfuricans_NZ_CP077745.1	scaffold_127	96.1		True
local misassembly
369064	369307	145948	146191	Desulfovibrio_desulfuricans_NZ_CP077745.1	scaffold_127	95.08		True
CONTIG	scaffold_127	146191	misassembled
2264166	2268177	6669	2658	Desulfovibrio_desulfuricans_NZ_CP077745.1	scaffold_130	95.06		True
relocation, inconsistency = 336317
2607550	2626278	9725	28478	Desulfovibrio_desulfuricans_NZ_CP077745.1	scaffold_130	95.37		True
local misassembly
2626375	2630308	28479	32415	Desulfovibrio_desulfuricans_NZ_CP077745.1	scaffold_130	97.56		True
local misassembly
2630574	2636342	32417	38187	Desulfovibrio_desulfuricans_NZ_CP077745.1	scaffold_130	96.73		True
relocation, inconsistency = -2300
2636775	2658421	40920	62572	Desulfovibrio_desulfuricans_NZ_CP077745.1	scaffold_130	96.66		True
local misassembly
2658451	2662201	62750	66500	Desulfovibrio_desulfuricans_NZ_CP077745.1	scaffold_130	96.51		True
local misassembly
2669106	2671910	73437	76241	Desulfovibrio_desulfuricans_NZ_CP077745.1	scaffold_130	96.01		True
indel: indel (<= 5bp)
2671932	2672693	76261	77022	Desulfovibrio_desulfuricans_NZ_CP077745.1	scaffold_130	95.28		True
indel: stretch of mismatches
2672699	2676738	77028	81067	Desulfovibrio_desulfuricans_NZ_CP077745.1	scaffold_130	96.29		True
local misassembly
2676954	2679228	81283	83557	Desulfovibrio_desulfuricans_NZ_CP077745.1	scaffold_130	96.13		True
local misassembly
2679721	2679924	84029	84232	Desulfovibrio_desulfuricans_NZ_CP077745.1	scaffold_130	96.15		True
local misassembly
2680027	2681738	84233	85944	Desulfovibrio_desulfuricans_NZ_CP077745.1	scaffold_130	96.73		True
CONTIG	scaffold_130	89567	misassembled
2454471	2469037	14843	279	Desulfovibrio_desulfuricans_NZ_CP077745.1	scaffold_158	96.2		True
local misassembly
2425064	2454385	45100	15808	Desulfovibrio_desulfuricans_NZ_CP077745.1	scaffold_158	95.75		True
local misassembly
2421393	2422442	48005	46956	Desulfovibrio_desulfuricans_NZ_CP077745.1	scaffold_158	96.96		True
relocation, inconsistency = 2537
2400938	2417236	65934	49625	Desulfovibrio_desulfuricans_NZ_CP077745.1	scaffold_158	95.14		True
local misassembly
2397284	2397795	69446	68935	Desulfovibrio_desulfuricans_NZ_CP077745.1	scaffold_158	96.09		True
indel: indel (<= 5bp)
2397142	2397282	69587	69447	Desulfovibrio_desulfuricans_NZ_CP077745.1	scaffold_158	95.74		True
local misassembly
2395527	2396921	71201	69807	Desulfovibrio_desulfuricans_NZ_CP077745.1	scaffold_158	95.2		True
indel: indel (> 5bp)
2393912	2395468	72829	71273	Desulfovibrio_desulfuricans_NZ_CP077745.1	scaffold_158	96.98		True
local misassembly
2392687	2393798	74060	72949	Desulfovibrio_desulfuricans_NZ_CP077745.1	scaffold_158	95.5		True
relocation, inconsistency = -1296
2391382	2392444	76661	75599	Desulfovibrio_desulfuricans_NZ_CP077745.1	scaffold_158	96.81		True
local misassembly
2385035	2391186	82813	76662	Desulfovibrio_desulfuricans_NZ_CP077745.1	scaffold_158	97.5		True
local misassembly
2379137	2380364	88713	87486	Desulfovibrio_desulfuricans_NZ_CP077745.1	scaffold_158	95.2		True
indel: indel (<= 5bp)
2377812	2379135	90037	88714	Desulfovibrio_desulfuricans_NZ_CP077745.1	scaffold_158	95.47		True
indel: indel (<= 5bp)
2375753	2377811	92098	90040	Desulfovibrio_desulfuricans_NZ_CP077745.1	scaffold_158	96.16		True
local misassembly
2375162	2375318	92690	92534	Desulfovibrio_desulfuricans_NZ_CP077745.1	scaffold_158	99.36		True
relocation, inconsistency = 166072
2201922	2205050	99858	96730	Desulfovibrio_desulfuricans_NZ_CP077745.1	scaffold_158	95.94		True
relocation, inconsistency = -168675
2358738	2370218	111690	100237	Desulfovibrio_desulfuricans_NZ_CP077745.1	scaffold_158	95.11		True
CONTIG	scaffold_158	111775	misassembled
1722286	1724708	4601	2179	Desulfovibrio_desulfuricans_NZ_CP077745.1	scaffold_162	95.42		True
unknown
1700781	1700916	26405	26270	Desulfovibrio_desulfuricans_NZ_CP077745.1	scaffold_162	96.32		True
unknown
CONTIG	scaffold_162	67693	mis_unaligned
2864441	2865664	1	1224	Desulfovibrio_desulfuricans_NZ_CP077745.1	scaffold_180	97.14		True
local misassembly
2865923	2902103	1231	37426	Desulfovibrio_desulfuricans_NZ_CP077745.1	scaffold_180	95.89		True
local misassembly
2902379	2924761	37427	59799	Desulfovibrio_desulfuricans_NZ_CP077745.1	scaffold_180	95.23		True
CONTIG	scaffold_180	60916	correct
190317	191172	14530	13675	Desulfovibrio_desulfuricans_NZ_CP077745.1	scaffold_185	95.09		True
indel: indel (<= 5bp)
190243	190316	14605	14532	Desulfovibrio_desulfuricans_NZ_CP077745.1	scaffold_185	97.3		True
local misassembly
188217	189931	16477	14763	Desulfovibrio_desulfuricans_NZ_CP077745.1	scaffold_185	95.57		True
local misassembly
185858	187704	18829	16983	Desulfovibrio_desulfuricans_NZ_CP077745.1	scaffold_185	95.61		True
local misassembly
184341	184484	20393	20250	Desulfovibrio_desulfuricans_NZ_CP077745.1	scaffold_185	96.53		True
local misassembly
183133	184246	21597	20484	Desulfovibrio_desulfuricans_NZ_CP077745.1	scaffold_185	97.22		True
local misassembly
159757	182187	44196	21763	Desulfovibrio_desulfuricans_NZ_CP077745.1	scaffold_185	95.34		True
local misassembly
155463	159240	48475	44698	Desulfovibrio_desulfuricans_NZ_CP077745.1	scaffold_185	95.1		True
CONTIG	scaffold_185	49009	correct
441886	442504	894	276	Desulfovibrio_desulfuricans_NZ_CP077745.1	scaffold_201	95.64		True
indel: indel (<= 5bp)
438684	441860	4092	916	Desulfovibrio_desulfuricans_NZ_CP077745.1	scaffold_201	97.42		True
local misassembly
430666	432491	12108	10283	Desulfovibrio_desulfuricans_NZ_CP077745.1	scaffold_201	97.1		True
indel: indel (<= 5bp)
429234	430620	13537	12151	Desulfovibrio_desulfuricans_NZ_CP077745.1	scaffold_201	95.31		True
indel: stretch of mismatches
427445	429209	15326	13562	Desulfovibrio_desulfuricans_NZ_CP077745.1	scaffold_201	95.07		True
local misassembly
423792	425138	18980	17634	Desulfovibrio_desulfuricans_NZ_CP077745.1	scaffold_201	95.62		True
local misassembly
422377	422556	20396	20217	Desulfovibrio_desulfuricans_NZ_CP077745.1	scaffold_201	96.11		True
local misassembly
421562	422079	21210	20693	Desulfovibrio_desulfuricans_NZ_CP077745.1	scaffold_201	95.75		True
local misassembly
419708	419974	23060	22794	Desulfovibrio_desulfuricans_NZ_CP077745.1	scaffold_201	97.0		True
indel: indel (<= 5bp)
418912	419707	23857	23062	Desulfovibrio_desulfuricans_NZ_CP077745.1	scaffold_201	96.11		True
indel: stretch of mismatches
416595	418907	26174	23862	Desulfovibrio_desulfuricans_NZ_CP077745.1	scaffold_201	96.11		True
local misassembly
403435	408763	38976	33632	Desulfovibrio_desulfuricans_NZ_CP077745.1	scaffold_201	96.61		True
local misassembly
401766	402949	40637	39454	Desulfovibrio_desulfuricans_NZ_CP077745.1	scaffold_201	96.71		True
indel: indel (<= 5bp)
397996	401764	44406	40638	Desulfovibrio_desulfuricans_NZ_CP077745.1	scaffold_201	96.5		True
local misassembly
397544	397646	44858	44756	Desulfovibrio_desulfuricans_NZ_CP077745.1	scaffold_201	96.12		True
indel: indel (<= 5bp)
394842	397542	47559	44859	Desulfovibrio_desulfuricans_NZ_CP077745.1	scaffold_201	96.78		True
local misassembly
373800	390905	68398	51303	Desulfovibrio_desulfuricans_NZ_CP077745.1	scaffold_201	95.11		True
local misassembly
371086	373147	70892	68831	Desulfovibrio_desulfuricans_NZ_CP077745.1	scaffold_201	95.54		True
local misassembly
370271	370484	71712	71499	Desulfovibrio_desulfuricans_NZ_CP077745.1	scaffold_201	95.33		True
CONTIG	scaffold_201	71712	correct
2931768	2948515	1	16741	Desulfovibrio_desulfuricans_NZ_CP077745.1	scaffold_229	96.68		True
CONTIG	scaffold_229	22048	correct
2334904	2336394	13612	12122	Desulfovibrio_desulfuricans_NZ_CP077745.1	scaffold_233	95.37		True
relocation, inconsistency = 3403
2321791	2324526	23322	20587	Desulfovibrio_desulfuricans_NZ_CP077745.1	scaffold_233	95.18		True
relocation, inconsistency = 11829
2307011	2307127	26273	26157	Desulfovibrio_desulfuricans_NZ_CP077745.1	scaffold_233	99.15		True
local misassembly
2296824	2306730	36202	26313	Desulfovibrio_desulfuricans_NZ_CP077745.1	scaffold_233	97.21		True
local misassembly
2294013	2296602	38791	36203	Desulfovibrio_desulfuricans_NZ_CP077745.1	scaffold_233	97.34		True
local misassembly
2287740	2293577	44707	38870	Desulfovibrio_desulfuricans_NZ_CP077745.1	scaffold_233	96.76		True
indel: indel (<= 5bp)
2286994	2287736	45450	44708	Desulfovibrio_desulfuricans_NZ_CP077745.1	scaffold_233	97.17		True
indel: indel (> 5bp)
2285321	2286969	47099	45451	Desulfovibrio_desulfuricans_NZ_CP077745.1	scaffold_233	96.66		True
indel: stretch of mismatches
2284600	2285280	47820	47140	Desulfovibrio_desulfuricans_NZ_CP077745.1	scaffold_233	95.3		True
indel: indel (<= 5bp)
2283250	2284596	49167	47821	Desulfovibrio_desulfuricans_NZ_CP077745.1	scaffold_233	95.03		True
local misassembly
2279139	2280834	53274	51579	Desulfovibrio_desulfuricans_NZ_CP077745.1	scaffold_233	95.52		True
local misassembly
2275938	2278583	56494	53849	Desulfovibrio_desulfuricans_NZ_CP077745.1	scaffold_233	95.65		True
indel: indel (<= 5bp)
2273399	2275900	59037	56536	Desulfovibrio_desulfuricans_NZ_CP077745.1	scaffold_233	95.32		True
CONTIG	scaffold_233	59406	misassembled
204013	214541	11314	786	Desulfovibrio_desulfuricans_NZ_CP077745.1	scaffold_268	95.2		True
local misassembly
203515	203692	11762	11585	Desulfovibrio_desulfuricans_NZ_CP077745.1	scaffold_268	100.0		True
CONTIG	scaffold_268	17650	correct
1473783	1475217	1	1435	Desulfovibrio_desulfuricans_NZ_CP077745.1	scaffold_282	96.59		True
unknown
1476274	1476630	2492	2848	Desulfovibrio_desulfuricans_NZ_CP077745.1	scaffold_282	96.36		True
unknown
1480086	1483907	6306	10127	Desulfovibrio_desulfuricans_NZ_CP077745.1	scaffold_282	96.86		True
unknown
1483910	1485378	10128	11596	Desulfovibrio_desulfuricans_NZ_CP077745.1	scaffold_282	97.75		True
unknown
1488858	1489582	15072	15796	Desulfovibrio_desulfuricans_NZ_CP077745.1	scaffold_282	96.69		True
unknown
CONTIG	scaffold_282	15796	mis_unaligned
132673	132937	3091	3355	Desulfovibrio_desulfuricans_NZ_CP077745.1	scaffold_292	95.85		True
unknown
132939	133985	3356	4402	Desulfovibrio_desulfuricans_NZ_CP077745.1	scaffold_292	95.32		True
unknown
134047	134191	4527	4671	Desulfovibrio_desulfuricans_NZ_CP077745.1	scaffold_292	95.17		True
unknown
134193	134422	4672	4901	Desulfovibrio_desulfuricans_NZ_CP077745.1	scaffold_292	98.26		True
unknown
138634	139693	9106	10165	Desulfovibrio_desulfuricans_NZ_CP077745.1	scaffold_292	97.45		True
unknown
139694	140929	10167	11402	Desulfovibrio_desulfuricans_NZ_CP077745.1	scaffold_292	95.87		True
unknown
143391	143483	13650	13742	Desulfovibrio_desulfuricans_NZ_CP077745.1	scaffold_292	95.7		True
unknown
154641	154786	24556	24701	Desulfovibrio_desulfuricans_NZ_CP077745.1	scaffold_292	95.89		True
unknown
CONTIG	scaffold_292	25687	mis_unaligned
1020759	1020842	1217	1300	Desulfovibrio_desulfuricans_NZ_CP077745.1	scaffold_305	96.43		True
unknown
1023439	1025717	3877	6155	Desulfovibrio_desulfuricans_NZ_CP077745.1	scaffold_305	97.1		True
unknown
CONTIG	scaffold_305	13613	mis_unaligned
2982038	2982136	1	99	Desulfovibrio_desulfuricans_NZ_CP077745.1	scaffold_474	97.98		True
CONTIG	scaffold_474	6351	correct_unaligned
215806	221138	5333	1	Desulfovibrio_desulfuricans_NZ_CP077745.1	scaffold_528	99.61		True
CONTIG	scaffold_528	5498	correct
127816	128053	1	238	Desulfovibrio_desulfuricans_NZ_CP077745.1	scaffold_2007	96.22		True
CONTIG	scaffold_2007	992	correct_unaligned
128847	129582	2	737	Desulfovibrio_desulfuricans_NZ_CP077745.1	scaffold_2448	96.2		True
CONTIG	scaffold_2448	737	correct
582428	583113	686	1	Desulfovibrio_desulfuricans_NZ_CP077745.1	scaffold_2566	99.13		True
CONTIG	scaffold_2566	686	correct
3189907	3190151	248	3	Desulfovibrio_desulfuricans_NZ_CP077745.1	scaffold_3038	95.55		True
CONTIG	scaffold_3038	513	correct
