S1	E1	S2	E2	Reference	Contig	IDY	Ambiguous	Best_group
1027880	1031481	14378	17985	Desulfovibrio_desulfuricans_NZ_CP077745.1	NODE_3_length_835083_cov_0.372452	95.57		True
local misassembly
1031529	1032514	18657	19642	Desulfovibrio_desulfuricans_NZ_CP077745.1	NODE_3_length_835083_cov_0.372452	96.35		True
local misassembly
1035816	1039530	22943	26657	Desulfovibrio_desulfuricans_NZ_CP077745.1	NODE_3_length_835083_cov_0.372452	95.8		True
local misassembly
1039771	1041253	26922	28404	Desulfovibrio_desulfuricans_NZ_CP077745.1	NODE_3_length_835083_cov_0.372452	95.68		True
local misassembly
1041599	1142380	28751	129580	Desulfovibrio_desulfuricans_NZ_CP077745.1	NODE_3_length_835083_cov_0.372452	95.8		True
local misassembly
1142550	1145878	129627	132955	Desulfovibrio_desulfuricans_NZ_CP077745.1	NODE_3_length_835083_cov_0.372452	95.7		True
indel: indel (<= 5bp)
1145879	1149052	132957	136130	Desulfovibrio_desulfuricans_NZ_CP077745.1	NODE_3_length_835083_cov_0.372452	97.51		True
indel: indel (> 5bp)
1149064	1151606	136148	138690	Desulfovibrio_desulfuricans_NZ_CP077745.1	NODE_3_length_835083_cov_0.372452	96.11		True
local misassembly
1152347	1155863	139444	142960	Desulfovibrio_desulfuricans_NZ_CP077745.1	NODE_3_length_835083_cov_0.372452	95.99		True
indel: indel (<= 5bp)
1155935	1157529	143035	144629	Desulfovibrio_desulfuricans_NZ_CP077745.1	NODE_3_length_835083_cov_0.372452	96.05		True
indel: indel (> 5bp)
1157542	1158203	144630	145291	Desulfovibrio_desulfuricans_NZ_CP077745.1	NODE_3_length_835083_cov_0.372452	98.04		True
indel: indel (<= 5bp)
1158206	1159069	145292	146155	Desulfovibrio_desulfuricans_NZ_CP077745.1	NODE_3_length_835083_cov_0.372452	97.92		True
local misassembly
1161507	1180436	148720	167594	Desulfovibrio_desulfuricans_NZ_CP077745.1	NODE_3_length_835083_cov_0.372452	95.48		True
relocation, inconsistency = 1589
1182152	1194093	167721	179592	Desulfovibrio_desulfuricans_NZ_CP077745.1	NODE_3_length_835083_cov_0.372452	95.64		True
local misassembly
1194525	1216324	179997	201838	Desulfovibrio_desulfuricans_NZ_CP077745.1	NODE_3_length_835083_cov_0.372452	95.56		True
local misassembly
1216573	1222481	202093	208000	Desulfovibrio_desulfuricans_NZ_CP077745.1	NODE_3_length_835083_cov_0.372452	97.56		True
local misassembly
1222671	1231046	209136	217549	Desulfovibrio_desulfuricans_NZ_CP077745.1	NODE_3_length_835083_cov_0.372452	95.58		True
local misassembly
1231122	1257635	218570	245086	Desulfovibrio_desulfuricans_NZ_CP077745.1	NODE_3_length_835083_cov_0.372452	96.37		True
local misassembly
1258181	1311198	245108	298138	Desulfovibrio_desulfuricans_NZ_CP077745.1	NODE_3_length_835083_cov_0.372452	95.34		True
relocation, inconsistency = 5236
1316596	1319062	298300	300763	Desulfovibrio_desulfuricans_NZ_CP077745.1	NODE_3_length_835083_cov_0.372452	95.06		True
relocation, inconsistency = -36217
1320701	1320776	338619	338694	Desulfovibrio_desulfuricans_NZ_CP077745.1	NODE_3_length_835083_cov_0.372452	96.05		True
local misassembly
1326198	1326324	344113	344239	Desulfovibrio_desulfuricans_NZ_CP077745.1	NODE_3_length_835083_cov_0.372452	95.28		True
local misassembly
1326454	1326955	344371	344872	Desulfovibrio_desulfuricans_NZ_CP077745.1	NODE_3_length_835083_cov_0.372452	95.02		True
indel: stretch of mismatches
1326975	1327597	344892	345514	Desulfovibrio_desulfuricans_NZ_CP077745.1	NODE_3_length_835083_cov_0.372452	98.88		True
indel: indel (<= 5bp)
1327599	1327679	345515	345595	Desulfovibrio_desulfuricans_NZ_CP077745.1	NODE_3_length_835083_cov_0.372452	98.77		True
indel: indel (<= 5bp)
1327681	1328470	345596	346385	Desulfovibrio_desulfuricans_NZ_CP077745.1	NODE_3_length_835083_cov_0.372452	96.71		True
indel: indel (<= 5bp)
1328472	1328570	346386	346484	Desulfovibrio_desulfuricans_NZ_CP077745.1	NODE_3_length_835083_cov_0.372452	96.97		True
indel: indel (<= 5bp)
1328583	1330220	346495	348132	Desulfovibrio_desulfuricans_NZ_CP077745.1	NODE_3_length_835083_cov_0.372452	95.97		True
indel: indel (> 5bp)
1330245	1332146	348133	350034	Desulfovibrio_desulfuricans_NZ_CP077745.1	NODE_3_length_835083_cov_0.372452	95.95		True
indel: indel (<= 5bp)
1332147	1334147	350038	352038	Desulfovibrio_desulfuricans_NZ_CP077745.1	NODE_3_length_835083_cov_0.372452	95.3		True
local misassembly
1334391	1337002	352269	354880	Desulfovibrio_desulfuricans_NZ_CP077745.1	NODE_3_length_835083_cov_0.372452	96.06		True
indel: indel (<= 5bp)
1337003	1337379	354882	355258	Desulfovibrio_desulfuricans_NZ_CP077745.1	NODE_3_length_835083_cov_0.372452	96.29		True
local misassembly
1338603	1343764	356455	361616	Desulfovibrio_desulfuricans_NZ_CP077745.1	NODE_3_length_835083_cov_0.372452	95.0		True
local misassembly
1345812	1347468	363620	365276	Desulfovibrio_desulfuricans_NZ_CP077745.1	NODE_3_length_835083_cov_0.372452	95.84		True
local misassembly
1348097	1348191	365892	365986	Desulfovibrio_desulfuricans_NZ_CP077745.1	NODE_3_length_835083_cov_0.372452	95.79		True
indel: indel (<= 5bp)
1348192	1350141	365988	367937	Desulfovibrio_desulfuricans_NZ_CP077745.1	NODE_3_length_835083_cov_0.372452	96.46		True
indel: indel (<= 5bp)
1350142	1351290	367940	369088	Desulfovibrio_desulfuricans_NZ_CP077745.1	NODE_3_length_835083_cov_0.372452	97.65		True
local misassembly
1352002	1352071	369790	369859	Desulfovibrio_desulfuricans_NZ_CP077745.1	NODE_3_length_835083_cov_0.372452	98.57		True
local misassembly
1352331	1354714	370121	372504	Desulfovibrio_desulfuricans_NZ_CP077745.1	NODE_3_length_835083_cov_0.372452	96.98		True
indel: indel (<= 5bp)
1354716	1356710	372505	374499	Desulfovibrio_desulfuricans_NZ_CP077745.1	NODE_3_length_835083_cov_0.372452	95.74		True
fake: scaffold gap size wrong estimation (local)
1357996	1361581	375803	379388	Desulfovibrio_desulfuricans_NZ_CP077745.1	NODE_3_length_835083_cov_0.372452	96.4		True
indel: indel (<= 5bp)
1361585	1363234	379389	381038	Desulfovibrio_desulfuricans_NZ_CP077745.1	NODE_3_length_835083_cov_0.372452	97.64		True
local misassembly
1363867	1369333	381707	387173	Desulfovibrio_desulfuricans_NZ_CP077745.1	NODE_3_length_835083_cov_0.372452	96.31		True
local misassembly
1370870	1372633	388706	390469	Desulfovibrio_desulfuricans_NZ_CP077745.1	NODE_3_length_835083_cov_0.372452	95.69		True
local misassembly
1374268	1378527	392096	396355	Desulfovibrio_desulfuricans_NZ_CP077745.1	NODE_3_length_835083_cov_0.372452	96.97		True
local misassembly
1378675	1379848	396502	397675	Desulfovibrio_desulfuricans_NZ_CP077745.1	NODE_3_length_835083_cov_0.372452	96.68		True
indel: indel (<= 5bp)
1379902	1380429	397728	398255	Desulfovibrio_desulfuricans_NZ_CP077745.1	NODE_3_length_835083_cov_0.372452	96.97		True
indel: indel (> 5bp)
1380501	1380579	398334	398412	Desulfovibrio_desulfuricans_NZ_CP077745.1	NODE_3_length_835083_cov_0.372452	96.2		True
indel: indel (<= 5bp)
1380580	1381323	398414	399157	Desulfovibrio_desulfuricans_NZ_CP077745.1	NODE_3_length_835083_cov_0.372452	96.77		True
local misassembly
1381863	1386064	399694	403895	Desulfovibrio_desulfuricans_NZ_CP077745.1	NODE_3_length_835083_cov_0.372452	95.67		True
local misassembly
1386188	1386283	404019	404114	Desulfovibrio_desulfuricans_NZ_CP077745.1	NODE_3_length_835083_cov_0.372452	97.92		True
local misassembly
1388397	1388718	406227	406548	Desulfovibrio_desulfuricans_NZ_CP077745.1	NODE_3_length_835083_cov_0.372452	95.03		True
indel: indel (<= 5bp)
1388743	1392567	406574	410398	Desulfovibrio_desulfuricans_NZ_CP077745.1	NODE_3_length_835083_cov_0.372452	97.99		True
local misassembly
1393351	1400395	411214	418258	Desulfovibrio_desulfuricans_NZ_CP077745.1	NODE_3_length_835083_cov_0.372452	95.74		True
local misassembly
1400488	1401865	418360	419737	Desulfovibrio_desulfuricans_NZ_CP077745.1	NODE_3_length_835083_cov_0.372452	95.21		True
local misassembly
1413898	1416722	431174	433996	Desulfovibrio_desulfuricans_NZ_CP077745.1	NODE_3_length_835083_cov_0.372452	95.37		True
local misassembly
1416751	1426965	434931	445143	Desulfovibrio_desulfuricans_NZ_CP077745.1	NODE_3_length_835083_cov_0.372452	95.03		True
local misassembly
1427154	1456749	446037	475648	Desulfovibrio_desulfuricans_NZ_CP077745.1	NODE_3_length_835083_cov_0.372452	96.56		True
local misassembly
1456866	1473631	475649	492406	Desulfovibrio_desulfuricans_NZ_CP077745.1	NODE_3_length_835083_cov_0.372452	96.6		True
local misassembly
1473701	1475217	492632	494148	Desulfovibrio_desulfuricans_NZ_CP077745.1	NODE_3_length_835083_cov_0.372452	96.64		True
local misassembly
1476274	1476630	495205	495561	Desulfovibrio_desulfuricans_NZ_CP077745.1	NODE_3_length_835083_cov_0.372452	96.36		True
local misassembly
1480086	1483907	499019	502840	Desulfovibrio_desulfuricans_NZ_CP077745.1	NODE_3_length_835083_cov_0.372452	96.89		True
indel: indel (<= 5bp)
1483910	1485378	502841	504309	Desulfovibrio_desulfuricans_NZ_CP077745.1	NODE_3_length_835083_cov_0.372452	97.75		True
local misassembly
1488858	1489576	507785	508503	Desulfovibrio_desulfuricans_NZ_CP077745.1	NODE_3_length_835083_cov_0.372452	96.66		True
fake: scaffold gap size wrong estimation (local)
1490876	1490997	509819	509940	Desulfovibrio_desulfuricans_NZ_CP077745.1	NODE_3_length_835083_cov_0.372452	95.08		True
local misassembly
1491219	1505416	509977	524193	Desulfovibrio_desulfuricans_NZ_CP077745.1	NODE_3_length_835083_cov_0.372452	95.79		True
local misassembly
1505887	1535835	524661	554641	Desulfovibrio_desulfuricans_NZ_CP077745.1	NODE_3_length_835083_cov_0.372452	95.56		True
relocation, inconsistency = 1529
1537963	1539649	555240	556926	Desulfovibrio_desulfuricans_NZ_CP077745.1	NODE_3_length_835083_cov_0.372452	96.27		True
indel: indel (<= 5bp)
1539651	1541359	556927	558635	Desulfovibrio_desulfuricans_NZ_CP077745.1	NODE_3_length_835083_cov_0.372452	96.2		True
local misassembly
1541710	1546564	558985	563839	Desulfovibrio_desulfuricans_NZ_CP077745.1	NODE_3_length_835083_cov_0.372452	95.24		True
local misassembly
1546716	1548432	563993	565709	Desulfovibrio_desulfuricans_NZ_CP077745.1	NODE_3_length_835083_cov_0.372452	96.33		True
indel: indel (<= 5bp)
1548434	1550511	565710	567787	Desulfovibrio_desulfuricans_NZ_CP077745.1	NODE_3_length_835083_cov_0.372452	97.21		True
indel: indel (> 5bp)
1550522	1550724	567830	568032	Desulfovibrio_desulfuricans_NZ_CP077745.1	NODE_3_length_835083_cov_0.372452	95.07		True
local misassembly
1551376	1551664	568781	569069	Desulfovibrio_desulfuricans_NZ_CP077745.1	NODE_3_length_835083_cov_0.372452	95.16		True
indel: stretch of mismatches
1551672	1553532	569077	570937	Desulfovibrio_desulfuricans_NZ_CP077745.1	NODE_3_length_835083_cov_0.372452	95.86		True
indel: indel (<= 5bp)
1553533	1555643	570939	573049	Desulfovibrio_desulfuricans_NZ_CP077745.1	NODE_3_length_835083_cov_0.372452	95.5		True
indel: indel (<= 5bp)
1555645	1557460	573050	574865	Desulfovibrio_desulfuricans_NZ_CP077745.1	NODE_3_length_835083_cov_0.372452	97.47		True
local misassembly
1557602	1559429	574997	576824	Desulfovibrio_desulfuricans_NZ_CP077745.1	NODE_3_length_835083_cov_0.372452	96.55		True
local misassembly
1559640	1559814	576984	577158	Desulfovibrio_desulfuricans_NZ_CP077745.1	NODE_3_length_835083_cov_0.372452	98.29		True
indel: indel (<= 5bp)
1559815	1563877	577161	581223	Desulfovibrio_desulfuricans_NZ_CP077745.1	NODE_3_length_835083_cov_0.372452	97.39		True
indel: indel (<= 5bp)
1563883	1563985	581224	581326	Desulfovibrio_desulfuricans_NZ_CP077745.1	NODE_3_length_835083_cov_0.372452	95.15		True
indel: indel (<= 5bp)
1563986	1564803	581328	582145	Desulfovibrio_desulfuricans_NZ_CP077745.1	NODE_3_length_835083_cov_0.372452	95.6		True
indel: indel (<= 5bp)
1564805	1565271	582146	582612	Desulfovibrio_desulfuricans_NZ_CP077745.1	NODE_3_length_835083_cov_0.372452	98.29		True
indel: indel (> 5bp)
1565284	1566221	582613	583550	Desulfovibrio_desulfuricans_NZ_CP077745.1	NODE_3_length_835083_cov_0.372452	96.91		True
indel: indel (<= 5bp)
1566239	1567015	583566	584342	Desulfovibrio_desulfuricans_NZ_CP077745.1	NODE_3_length_835083_cov_0.372452	96.91		True
local misassembly
1571362	1576600	588690	593928	Desulfovibrio_desulfuricans_NZ_CP077745.1	NODE_3_length_835083_cov_0.372452	95.61		True
local misassembly
1578108	1578358	595413	595663	Desulfovibrio_desulfuricans_NZ_CP077745.1	NODE_3_length_835083_cov_0.372452	96.81		True
indel: indel (<= 5bp)
1578359	1581456	595665	598762	Desulfovibrio_desulfuricans_NZ_CP077745.1	NODE_3_length_835083_cov_0.372452	96.35		True
local misassembly
1584623	1590263	601960	607600	Desulfovibrio_desulfuricans_NZ_CP077745.1	NODE_3_length_835083_cov_0.372452	95.64		True
indel: indel (<= 5bp)
1590266	1590925	607601	608260	Desulfovibrio_desulfuricans_NZ_CP077745.1	NODE_3_length_835083_cov_0.372452	95.45		True
indel: indel (> 5bp)
1590944	1591497	608261	608814	Desulfovibrio_desulfuricans_NZ_CP077745.1	NODE_3_length_835083_cov_0.372452	96.93		True
local misassembly
1595720	1654342	613028	671683	Desulfovibrio_desulfuricans_NZ_CP077745.1	NODE_3_length_835083_cov_0.372452	95.36		True
relocation, inconsistency = 1489257
3144331	3188128	716252	672415	Desulfovibrio_desulfuricans_NZ_CP077745.1	NODE_3_length_835083_cov_0.372452	95.01		True
relocation, inconsistency = -15025
3143562	3144195	732046	731413	Desulfovibrio_desulfuricans_NZ_CP077745.1	NODE_3_length_835083_cov_0.372452	96.06		True
indel: indel (> 5bp)
3141136	3143508	734493	732121	Desulfovibrio_desulfuricans_NZ_CP077745.1	NODE_3_length_835083_cov_0.372452	95.62		True
local misassembly
3074360	3140917	801205	734711	Desulfovibrio_desulfuricans_NZ_CP077745.1	NODE_3_length_835083_cov_0.372452	96.39		True
local misassembly
3044870	3074178	830506	801206	Desulfovibrio_desulfuricans_NZ_CP077745.1	NODE_3_length_835083_cov_0.372452	96.27		True
CONTIG	NODE_3_length_835083_cov_0.372452	835083	misassembled
2479673	2479923	9791	10041	Desulfovibrio_desulfuricans_NZ_CP077745.1	NODE_7_length_586102_cov_0.372632	97.21		True
indel: indel (<= 5bp)
2479924	2482261	10043	12380	Desulfovibrio_desulfuricans_NZ_CP077745.1	NODE_7_length_586102_cov_0.372632	96.96		True
indel: stretch of mismatches
2482266	2482769	12385	12888	Desulfovibrio_desulfuricans_NZ_CP077745.1	NODE_7_length_586102_cov_0.372632	95.63		True
local misassembly
2483222	2484550	13326	14654	Desulfovibrio_desulfuricans_NZ_CP077745.1	NODE_7_length_586102_cov_0.372632	95.26		True
local misassembly
2485269	2485597	15383	15711	Desulfovibrio_desulfuricans_NZ_CP077745.1	NODE_7_length_586102_cov_0.372632	96.35		True
indel: indel (<= 5bp)
2485598	2486651	15713	16766	Desulfovibrio_desulfuricans_NZ_CP077745.1	NODE_7_length_586102_cov_0.372632	96.3		True
indel: indel (<= 5bp)
2486653	2487526	16767	17640	Desulfovibrio_desulfuricans_NZ_CP077745.1	NODE_7_length_586102_cov_0.372632	95.42		True
relocation, inconsistency = 1555
2489538	2503270	18097	31811	Desulfovibrio_desulfuricans_NZ_CP077745.1	NODE_7_length_586102_cov_0.372632	95.2		True
local misassembly
2506422	2510907	34288	38773	Desulfovibrio_desulfuricans_NZ_CP077745.1	NODE_7_length_586102_cov_0.372632	95.01		True
local misassembly
2521935	2523294	49789	51148	Desulfovibrio_desulfuricans_NZ_CP077745.1	NODE_7_length_586102_cov_0.372632	95.59		True
local misassembly
2529648	2607477	56794	134564	Desulfovibrio_desulfuricans_NZ_CP077745.1	NODE_7_length_586102_cov_0.372632	96.09		True
relocation, inconsistency = -871449
1736529	1738814	135065	137352	Desulfovibrio_desulfuricans_NZ_CP077745.1	NODE_7_length_586102_cov_0.372632	95.13		True
relocation, inconsistency = 499213
2253013	2261841	161163	152338	Desulfovibrio_desulfuricans_NZ_CP077745.1	NODE_7_length_586102_cov_0.372632	96.29		True
local misassembly
2205959	2252240	207748	161427	Desulfovibrio_desulfuricans_NZ_CP077745.1	NODE_7_length_586102_cov_0.372632	96.16		True
relocation, inconsistency = 4541
2178508	2200963	230666	208203	Desulfovibrio_desulfuricans_NZ_CP077745.1	NODE_7_length_586102_cov_0.372632	95.56		True
fake: scaffold gap size wrong estimation (extensive)
2156410	2158888	245127	242649	Desulfovibrio_desulfuricans_NZ_CP077745.1	NODE_7_length_586102_cov_0.372632	95.12		True
indel: indel (<= 5bp)
2152299	2156409	249239	245129	Desulfovibrio_desulfuricans_NZ_CP077745.1	NODE_7_length_586102_cov_0.372632	95.86		True
indel: indel (<= 5bp)
2151245	2152298	250294	249241	Desulfovibrio_desulfuricans_NZ_CP077745.1	NODE_7_length_586102_cov_0.372632	95.54		True
local misassembly
2146898	2149790	254644	251752	Desulfovibrio_desulfuricans_NZ_CP077745.1	NODE_7_length_586102_cov_0.372632	96.34		True
local misassembly
2143107	2143601	258451	257957	Desulfovibrio_desulfuricans_NZ_CP077745.1	NODE_7_length_586102_cov_0.372632	95.56		True
relocation, inconsistency = 3680
2122383	2138010	275523	259868	Desulfovibrio_desulfuricans_NZ_CP077745.1	NODE_7_length_586102_cov_0.372632	96.64		True
local misassembly
2109442	2122084	288430	275813	Desulfovibrio_desulfuricans_NZ_CP077745.1	NODE_7_length_586102_cov_0.372632	97.03		True
local misassembly
2093175	2107448	304533	290279	Desulfovibrio_desulfuricans_NZ_CP077745.1	NODE_7_length_586102_cov_0.372632	95.66		True
relocation, inconsistency = 1176
2090993	2091909	305539	304623	Desulfovibrio_desulfuricans_NZ_CP077745.1	NODE_7_length_586102_cov_0.372632	96.29		True
local misassembly
2090381	2090824	306151	305708	Desulfovibrio_desulfuricans_NZ_CP077745.1	NODE_7_length_586102_cov_0.372632	96.85		True
local misassembly
2089369	2089669	307169	306869	Desulfovibrio_desulfuricans_NZ_CP077745.1	NODE_7_length_586102_cov_0.372632	96.68		True
local misassembly
2089105	2089196	307433	307342	Desulfovibrio_desulfuricans_NZ_CP077745.1	NODE_7_length_586102_cov_0.372632	95.65		True
relocation, scaffold gap is present, inconsistency = -15438
2063444	2088891	348526	323085	Desulfovibrio_desulfuricans_NZ_CP077745.1	NODE_7_length_586102_cov_0.372632	96.34		True
local misassembly
2045130	2063428	366982	348689	Desulfovibrio_desulfuricans_NZ_CP077745.1	NODE_7_length_586102_cov_0.372632	95.27		True
local misassembly
2009675	2045124	402610	367136	Desulfovibrio_desulfuricans_NZ_CP077745.1	NODE_7_length_586102_cov_0.372632	95.64		True
local misassembly
1987341	2009406	425099	403019	Desulfovibrio_desulfuricans_NZ_CP077745.1	NODE_7_length_586102_cov_0.372632	96.21		True
local misassembly
1969944	1987213	442374	425106	Desulfovibrio_desulfuricans_NZ_CP077745.1	NODE_7_length_586102_cov_0.372632	97.09		True
relocation, inconsistency = 1165
1953046	1968691	458109	442462	Desulfovibrio_desulfuricans_NZ_CP077745.1	NODE_7_length_586102_cov_0.372632	96.35		True
local misassembly
1907840	1952914	503254	458123	Desulfovibrio_desulfuricans_NZ_CP077745.1	NODE_7_length_586102_cov_0.372632	95.87		True
local misassembly
1901628	1907835	509639	503432	Desulfovibrio_desulfuricans_NZ_CP077745.1	NODE_7_length_586102_cov_0.372632	95.43		True
indel: stretch of mismatches
1899239	1901589	512028	509678	Desulfovibrio_desulfuricans_NZ_CP077745.1	NODE_7_length_586102_cov_0.372632	97.11		True
indel: stretch of mismatches
1898738	1899225	512529	512042	Desulfovibrio_desulfuricans_NZ_CP077745.1	NODE_7_length_586102_cov_0.372632	96.31		True
indel: indel (<= 5bp)
1898095	1898706	513174	512563	Desulfovibrio_desulfuricans_NZ_CP077745.1	NODE_7_length_586102_cov_0.372632	96.57		True
indel: indel (<= 5bp)
1895873	1898091	515393	513175	Desulfovibrio_desulfuricans_NZ_CP077745.1	NODE_7_length_586102_cov_0.372632	95.09		True
indel: indel (<= 5bp)
1894234	1895871	517031	515394	Desulfovibrio_desulfuricans_NZ_CP077745.1	NODE_7_length_586102_cov_0.372632	95.24		True
indel: indel (<= 5bp)
1891984	1894201	519276	517059	Desulfovibrio_desulfuricans_NZ_CP077745.1	NODE_7_length_586102_cov_0.372632	95.99		True
local misassembly
1890887	1890966	520372	520293	Desulfovibrio_desulfuricans_NZ_CP077745.1	NODE_7_length_586102_cov_0.372632	97.5		True
local misassembly
1887863	1888384	523377	522856	Desulfovibrio_desulfuricans_NZ_CP077745.1	NODE_7_length_586102_cov_0.372632	95.98		True
local misassembly
1867476	1868950	543769	542295	Desulfovibrio_desulfuricans_NZ_CP077745.1	NODE_7_length_586102_cov_0.372632	97.97		True
indel: indel (> 5bp)
1865431	1867403	545742	543770	Desulfovibrio_desulfuricans_NZ_CP077745.1	NODE_7_length_586102_cov_0.372632	96.5		True
local misassembly
1854965	1858484	556213	552694	Desulfovibrio_desulfuricans_NZ_CP077745.1	NODE_7_length_586102_cov_0.372632	95.17		True
indel: indel (<= 5bp)
1854719	1854887	556460	556292	Desulfovibrio_desulfuricans_NZ_CP077745.1	NODE_7_length_586102_cov_0.372632	98.19		True
relocation, inconsistency = 42637
1784481	1812081	584138	556461	Desulfovibrio_desulfuricans_NZ_CP077745.1	NODE_7_length_586102_cov_0.372632	95.16		True
CONTIG	NODE_7_length_586102_cov_0.372632	586102	misassembled
2981692	2982135	1	444	Desulfovibrio_desulfuricans_NZ_CP077745.1	NODE_18_length_292112_cov_0.373186	97.75		True
relocation, inconsistency = 2826015
154641	154786	1480	1335	Desulfovibrio_desulfuricans_NZ_CP077745.1	NODE_18_length_292112_cov_0.373186	95.89		True
local misassembly
143391	143483	12386	12294	Desulfovibrio_desulfuricans_NZ_CP077745.1	NODE_18_length_292112_cov_0.373186	95.7		True
local misassembly
138634	139693	17146	16087	Desulfovibrio_desulfuricans_NZ_CP077745.1	NODE_18_length_292112_cov_0.373186	97.45		True
local misassembly
134193	134422	21580	21351	Desulfovibrio_desulfuricans_NZ_CP077745.1	NODE_18_length_292112_cov_0.373186	98.26		True
indel: indel (<= 5bp)
134047	134191	21725	21581	Desulfovibrio_desulfuricans_NZ_CP077745.1	NODE_18_length_292112_cov_0.373186	95.17		True
local misassembly
132939	133985	22896	21850	Desulfovibrio_desulfuricans_NZ_CP077745.1	NODE_18_length_292112_cov_0.373186	95.32		True
indel: indel (<= 5bp)
132673	132937	23161	22897	Desulfovibrio_desulfuricans_NZ_CP077745.1	NODE_18_length_292112_cov_0.373186	95.85		True
fake: scaffold gap size wrong estimation (local)
128058	129582	27786	26262	Desulfovibrio_desulfuricans_NZ_CP077745.1	NODE_18_length_292112_cov_0.373186	95.08		True
indel: stretch of mismatches
127693	128053	28151	27791	Desulfovibrio_desulfuricans_NZ_CP077745.1	NODE_18_length_292112_cov_0.373186	98.06		True
indel: indel (<= 5bp)
127509	127692	28336	28153	Desulfovibrio_desulfuricans_NZ_CP077745.1	NODE_18_length_292112_cov_0.373186	96.2		True
local misassembly
125873	127353	29960	28480	Desulfovibrio_desulfuricans_NZ_CP077745.1	NODE_18_length_292112_cov_0.373186	96.76		True
indel: indel (<= 5bp)
123493	125871	32339	29961	Desulfovibrio_desulfuricans_NZ_CP077745.1	NODE_18_length_292112_cov_0.373186	96.05		True
local misassembly
121288	121404	34540	34424	Desulfovibrio_desulfuricans_NZ_CP077745.1	NODE_18_length_292112_cov_0.373186	95.73		True
local misassembly
116432	119269	39399	36562	Desulfovibrio_desulfuricans_NZ_CP077745.1	NODE_18_length_292112_cov_0.373186	96.65		True
indel: indel (> 5bp)
109514	116419	46305	39400	Desulfovibrio_desulfuricans_NZ_CP077745.1	NODE_18_length_292112_cov_0.373186	97.29		True
indel: indel (<= 5bp)
106955	109512	48863	46306	Desulfovibrio_desulfuricans_NZ_CP077745.1	NODE_18_length_292112_cov_0.373186	96.99		True
local misassembly
87704	106895	68206	49017	Desulfovibrio_desulfuricans_NZ_CP077745.1	NODE_18_length_292112_cov_0.373186	96.75		True
relocation, inconsistency = -1385
77562	87674	79748	69621	Desulfovibrio_desulfuricans_NZ_CP077745.1	NODE_18_length_292112_cov_0.373186	96.22		True
relocation, inconsistency = 1673
68207	75615	87442	80022	Desulfovibrio_desulfuricans_NZ_CP077745.1	NODE_18_length_292112_cov_0.373186	95.94		True
local misassembly
57056	68148	98746	87672	Desulfovibrio_desulfuricans_NZ_CP077745.1	NODE_18_length_292112_cov_0.373186	95.5		True
local misassembly
54667	56107	100963	99523	Desulfovibrio_desulfuricans_NZ_CP077745.1	NODE_18_length_292112_cov_0.373186	95.49		True
local misassembly
53056	54441	102576	101191	Desulfovibrio_desulfuricans_NZ_CP077745.1	NODE_18_length_292112_cov_0.373186	96.1		True
local misassembly
50770	52134	104863	103499	Desulfovibrio_desulfuricans_NZ_CP077745.1	NODE_18_length_292112_cov_0.373186	95.16		True
local misassembly
46939	50701	108731	104969	Desulfovibrio_desulfuricans_NZ_CP077745.1	NODE_18_length_292112_cov_0.373186	95.8		True
local misassembly
42235	43940	113423	111718	Desulfovibrio_desulfuricans_NZ_CP077745.1	NODE_18_length_292112_cov_0.373186	96.19		True
local misassembly
38906	42104	116750	113552	Desulfovibrio_desulfuricans_NZ_CP077745.1	NODE_18_length_292112_cov_0.373186	96.22		True
indel: stretch of mismatches
37617	38901	118039	116755	Desulfovibrio_desulfuricans_NZ_CP077745.1	NODE_18_length_292112_cov_0.373186	96.65		True
indel: stretch of mismatches
34524	37602	121132	118054	Desulfovibrio_desulfuricans_NZ_CP077745.1	NODE_18_length_292112_cov_0.373186	96.88		True
indel: stretch of mismatches
34035	34518	121621	121138	Desulfovibrio_desulfuricans_NZ_CP077745.1	NODE_18_length_292112_cov_0.373186	96.49		True
indel: indel (> 5bp)
32091	33955	123537	121673	Desulfovibrio_desulfuricans_NZ_CP077745.1	NODE_18_length_292112_cov_0.373186	95.5		True
local misassembly
30694	31986	124922	123630	Desulfovibrio_desulfuricans_NZ_CP077745.1	NODE_18_length_292112_cov_0.373186	96.44		True
local misassembly
29951	30440	125646	125157	Desulfovibrio_desulfuricans_NZ_CP077745.1	NODE_18_length_292112_cov_0.373186	97.35		True
indel: stretch of mismatches
29393	29947	126204	125650	Desulfovibrio_desulfuricans_NZ_CP077745.1	NODE_18_length_292112_cov_0.373186	95.32		True
local misassembly
25851	28145	129749	127455	Desulfovibrio_desulfuricans_NZ_CP077745.1	NODE_18_length_292112_cov_0.373186	98.08		True
indel: stretch of mismatches
25109	25835	130491	129765	Desulfovibrio_desulfuricans_NZ_CP077745.1	NODE_18_length_292112_cov_0.373186	96.15		True
local misassembly
23367	25005	132233	130595	Desulfovibrio_desulfuricans_NZ_CP077745.1	NODE_18_length_292112_cov_0.373186	97.38		True
local misassembly
22695	23130	132908	132473	Desulfovibrio_desulfuricans_NZ_CP077745.1	NODE_18_length_292112_cov_0.373186	95.18		True
indel: indel (<= 5bp)
21383	22694	134221	132910	Desulfovibrio_desulfuricans_NZ_CP077745.1	NODE_18_length_292112_cov_0.373186	97.48		True
indel: indel (<= 5bp)
18541	21381	137062	134222	Desulfovibrio_desulfuricans_NZ_CP077745.1	NODE_18_length_292112_cov_0.373186	96.69		True
indel: indel (> 5bp)
18381	18451	137210	137140	Desulfovibrio_desulfuricans_NZ_CP077745.1	NODE_18_length_292112_cov_0.373186	97.18		True
indel: indel (<= 5bp)
15371	18379	140219	137211	Desulfovibrio_desulfuricans_NZ_CP077745.1	NODE_18_length_292112_cov_0.373186	95.01		True
local misassembly
8107	10125	147509	145491	Desulfovibrio_desulfuricans_NZ_CP077745.1	NODE_18_length_292112_cov_0.373186	96.29		True
indel: indel (<= 5bp)
5484	8031	150133	147586	Desulfovibrio_desulfuricans_NZ_CP077745.1	NODE_18_length_292112_cov_0.373186	95.25		True
fake: scaffold gap size wrong estimation (local)
5175	5483	150459	150151	Desulfovibrio_desulfuricans_NZ_CP077745.1	NODE_18_length_292112_cov_0.373186	95.79		True
local misassembly
4600	5014	151109	150695	Desulfovibrio_desulfuricans_NZ_CP077745.1	NODE_18_length_292112_cov_0.373186	95.18		True
indel: indel (> 5bp)
2500	4569	153179	151110	Desulfovibrio_desulfuricans_NZ_CP077745.1	NODE_18_length_292112_cov_0.373186	96.71		True
local misassembly
143	2386	155526	153283	Desulfovibrio_desulfuricans_NZ_CP077745.1	NODE_18_length_292112_cov_0.373186	97.86		True
indel: indel (<= 5bp)
1	142	155669	155528	Desulfovibrio_desulfuricans_NZ_CP077745.1	NODE_18_length_292112_cov_0.373186	99.3		True
fake: not a misassembly [linear representation of circular genome]
3397060	3401021	159645	155670	Desulfovibrio_desulfuricans_NZ_CP077745.1	NODE_18_length_292112_cov_0.373186	96.1		True
local misassembly
3388668	3397007	168173	159849	Desulfovibrio_desulfuricans_NZ_CP077745.1	NODE_18_length_292112_cov_0.373186	95.0		True
relocation, inconsistency = 3036
3381891	3385503	171912	168302	Desulfovibrio_desulfuricans_NZ_CP077745.1	NODE_18_length_292112_cov_0.373186	95.77		True
local misassembly
3375022	3381791	178886	172117	Desulfovibrio_desulfuricans_NZ_CP077745.1	NODE_18_length_292112_cov_0.373186	95.35		True
local misassembly
3360323	3374998	193761	179091	Desulfovibrio_desulfuricans_NZ_CP077745.1	NODE_18_length_292112_cov_0.373186	96.2		True
local misassembly
3339817	3359713	214251	194362	Desulfovibrio_desulfuricans_NZ_CP077745.1	NODE_18_length_292112_cov_0.373186	95.63		True
local misassembly
3336695	3339662	217390	214423	Desulfovibrio_desulfuricans_NZ_CP077745.1	NODE_18_length_292112_cov_0.373186	96.77		True
local misassembly
3336491	3336564	217583	217510	Desulfovibrio_desulfuricans_NZ_CP077745.1	NODE_18_length_292112_cov_0.373186	97.3		True
local misassembly
3294365	3335984	259664	218048	Desulfovibrio_desulfuricans_NZ_CP077745.1	NODE_18_length_292112_cov_0.373186	95.96		True
local misassembly
3293063	3294247	261068	259884	Desulfovibrio_desulfuricans_NZ_CP077745.1	NODE_18_length_292112_cov_0.373186	95.02		True
indel: indel (> 5bp)
3291671	3293062	262484	261093	Desulfovibrio_desulfuricans_NZ_CP077745.1	NODE_18_length_292112_cov_0.373186	95.04		True
indel: indel (<= 5bp)
3287757	3291658	266399	262498	Desulfovibrio_desulfuricans_NZ_CP077745.1	NODE_18_length_292112_cov_0.373186	95.52		True
indel: indel (<= 5bp)
3285881	3287728	268277	266430	Desulfovibrio_desulfuricans_NZ_CP077745.1	NODE_18_length_292112_cov_0.373186	95.78		True
indel: stretch of mismatches
3285663	3285819	268495	268339	Desulfovibrio_desulfuricans_NZ_CP077745.1	NODE_18_length_292112_cov_0.373186	96.82		True
local misassembly
3280532	3281415	273575	272692	Desulfovibrio_desulfuricans_NZ_CP077745.1	NODE_18_length_292112_cov_0.373186	95.48		True
local misassembly
3278010	3280233	276102	273879	Desulfovibrio_desulfuricans_NZ_CP077745.1	NODE_18_length_292112_cov_0.373186	95.77		True
CONTIG	NODE_18_length_292112_cov_0.373186	292112	misassembled
2264166	2268177	6669	2658	Desulfovibrio_desulfuricans_NZ_CP077745.1	NODE_23_length_265402_cov_0.371105	95.06		True
relocation, inconsistency = 336317
2607550	2636342	9725	38565	Desulfovibrio_desulfuricans_NZ_CP077745.1	NODE_23_length_265402_cov_0.371105	95.9		True
relocation, inconsistency = -2300
2636775	2658421	41298	62950	Desulfovibrio_desulfuricans_NZ_CP077745.1	NODE_23_length_265402_cov_0.371105	96.66		True
local misassembly
2658451	2662201	63128	66878	Desulfovibrio_desulfuricans_NZ_CP077745.1	NODE_23_length_265402_cov_0.371105	96.51		True
local misassembly
2669106	2671910	73815	76619	Desulfovibrio_desulfuricans_NZ_CP077745.1	NODE_23_length_265402_cov_0.371105	96.01		True
indel: indel (<= 5bp)
2671932	2672693	76639	77400	Desulfovibrio_desulfuricans_NZ_CP077745.1	NODE_23_length_265402_cov_0.371105	95.28		True
indel: stretch of mismatches
2672699	2676738	77406	81445	Desulfovibrio_desulfuricans_NZ_CP077745.1	NODE_23_length_265402_cov_0.371105	96.31		True
local misassembly
2676954	2679228	81661	83935	Desulfovibrio_desulfuricans_NZ_CP077745.1	NODE_23_length_265402_cov_0.371105	96.13		True
local misassembly
2679721	2681738	84407	86424	Desulfovibrio_desulfuricans_NZ_CP077745.1	NODE_23_length_265402_cov_0.371105	96.53		True
fake: scaffold gap size wrong estimation (local)
2687070	2687375	91771	92076	Desulfovibrio_desulfuricans_NZ_CP077745.1	NODE_23_length_265402_cov_0.371105	98.69		True
indel: indel (> 5bp)
2687387	2688543	92077	93233	Desulfovibrio_desulfuricans_NZ_CP077745.1	NODE_23_length_265402_cov_0.371105	97.58		True
local misassembly
2688918	2689318	93605	94005	Desulfovibrio_desulfuricans_NZ_CP077745.1	NODE_23_length_265402_cov_0.371105	95.76		True
relocation, inconsistency = 1250
2691006	2747018	94443	150522	Desulfovibrio_desulfuricans_NZ_CP077745.1	NODE_23_length_265402_cov_0.371105	96.38		True
local misassembly
2747402	2752781	150797	156177	Desulfovibrio_desulfuricans_NZ_CP077745.1	NODE_23_length_265402_cov_0.371105	96.12		True
relocation, inconsistency = -1225
2752812	2759412	157433	164063	Desulfovibrio_desulfuricans_NZ_CP077745.1	NODE_23_length_265402_cov_0.371105	96.03		True
relocation, inconsistency = 2951
2762545	2795140	164245	196848	Desulfovibrio_desulfuricans_NZ_CP077745.1	NODE_23_length_265402_cov_0.371105	95.64		True
local misassembly
2795514	2796048	196934	197468	Desulfovibrio_desulfuricans_NZ_CP077745.1	NODE_23_length_265402_cov_0.371105	95.38		True
indel: stretch of mismatches
2796049	2826694	197469	228136	Desulfovibrio_desulfuricans_NZ_CP077745.1	NODE_23_length_265402_cov_0.371105	95.17		True
local misassembly
2826839	2842449	228137	243770	Desulfovibrio_desulfuricans_NZ_CP077745.1	NODE_23_length_265402_cov_0.371105	96.03		True
local misassembly
2842615	2864231	243786	265402	Desulfovibrio_desulfuricans_NZ_CP077745.1	NODE_23_length_265402_cov_0.371105	96.43		True
CONTIG	NODE_23_length_265402_cov_0.371105	265402	misassembled
583485	613266	1	29824	Desulfovibrio_desulfuricans_NZ_CP077745.1	NODE_31_length_247431_cov_0.373159	95.47		True
fake: scaffold gap size wrong estimation (local)
613860	642552	30432	59125	Desulfovibrio_desulfuricans_NZ_CP077745.1	NODE_31_length_247431_cov_0.373159	95.94		True
local misassembly
643086	651852	59285	68054	Desulfovibrio_desulfuricans_NZ_CP077745.1	NODE_31_length_247431_cov_0.373159	95.9		True
local misassembly
652311	779404	68882	196043	Desulfovibrio_desulfuricans_NZ_CP077745.1	NODE_31_length_247431_cov_0.373159	95.37		True
local misassembly
780558	796905	197481	213848	Desulfovibrio_desulfuricans_NZ_CP077745.1	NODE_31_length_247431_cov_0.373159	96.05		True
local misassembly
798173	799893	215368	217088	Desulfovibrio_desulfuricans_NZ_CP077745.1	NODE_31_length_247431_cov_0.373159	95.18		True
local misassembly
800986	801201	218391	218606	Desulfovibrio_desulfuricans_NZ_CP077745.1	NODE_31_length_247431_cov_0.373159	96.3		True
local misassembly
801798	804180	219206	221588	Desulfovibrio_desulfuricans_NZ_CP077745.1	NODE_31_length_247431_cov_0.373159	95.43		True
local misassembly
805666	806476	223074	223884	Desulfovibrio_desulfuricans_NZ_CP077745.1	NODE_31_length_247431_cov_0.373159	95.44		True
local misassembly
806598	807631	224008	225041	Desulfovibrio_desulfuricans_NZ_CP077745.1	NODE_31_length_247431_cov_0.373159	96.03		True
indel: indel (<= 5bp)
807633	808175	225042	225584	Desulfovibrio_desulfuricans_NZ_CP077745.1	NODE_31_length_247431_cov_0.373159	96.32		True
relocation, inconsistency = -3615
808169	826406	229193	247431	Desulfovibrio_desulfuricans_NZ_CP077745.1	NODE_31_length_247431_cov_0.373159	95.42		True
CONTIG	NODE_31_length_247431_cov_0.373159	247431	misassembled
441886	442504	896	278	Desulfovibrio_desulfuricans_NZ_CP077745.1	NODE_41_length_220355_cov_0.372817	95.64		True
indel: indel (<= 5bp)
438684	441860	4094	918	Desulfovibrio_desulfuricans_NZ_CP077745.1	NODE_41_length_220355_cov_0.372817	97.42		True
local misassembly
430666	432491	12110	10285	Desulfovibrio_desulfuricans_NZ_CP077745.1	NODE_41_length_220355_cov_0.372817	97.1		True
indel: indel (<= 5bp)
429234	430620	13539	12153	Desulfovibrio_desulfuricans_NZ_CP077745.1	NODE_41_length_220355_cov_0.372817	95.31		True
indel: stretch of mismatches
427445	429209	15328	13564	Desulfovibrio_desulfuricans_NZ_CP077745.1	NODE_41_length_220355_cov_0.372817	95.07		True
local misassembly
423792	425138	18982	17636	Desulfovibrio_desulfuricans_NZ_CP077745.1	NODE_41_length_220355_cov_0.372817	95.62		True
local misassembly
422377	422556	20398	20219	Desulfovibrio_desulfuricans_NZ_CP077745.1	NODE_41_length_220355_cov_0.372817	96.11		True
local misassembly
421562	422079	21212	20695	Desulfovibrio_desulfuricans_NZ_CP077745.1	NODE_41_length_220355_cov_0.372817	95.75		True
local misassembly
419708	419974	23062	22796	Desulfovibrio_desulfuricans_NZ_CP077745.1	NODE_41_length_220355_cov_0.372817	97.0		True
indel: indel (<= 5bp)
418912	419707	23859	23064	Desulfovibrio_desulfuricans_NZ_CP077745.1	NODE_41_length_220355_cov_0.372817	96.11		True
indel: stretch of mismatches
416595	418907	26176	23864	Desulfovibrio_desulfuricans_NZ_CP077745.1	NODE_41_length_220355_cov_0.372817	96.11		True
fake: scaffold gap size wrong estimation (local)
403435	408763	39347	34003	Desulfovibrio_desulfuricans_NZ_CP077745.1	NODE_41_length_220355_cov_0.372817	96.61		True
local misassembly
401766	402949	41008	39825	Desulfovibrio_desulfuricans_NZ_CP077745.1	NODE_41_length_220355_cov_0.372817	96.71		True
indel: indel (<= 5bp)
397996	401764	44777	41009	Desulfovibrio_desulfuricans_NZ_CP077745.1	NODE_41_length_220355_cov_0.372817	96.47		True
local misassembly
397544	397646	45229	45127	Desulfovibrio_desulfuricans_NZ_CP077745.1	NODE_41_length_220355_cov_0.372817	96.12		True
indel: indel (<= 5bp)
394842	397542	47930	45230	Desulfovibrio_desulfuricans_NZ_CP077745.1	NODE_41_length_220355_cov_0.372817	96.78		True
local misassembly
386321	386404	56474	56391	Desulfovibrio_desulfuricans_NZ_CP077745.1	NODE_41_length_220355_cov_0.372817	96.43		True
indel: indel (<= 5bp)
384696	386320	58101	56477	Desulfovibrio_desulfuricans_NZ_CP077745.1	NODE_41_length_220355_cov_0.372817	95.69		True
indel: indel (<= 5bp)
383937	384694	58859	58102	Desulfovibrio_desulfuricans_NZ_CP077745.1	NODE_41_length_220355_cov_0.372817	95.25		True
local misassembly
381452	383845	61343	58950	Desulfovibrio_desulfuricans_NZ_CP077745.1	NODE_41_length_220355_cov_0.372817	97.58		True
local misassembly
379668	380860	63117	61925	Desulfovibrio_desulfuricans_NZ_CP077745.1	NODE_41_length_220355_cov_0.372817	95.89		True
indel: indel (> 5bp)
378502	379655	64271	63118	Desulfovibrio_desulfuricans_NZ_CP077745.1	NODE_41_length_220355_cov_0.372817	95.93		True
indel: indel (<= 5bp)
374400	378501	68376	64275	Desulfovibrio_desulfuricans_NZ_CP077745.1	NODE_41_length_220355_cov_0.372817	96.47		True
local misassembly
371086	373147	71692	69631	Desulfovibrio_desulfuricans_NZ_CP077745.1	NODE_41_length_220355_cov_0.372817	95.54		True
fake: scaffold gap size wrong estimation (local)
345990	368491	96781	74319	Desulfovibrio_desulfuricans_NZ_CP077745.1	NODE_41_length_220355_cov_0.372817	96.09		True
relocation, inconsistency = 2183
272400	343759	168228	96829	Desulfovibrio_desulfuricans_NZ_CP077745.1	NODE_41_length_220355_cov_0.372817	95.7		True
relocation, inconsistency = -1216
221611	272272	220310	169572	Desulfovibrio_desulfuricans_NZ_CP077745.1	NODE_41_length_220355_cov_0.372817	95.15		True
CONTIG	NODE_41_length_220355_cov_0.372817	220355	misassembled
1023439	1025717	9934	7656	Desulfovibrio_desulfuricans_NZ_CP077745.1	NODE_47_length_179785_cov_0.373169	97.1		True
local misassembly
1020759	1020842	12594	12511	Desulfovibrio_desulfuricans_NZ_CP077745.1	NODE_47_length_179785_cov_0.373169	96.43		True
local misassembly
1014552	1015663	19035	17924	Desulfovibrio_desulfuricans_NZ_CP077745.1	NODE_47_length_179785_cov_0.373169	96.04		True
indel: indel (<= 5bp)
1014347	1014477	19238	19108	Desulfovibrio_desulfuricans_NZ_CP077745.1	NODE_47_length_179785_cov_0.373169	95.42		True
local misassembly
998938	1014340	35258	19875	Desulfovibrio_desulfuricans_NZ_CP077745.1	NODE_47_length_179785_cov_0.373169	95.04		True
relocation, inconsistency = 6759
966358	992055	61106	35382	Desulfovibrio_desulfuricans_NZ_CP077745.1	NODE_47_length_179785_cov_0.373169	95.82		True
local misassembly
898150	965841	129538	61819	Desulfovibrio_desulfuricans_NZ_CP077745.1	NODE_47_length_179785_cov_0.373169	95.5		True
local misassembly
888109	898148	139783	129737	Desulfovibrio_desulfuricans_NZ_CP077745.1	NODE_47_length_179785_cov_0.373169	95.18		True
relocation, inconsistency = 10704
840107	875361	177101	141827	Desulfovibrio_desulfuricans_NZ_CP077745.1	NODE_47_length_179785_cov_0.373169	95.7		True
CONTIG	NODE_47_length_179785_cov_0.373169	179785	misassembled
445119	481959	2558	39346	Desulfovibrio_desulfuricans_NZ_CP077745.1	NODE_64_length_140548_cov_0.374736	96.28		True
local misassembly
483240	485688	40923	43371	Desulfovibrio_desulfuricans_NZ_CP077745.1	NODE_64_length_140548_cov_0.374736	95.35		True
indel: indel (<= 5bp)
485764	486757	43449	44442	Desulfovibrio_desulfuricans_NZ_CP077745.1	NODE_64_length_140548_cov_0.374736	97.08		True
local misassembly
488475	489426	46160	47111	Desulfovibrio_desulfuricans_NZ_CP077745.1	NODE_64_length_140548_cov_0.374736	98.0		True
indel: indel (> 5bp)
489427	490266	47134	47973	Desulfovibrio_desulfuricans_NZ_CP077745.1	NODE_64_length_140548_cov_0.374736	97.14		True
indel: indel (<= 5bp)
490268	490973	47974	48679	Desulfovibrio_desulfuricans_NZ_CP077745.1	NODE_64_length_140548_cov_0.374736	95.18		True
indel: indel (<= 5bp)
490977	493467	48682	51172	Desulfovibrio_desulfuricans_NZ_CP077745.1	NODE_64_length_140548_cov_0.374736	95.02		True
local misassembly
496614	498108	54316	55810	Desulfovibrio_desulfuricans_NZ_CP077745.1	NODE_64_length_140548_cov_0.374736	95.73		True
local misassembly
498243	504164	55811	61732	Desulfovibrio_desulfuricans_NZ_CP077745.1	NODE_64_length_140548_cov_0.374736	95.59		True
indel: indel (<= 5bp)
504187	504302	61758	61873	Desulfovibrio_desulfuricans_NZ_CP077745.1	NODE_64_length_140548_cov_0.374736	98.28		True
indel: indel (<= 5bp)
504304	507142	61874	64712	Desulfovibrio_desulfuricans_NZ_CP077745.1	NODE_64_length_140548_cov_0.374736	96.3		True
indel: stretch of mismatches
507152	508329	64722	65899	Desulfovibrio_desulfuricans_NZ_CP077745.1	NODE_64_length_140548_cov_0.374736	98.9		True
indel: indel (<= 5bp)
508332	512931	65900	70499	Desulfovibrio_desulfuricans_NZ_CP077745.1	NODE_64_length_140548_cov_0.374736	95.59		True
local misassembly
519743	582857	77304	140543	Desulfovibrio_desulfuricans_NZ_CP077745.1	NODE_64_length_140548_cov_0.374736	95.07		True
CONTIG	NODE_64_length_140548_cov_0.374736	140548	correct
2948507	2948573	34848	34914	Desulfovibrio_desulfuricans_NZ_CP077745.1	NODE_79_length_113601_cov_0.374471	100.0		True
unknown
2949526	2949886	35881	36241	Desulfovibrio_desulfuricans_NZ_CP077745.1	NODE_79_length_113601_cov_0.374471	96.68		True
unknown
2950033	2952329	36388	38684	Desulfovibrio_desulfuricans_NZ_CP077745.1	NODE_79_length_113601_cov_0.374471	97.21		True
unknown
2952331	2952684	38691	39044	Desulfovibrio_desulfuricans_NZ_CP077745.1	NODE_79_length_113601_cov_0.374471	95.2		True
unknown
2953089	2956087	39437	42435	Desulfovibrio_desulfuricans_NZ_CP077745.1	NODE_79_length_113601_cov_0.374471	95.27		True
unknown
2956218	2958521	42570	44873	Desulfovibrio_desulfuricans_NZ_CP077745.1	NODE_79_length_113601_cov_0.374471	97.22		True
unknown
2958713	2959102	45064	45453	Desulfovibrio_desulfuricans_NZ_CP077745.1	NODE_79_length_113601_cov_0.374471	95.38		True
unknown
2966204	2979705	52561	66061	Desulfovibrio_desulfuricans_NZ_CP077745.1	NODE_79_length_113601_cov_0.374471	95.2		True
unknown
3014359	3036431	77136	99235	Desulfovibrio_desulfuricans_NZ_CP077745.1	NODE_79_length_113601_cov_0.374471	95.39		True
unknown
3036504	3044914	99210	107671	Desulfovibrio_desulfuricans_NZ_CP077745.1	NODE_79_length_113601_cov_0.374471	95.39		True
unknown
2980938	2981291	113245	113601	Desulfovibrio_desulfuricans_NZ_CP077745.1	NODE_79_length_113601_cov_0.374471	96.93		True
unknown
CONTIG	NODE_79_length_113601_cov_0.374471	113601	mis_unaligned
3196191	3258624	286	62844	Desulfovibrio_desulfuricans_NZ_CP077745.1	NODE_89_length_101450_cov_0.372499	95.81		True
local misassembly
3274289	3275763	79242	80716	Desulfovibrio_desulfuricans_NZ_CP077745.1	NODE_89_length_101450_cov_0.372499	95.12		True
local misassembly
3275892	3276012	80847	80967	Desulfovibrio_desulfuricans_NZ_CP077745.1	NODE_89_length_101450_cov_0.372499	97.52		True
CONTIG	NODE_89_length_101450_cov_0.372499	101450	correct
1700781	1700916	41289	41424	Desulfovibrio_desulfuricans_NZ_CP077745.1	NODE_123_length_67970_cov_0.373358	96.32		True
unknown
1722286	1724708	63364	65786	Desulfovibrio_desulfuricans_NZ_CP077745.1	NODE_123_length_67970_cov_0.373358	95.42		True
unknown
CONTIG	NODE_123_length_67970_cov_0.373358	67970	mis_unaligned
2925927	2931193	5302	1	Desulfovibrio_desulfuricans_NZ_CP077745.1	NODE_126_length_65775_cov_0.378880	98.32		True
local misassembly
2865666	2924761	65769	6654	Desulfovibrio_desulfuricans_NZ_CP077745.1	NODE_126_length_65775_cov_0.378880	95.62		True
CONTIG	NODE_126_length_65775_cov_0.378880	65775	correct
2358738	2370218	86	11539	Desulfovibrio_desulfuricans_NZ_CP077745.1	NODE_129_length_64360_cov_0.365463	95.11		True
relocation, inconsistency = -168675
2201922	2205050	11918	15046	Desulfovibrio_desulfuricans_NZ_CP077745.1	NODE_129_length_64360_cov_0.365463	95.94		True
relocation, inconsistency = 166072
2375162	2375318	19086	19242	Desulfovibrio_desulfuricans_NZ_CP077745.1	NODE_129_length_64360_cov_0.365463	99.36		True
local misassembly
2375753	2377811	19678	21736	Desulfovibrio_desulfuricans_NZ_CP077745.1	NODE_129_length_64360_cov_0.365463	96.16		True
indel: indel (<= 5bp)
2377812	2379135	21739	23062	Desulfovibrio_desulfuricans_NZ_CP077745.1	NODE_129_length_64360_cov_0.365463	95.54		True
indel: indel (<= 5bp)
2379137	2380364	23063	24290	Desulfovibrio_desulfuricans_NZ_CP077745.1	NODE_129_length_64360_cov_0.365463	95.2		True
local misassembly
2385035	2391380	28963	35308	Desulfovibrio_desulfuricans_NZ_CP077745.1	NODE_129_length_64360_cov_0.365463	97.42		True
fake: scaffold gap size wrong estimation (local)
2391381	2392444	35325	36388	Desulfovibrio_desulfuricans_NZ_CP077745.1	NODE_129_length_64360_cov_0.365463	96.8		True
relocation, inconsistency = -1296
2392687	2393798	37927	39038	Desulfovibrio_desulfuricans_NZ_CP077745.1	NODE_129_length_64360_cov_0.365463	95.5		True
local misassembly
2393912	2395468	39158	40714	Desulfovibrio_desulfuricans_NZ_CP077745.1	NODE_129_length_64360_cov_0.365463	96.98		True
indel: indel (> 5bp)
2395527	2396921	40786	42180	Desulfovibrio_desulfuricans_NZ_CP077745.1	NODE_129_length_64360_cov_0.365463	95.2		True
local misassembly
2397142	2397282	42400	42540	Desulfovibrio_desulfuricans_NZ_CP077745.1	NODE_129_length_64360_cov_0.365463	95.74		True
indel: indel (<= 5bp)
2397284	2397795	42541	43052	Desulfovibrio_desulfuricans_NZ_CP077745.1	NODE_129_length_64360_cov_0.365463	96.09		True
fake: scaffold gap size wrong estimation (local)
2400902	2401005	46180	46283	Desulfovibrio_desulfuricans_NZ_CP077745.1	NODE_129_length_64360_cov_0.365463	95.19		True
indel: indel (<= 5bp)
2401052	2404925	46332	50205	Desulfovibrio_desulfuricans_NZ_CP077745.1	NODE_129_length_64360_cov_0.365463	95.77		True
indel: indel (<= 5bp)
2404927	2406885	50206	52164	Desulfovibrio_desulfuricans_NZ_CP077745.1	NODE_129_length_64360_cov_0.365463	96.78		True
local misassembly
2407185	2409751	52469	55035	Desulfovibrio_desulfuricans_NZ_CP077745.1	NODE_129_length_64360_cov_0.365463	95.6		True
local misassembly
2410599	2410664	55884	55949	Desulfovibrio_desulfuricans_NZ_CP077745.1	NODE_129_length_64360_cov_0.365463	96.97		True
indel: indel (<= 5bp)
2410665	2410772	55951	56058	Desulfovibrio_desulfuricans_NZ_CP077745.1	NODE_129_length_64360_cov_0.365463	98.15		True
indel: indel (<= 5bp)
2410773	2412692	56060	57979	Desulfovibrio_desulfuricans_NZ_CP077745.1	NODE_129_length_64360_cov_0.365463	95.99		True
indel: indel (<= 5bp)
2412694	2414314	57980	59600	Desulfovibrio_desulfuricans_NZ_CP077745.1	NODE_129_length_64360_cov_0.365463	96.05		True
indel: indel (<= 5bp)
2414316	2414910	59601	60195	Desulfovibrio_desulfuricans_NZ_CP077745.1	NODE_129_length_64360_cov_0.365463	96.64		True
CONTIG	NODE_129_length_64360_cov_0.365463	64360	misassembled
2272994	2306730	38	33691	Desulfovibrio_desulfuricans_NZ_CP077745.1	NODE_138_length_60339_cov_0.372796	95.85		True
local misassembly
2307011	2307127	33731	33847	Desulfovibrio_desulfuricans_NZ_CP077745.1	NODE_138_length_60339_cov_0.372796	99.15		True
relocation, inconsistency = 11829
2321791	2324526	36682	39417	Desulfovibrio_desulfuricans_NZ_CP077745.1	NODE_138_length_60339_cov_0.372796	95.18		True
fake: scaffold gap size wrong estimation (extensive)
2334904	2336394	46750	48240	Desulfovibrio_desulfuricans_NZ_CP077745.1	NODE_138_length_60339_cov_0.372796	95.31		True
CONTIG	NODE_138_length_60339_cov_0.372796	60339	misassembled
155463	159240	499	4276	Desulfovibrio_desulfuricans_NZ_CP077745.1	NODE_154_length_49090_cov_0.374706	95.1		True
local misassembly
159757	182187	4778	27211	Desulfovibrio_desulfuricans_NZ_CP077745.1	NODE_154_length_49090_cov_0.374706	95.34		True
local misassembly
183133	184246	27377	28490	Desulfovibrio_desulfuricans_NZ_CP077745.1	NODE_154_length_49090_cov_0.374706	97.22		True
local misassembly
184341	184484	28581	28724	Desulfovibrio_desulfuricans_NZ_CP077745.1	NODE_154_length_49090_cov_0.374706	96.53		True
local misassembly
185858	187704	30145	31991	Desulfovibrio_desulfuricans_NZ_CP077745.1	NODE_154_length_49090_cov_0.374706	95.61		True
local misassembly
188217	190172	32497	34452	Desulfovibrio_desulfuricans_NZ_CP077745.1	NODE_154_length_49090_cov_0.374706	95.19		True
indel: stretch of mismatches
190243	190316	34523	34596	Desulfovibrio_desulfuricans_NZ_CP077745.1	NODE_154_length_49090_cov_0.374706	97.3		True
indel: indel (<= 5bp)
190317	191172	34598	35453	Desulfovibrio_desulfuricans_NZ_CP077745.1	NODE_154_length_49090_cov_0.374706	95.09		True
CONTIG	NODE_154_length_49090_cov_0.374706	49090	correct
2454471	2469037	14835	271	Desulfovibrio_desulfuricans_NZ_CP077745.1	NODE_157_length_47956_cov_0.381603	96.2		True
local misassembly
2425035	2454385	45121	15800	Desulfovibrio_desulfuricans_NZ_CP077745.1	NODE_157_length_47956_cov_0.381603	95.76		True
relocation, inconsistency = 2592
2421509	2422442	45122	46055	Desulfovibrio_desulfuricans_NZ_CP077745.1	NODE_157_length_47956_cov_0.381603	97.0		True
local misassembly
2425031	2425130	47857	47956	Desulfovibrio_desulfuricans_NZ_CP077745.1	NODE_157_length_47956_cov_0.381603	97.0		True
CONTIG	NODE_157_length_47956_cov_0.381603	47956	misassembled
2931758	2948515	1	16751	Desulfovibrio_desulfuricans_NZ_CP077745.1	NODE_254_length_22274_cov_0.374757	96.68		True
CONTIG	NODE_254_length_22274_cov_0.374757	22274	correct
204013	214541	11525	997	Desulfovibrio_desulfuricans_NZ_CP077745.1	NODE_290_length_17843_cov_0.378174	95.2		True
local misassembly
203515	203692	11973	11796	Desulfovibrio_desulfuricans_NZ_CP077745.1	NODE_290_length_17843_cov_0.378174	100.0		True
CONTIG	NODE_290_length_17843_cov_0.378174	17843	correct
2982037	2982136	6344	6245	Desulfovibrio_desulfuricans_NZ_CP077745.1	NODE_516_length_6344_cov_0.396111	98.0		True
CONTIG	NODE_516_length_6344_cov_0.396111	6344	correct_unaligned
581299	582526	1228	1	Desulfovibrio_desulfuricans_NZ_CP077745.1	NODE_907_length_1228_cov_0.334237	98.53		True
CONTIG	NODE_907_length_1228_cov_0.334237	1228	correct
