S1	E1	S2	E2	Reference	Contig	IDY	Ambiguous	Best_group
2666387	2698512	1	32127	Staphylococcus_aureus_NZ_OX344719.1	scaffold_191	99.96		True
CONTIG	scaffold_191	32127	correct
1911821	1927628	1491	17283	Staphylococcus_aureus_NZ_OX344719.1	scaffold_212	98.6		True
local misassembly
1927621	1933955	17379	23713	Staphylococcus_aureus_NZ_OX344719.1	scaffold_212	98.56		True
local misassembly
1934909	1935078	23946	24115	Staphylococcus_aureus_NZ_OX344719.1	scaffold_212	95.88		True
local misassembly
1935648	1935973	24684	25009	Staphylococcus_aureus_NZ_OX344719.1	scaffold_212	96.93		True
CONTIG	scaffold_212	25052	correct
1648156	1672009	1	23853	Staphylococcus_aureus_NZ_OX344719.1	scaffold_216	99.93		True
CONTIG	scaffold_216	23853	correct
463872	473496	1	9626	Staphylococcus_aureus_NZ_OX344719.1	scaffold_221	99.93		True
local misassembly
473740	497069	9627	32958	Staphylococcus_aureus_NZ_OX344719.1	scaffold_221	99.94		True
CONTIG	scaffold_221	32958	correct
2773961	2797340	1	23380	Staphylococcus_aureus_NZ_OX344719.1	scaffold_223	99.93		True
CONTIG	scaffold_223	23380	correct
42901	46299	1	3347	Staphylococcus_aureus_NZ_OX344719.1	scaffold_228	98.44		True
local misassembly
46508	68561	3348	25401	Staphylococcus_aureus_NZ_OX344719.1	scaffold_228	99.92		True
local misassembly
68727	70645	25402	27320	Staphylococcus_aureus_NZ_OX344719.1	scaffold_228	100.0		True
CONTIG	scaffold_228	27320	correct
1388086	1410038	1	21953	Staphylococcus_aureus_NZ_OX344719.1	scaffold_231	99.95		True
local misassembly
1410233	1416303	21954	28024	Staphylococcus_aureus_NZ_OX344719.1	scaffold_231	100.0		True
fake: scaffold gap size wrong estimation (local)
1416308	1424300	28149	36141	Staphylococcus_aureus_NZ_OX344719.1	scaffold_231	99.97		True
CONTIG	scaffold_231	36141	correct
1804868	1826700	1	21855	Staphylococcus_aureus_NZ_OX344719.1	scaffold_232	97.24		True
CONTIG	scaffold_232	23400	correct
420392	442238	1	21846	Staphylococcus_aureus_NZ_OX344719.1	scaffold_235	99.95		True
local misassembly
442570	444725	21847	24002	Staphylococcus_aureus_NZ_OX344719.1	scaffold_235	99.95		True
local misassembly
445062	447337	24003	26278	Staphylococcus_aureus_NZ_OX344719.1	scaffold_235	100.0		True
CONTIG	scaffold_235	26278	correct
2079569	2080934	16193	14828	Staphylococcus_aureus_NZ_OX344719.1	scaffold_237	95.46		True
unknown
2073477	2074169	17528	16836	Staphylococcus_aureus_NZ_OX344719.1	scaffold_237	96.97		True
unknown
2070089	2073476	20917	17530	Staphylococcus_aureus_NZ_OX344719.1	scaffold_237	95.19		True
unknown
2069845	2070069	21187	20963	Staphylococcus_aureus_NZ_OX344719.1	scaffold_237	98.22		True
unknown
2067896	2069696	22987	21187	Staphylococcus_aureus_NZ_OX344719.1	scaffold_237	95.78		True
unknown
2058116	2065603	30270	22790	Staphylococcus_aureus_NZ_OX344719.1	scaffold_237	96.45		True
unknown
CONTIG	scaffold_237	30270	mis_unaligned
913000	934090	1	21091	Staphylococcus_aureus_NZ_OX344719.1	scaffold_238	99.98		True
CONTIG	scaffold_238	21091	correct
1997022	2006913	9892	1	Staphylococcus_aureus_NZ_OX344719.1	scaffold_239	98.35		True
local misassembly
1976560	1992822	30335	14073	Staphylococcus_aureus_NZ_OX344719.1	scaffold_239	97.97		True
local misassembly
1970389	1976360	36312	30341	Staphylococcus_aureus_NZ_OX344719.1	scaffold_239	98.09		True
local misassembly
1967761	1970196	38748	36313	Staphylococcus_aureus_NZ_OX344719.1	scaffold_239	97.99		True
local misassembly
1966032	1967429	40147	38749	Staphylococcus_aureus_NZ_OX344719.1	scaffold_239	98.5		True
local misassembly
1957904	1965673	48097	40326	Staphylococcus_aureus_NZ_OX344719.1	scaffold_239	96.41		True
CONTIG	scaffold_239	48097	correct
2483293	2485194	1902	1	Staphylococcus_aureus_NZ_OX344719.1	scaffold_240	99.95		True
local misassembly
2476434	2482899	8368	1903	Staphylococcus_aureus_NZ_OX344719.1	scaffold_240	99.98		True
local misassembly
2475184	2476024	9209	8369	Staphylococcus_aureus_NZ_OX344719.1	scaffold_240	100.0		True
local misassembly
2464038	2475080	20252	9210	Staphylococcus_aureus_NZ_OX344719.1	scaffold_240	99.96		True
local misassembly
2443312	2463669	40610	20253	Staphylococcus_aureus_NZ_OX344719.1	scaffold_240	99.96		True
local misassembly
2438591	2443100	45129	40611	Staphylococcus_aureus_NZ_OX344719.1	scaffold_240	99.67		True
CONTIG	scaffold_240	45129	correct
1015227	1019793	4567	1	Staphylococcus_aureus_NZ_OX344719.1	scaffold_243	99.93		True
local misassembly
994691	1015082	24954	4568	Staphylococcus_aureus_NZ_OX344719.1	scaffold_243	99.94		True
local misassembly
973590	994485	45858	24955	Staphylococcus_aureus_NZ_OX344719.1	scaffold_243	99.89		True
CONTIG	scaffold_243	45858	correct
2342682	2345432	2751	1	Staphylococcus_aureus_NZ_OX344719.1	scaffold_245	99.89		True
local misassembly
2332525	2342475	12636	2752	Staphylococcus_aureus_NZ_OX344719.1	scaffold_245	98.08		True
local misassembly
2320342	2332356	24884	12863	Staphylococcus_aureus_NZ_OX344719.1	scaffold_245	98.31		True
local misassembly
2316402	2319513	28234	25123	Staphylococcus_aureus_NZ_OX344719.1	scaffold_245	97.21		True
CONTIG	scaffold_245	28246	correct
2891180	2897430	6249	1	Staphylococcus_aureus_NZ_OX344719.1	scaffold_250	99.94		True
local misassembly
2871926	2890979	25309	6250	Staphylococcus_aureus_NZ_OX344719.1	scaffold_250	99.89		True
CONTIG	scaffold_250	25586	correct
1184932	1208057	23153	1	Staphylococcus_aureus_NZ_OX344719.1	scaffold_251	99.91		True
CONTIG	scaffold_251	23153	correct
2613725	2618890	1	5166	Staphylococcus_aureus_NZ_OX344719.1	scaffold_256	99.9		True
local misassembly
2619086	2625964	5167	12045	Staphylococcus_aureus_NZ_OX344719.1	scaffold_256	99.99		True
local misassembly
2626335	2639780	12046	25490	Staphylococcus_aureus_NZ_OX344719.1	scaffold_256	99.94		True
local misassembly
2639760	2644898	25641	30778	Staphylococcus_aureus_NZ_OX344719.1	scaffold_256	99.9		True
CONTIG	scaffold_256	30778	correct
2345425	2364174	18749	1	Staphylococcus_aureus_NZ_OX344719.1	scaffold_258	99.95		True
CONTIG	scaffold_258	18749	correct
1348497	1366755	1	18260	Staphylococcus_aureus_NZ_OX344719.1	scaffold_261	99.96		True
CONTIG	scaffold_261	18260	correct
2237884	2241042	1	3159	Staphylococcus_aureus_NZ_OX344719.1	scaffold_266	96.99		True
local misassembly
2241142	2244947	3169	6988	Staphylococcus_aureus_NZ_OX344719.1	scaffold_266	95.53		True
local misassembly
2245980	2256809	7998	18810	Staphylococcus_aureus_NZ_OX344719.1	scaffold_266	95.9		True
local misassembly
2256615	2258421	19102	20908	Staphylococcus_aureus_NZ_OX344719.1	scaffold_266	96.57		True
CONTIG	scaffold_266	20908	correct
1094556	1098248	1	3694	Staphylococcus_aureus_NZ_OX344719.1	scaffold_270	99.65		True
relocation, inconsistency = 1194357
2292608	2306164	17258	3697	Staphylococcus_aureus_NZ_OX344719.1	scaffold_270	98.21		True
CONTIG	scaffold_270	17258	misassembled
1936002	1943477	4	7478	Staphylococcus_aureus_NZ_OX344719.1	scaffold_271	98.25		True
relocation, inconsistency = 2062
1945543	1954897	7482	16832	Staphylococcus_aureus_NZ_OX344719.1	scaffold_271	98.26		True
CONTIG	scaffold_271	16835	misassembled
1509860	1520644	1	10785	Staphylococcus_aureus_NZ_OX344719.1	scaffold_274	99.95		True
local misassembly
1520919	1537342	10786	27209	Staphylococcus_aureus_NZ_OX344719.1	scaffold_274	99.95		True
CONTIG	scaffold_274	27209	correct
1473290	1489922	1	16633	Staphylococcus_aureus_NZ_OX344719.1	scaffold_277	99.95		True
CONTIG	scaffold_277	16633	correct
655114	671079	1	15966	Staphylococcus_aureus_NZ_OX344719.1	scaffold_280	99.98		True
CONTIG	scaffold_280	15966	correct
2364905	2380795	1	15893	Staphylococcus_aureus_NZ_OX344719.1	scaffold_281	99.91		True
CONTIG	scaffold_281	15893	correct
2750346	2754648	1	4303	Staphylococcus_aureus_NZ_OX344719.1	scaffold_284	100.0		True
local misassembly
2754928	2767973	4304	17349	Staphylococcus_aureus_NZ_OX344719.1	scaffold_284	99.92		True
local misassembly
2767964	2770007	17577	19620	Staphylococcus_aureus_NZ_OX344719.1	scaffold_284	99.95		True
CONTIG	scaffold_284	19620	correct
211	15168	14957	1	Staphylococcus_aureus_NZ_OX344719.1	scaffold_287	99.97		True
local misassembly [linear representation of circular genome]
2917168	2918353	16158	14973	Staphylococcus_aureus_NZ_OX344719.1	scaffold_287	100.0		True
CONTIG	scaffold_287	16158	correct
92211	107078	14869	1	Staphylococcus_aureus_NZ_OX344719.1	scaffold_288	99.98		True
local misassembly
88916	91790	17744	14870	Staphylococcus_aureus_NZ_OX344719.1	scaffold_288	100.0		True
CONTIG	scaffold_288	17744	correct
447270	461933	1	14722	Staphylococcus_aureus_NZ_OX344719.1	scaffold_289	99.56		True
CONTIG	scaffold_289	14722	correct
1718882	1728274	23781	33173	Staphylococcus_aureus_NZ_OX344719.1	scaffold_290	99.89		True
CONTIG	scaffold_290	33173	correct_unaligned
361374	367116	10583	16403	Staphylococcus_aureus_NZ_OX344719.1	scaffold_297	100.0		True
CONTIG	scaffold_297	16403	correct_unaligned
1779704	1793772	1	14068	Staphylococcus_aureus_NZ_OX344719.1	scaffold_298	99.96		True
local misassembly
1794048	1796756	14069	16778	Staphylococcus_aureus_NZ_OX344719.1	scaffold_298	97.9		True
CONTIG	scaffold_298	16778	correct
699064	713101	14037	1	Staphylococcus_aureus_NZ_OX344719.1	scaffold_299	99.98		True
CONTIG	scaffold_299	14037	correct
2868812	2871926	14032	10918	Staphylococcus_aureus_NZ_OX344719.1	scaffold_300	100.0		True
CONTIG	scaffold_300	14032	correct_unaligned
1868280	1877250	8976	1	Staphylococcus_aureus_NZ_OX344719.1	scaffold_302	98.9		True
relocation, inconsistency = -2750
1867373	1868347	12631	11659	Staphylococcus_aureus_NZ_OX344719.1	scaffold_302	96.0		True
local misassembly
1866139	1867113	13865	12891	Staphylococcus_aureus_NZ_OX344719.1	scaffold_302	98.46		True
CONTIG	scaffold_302	13865	misassembled
624488	638327	1	13840	Staphylococcus_aureus_NZ_OX344719.1	scaffold_303	99.96		True
CONTIG	scaffold_303	13840	correct
1288442	1303218	3	14765	Staphylococcus_aureus_NZ_OX344719.1	scaffold_304	98.31		True
CONTIG	scaffold_304	14870	correct
222902	236174	13273	1	Staphylococcus_aureus_NZ_OX344719.1	scaffold_307	99.92		True
local misassembly
218337	222746	17683	13274	Staphylococcus_aureus_NZ_OX344719.1	scaffold_307	100.0		True
CONTIG	scaffold_307	17779	correct
606006	619256	13252	1	Staphylococcus_aureus_NZ_OX344719.1	scaffold_308	99.92		True
CONTIG	scaffold_308	13252	correct
2166285	2167576	7	1298	Staphylococcus_aureus_NZ_OX344719.1	scaffold_310	95.82		True
relocation, inconsistency = -1015
2168312	2169456	3049	4189	Staphylococcus_aureus_NZ_OX344719.1	scaffold_310	97.9		True
local misassembly
2169447	2172496	4667	7711	Staphylococcus_aureus_NZ_OX344719.1	scaffold_310	95.34		True
local misassembly
2172949	2173279	8171	8501	Staphylococcus_aureus_NZ_OX344719.1	scaffold_310	95.77		True
local misassembly
2174231	2175484	9626	10879	Staphylococcus_aureus_NZ_OX344719.1	scaffold_310	95.61		True
local misassembly
2176340	2177418	11730	12808	Staphylococcus_aureus_NZ_OX344719.1	scaffold_310	96.29		True
indel: indel (<= 5bp)
2177464	2177598	12852	12986	Staphylococcus_aureus_NZ_OX344719.1	scaffold_310	95.56		True
CONTIG	scaffold_310	13131	misassembled
1424724	1437184	1	12597	Staphylococcus_aureus_NZ_OX344719.1	scaffold_318	98.84		True
local misassembly
1437553	1445230	12598	20275	Staphylococcus_aureus_NZ_OX344719.1	scaffold_318	99.97		True
CONTIG	scaffold_318	20275	correct
1620340	1621948	1609	1	Staphylococcus_aureus_NZ_OX344719.1	scaffold_319	99.94		True
local misassembly
1607759	1620123	13980	1610	Staphylococcus_aureus_NZ_OX344719.1	scaffold_319	99.88		True
CONTIG	scaffold_319	13980	correct
1880774	1893252	12488	1	Staphylococcus_aureus_NZ_OX344719.1	scaffold_321	98.28		True
CONTIG	scaffold_321	12488	correct
759703	771974	1	12272	Staphylococcus_aureus_NZ_OX344719.1	scaffold_323	99.92		True
CONTIG	scaffold_323	12272	correct
133763	146024	1	12262	Staphylococcus_aureus_NZ_OX344719.1	scaffold_324	99.98		True
CONTIG	scaffold_324	12262	correct
2183150	2195225	12075	2	Staphylococcus_aureus_NZ_OX344719.1	scaffold_326	97.01		True
CONTIG	scaffold_326	12075	correct
893966	896366	2401	1	Staphylococcus_aureus_NZ_OX344719.1	scaffold_329	99.96		True
local misassembly
889832	893821	6391	2402	Staphylococcus_aureus_NZ_OX344719.1	scaffold_329	99.92		True
local misassembly
888187	889557	7762	6392	Staphylococcus_aureus_NZ_OX344719.1	scaffold_329	99.85		True
local misassembly
876122	887902	19543	7763	Staphylococcus_aureus_NZ_OX344719.1	scaffold_329	99.97		True
CONTIG	scaffold_329	19543	correct
2645790	2657684	1	11895	Staphylococcus_aureus_NZ_OX344719.1	scaffold_330	99.88		True
CONTIG	scaffold_330	11895	correct
1457008	1468717	1	11710	Staphylococcus_aureus_NZ_OX344719.1	scaffold_331	99.97		True
CONTIG	scaffold_331	11710	correct
1542082	1555079	12998	1	Staphylococcus_aureus_NZ_OX344719.1	scaffold_332	99.71		True
CONTIG	scaffold_332	16970	correct
2219997	2221734	1779	1	Staphylococcus_aureus_NZ_OX344719.1	scaffold_333	95.0		True
relocation, inconsistency = 1013
2209128	2212085	11631	8678	Staphylococcus_aureus_NZ_OX344719.1	scaffold_333	96.18		True
local misassembly
2206276	2208930	14283	11635	Staphylococcus_aureus_NZ_OX344719.1	scaffold_333	97.25		True
CONTIG	scaffold_333	14283	misassembled
205604	217149	1	11545	Staphylococcus_aureus_NZ_OX344719.1	scaffold_336	99.92		True
CONTIG	scaffold_336	11545	correct
563868	575305	1	11437	Staphylococcus_aureus_NZ_OX344719.1	scaffold_337	99.95		True
CONTIG	scaffold_337	11437	correct
856008	857846	1	1839	Staphylococcus_aureus_NZ_OX344719.1	scaffold_339	99.95		True
local misassembly
857988	869213	1840	13065	Staphylococcus_aureus_NZ_OX344719.1	scaffold_339	99.9		True
local misassembly
869522	873646	13066	17190	Staphylococcus_aureus_NZ_OX344719.1	scaffold_339	100.0		True
local misassembly
873774	876035	17191	19452	Staphylococcus_aureus_NZ_OX344719.1	scaffold_339	100.0		True
CONTIG	scaffold_339	19452	correct
731793	743126	1	11334	Staphylococcus_aureus_NZ_OX344719.1	scaffold_340	99.93		True
local misassembly
743237	749110	11335	17208	Staphylococcus_aureus_NZ_OX344719.1	scaffold_340	99.98		True
local misassembly
749356	753021	17209	20874	Staphylococcus_aureus_NZ_OX344719.1	scaffold_340	100.0		True
CONTIG	scaffold_340	20874	correct
2010169	2018711	8547	5	Staphylococcus_aureus_NZ_OX344719.1	scaffold_343	98.62		True
local misassembly
2006951	2007447	11141	10645	Staphylococcus_aureus_NZ_OX344719.1	scaffold_343	99.4		True
CONTIG	scaffold_343	11141	correct
1711496	1718889	1	7394	Staphylococcus_aureus_NZ_OX344719.1	scaffold_344	99.95		True
CONTIG	scaffold_344	11091	correct
2505035	2516003	10968	1	Staphylococcus_aureus_NZ_OX344719.1	scaffold_345	99.93		True
CONTIG	scaffold_345	10968	correct
2534224	2538426	1	4203	Staphylococcus_aureus_NZ_OX344719.1	scaffold_346	99.95		True
local misassembly
2538622	2549051	4204	14633	Staphylococcus_aureus_NZ_OX344719.1	scaffold_346	99.98		True
CONTIG	scaffold_346	14633	correct
1684960	1690618	1	5659	Staphylococcus_aureus_NZ_OX344719.1	scaffold_350	99.96		True
relocation, inconsistency = 5931
1696550	1701281	5660	10392	Staphylococcus_aureus_NZ_OX344719.1	scaffold_350	99.77		True
CONTIG	scaffold_350	10392	misassembled
1040588	1050940	10353	1	Staphylococcus_aureus_NZ_OX344719.1	scaffold_351	99.94		True
CONTIG	scaffold_351	10353	correct
2809041	2817636	1	8596	Staphylococcus_aureus_NZ_OX344719.1	scaffold_352	99.97		True
local misassembly
2817537	2819286	8597	10346	Staphylococcus_aureus_NZ_OX344719.1	scaffold_352	99.51		True
CONTIG	scaffold_352	10346	correct
2116541	2116635	95	1	Staphylococcus_aureus_NZ_OX344719.1	scaffold_353	100.0		True
unknown
2111939	2116541	5414	812	Staphylococcus_aureus_NZ_OX344719.1	scaffold_353	99.89		True
unknown
CONTIG	scaffold_353	12577	mis_unaligned
2270631	2276780	1	6149	Staphylococcus_aureus_NZ_OX344719.1	scaffold_354	98.47		True
local misassembly
2277805	2281842	6206	10243	Staphylococcus_aureus_NZ_OX344719.1	scaffold_354	98.98		True
CONTIG	scaffold_354	10243	correct
1220613	1230667	1	10056	Staphylococcus_aureus_NZ_OX344719.1	scaffold_356	99.91		True
CONTIG	scaffold_356	10153	correct
307393	317466	1	10074	Staphylococcus_aureus_NZ_OX344719.1	scaffold_357	99.95		True
CONTIG	scaffold_357	10074	correct
2422526	2430470	7946	1	Staphylococcus_aureus_NZ_OX344719.1	scaffold_358	99.95		True
local misassembly
2419737	2421836	10046	7947	Staphylococcus_aureus_NZ_OX344719.1	scaffold_358	98.55		True
local misassembly
2419084	2419428	10391	10047	Staphylococcus_aureus_NZ_OX344719.1	scaffold_358	100.0		True
relocation, inconsistency = 3258
2405092	2415825	21104	10392	Staphylococcus_aureus_NZ_OX344719.1	scaffold_358	98.87		True
CONTIG	scaffold_358	21104	misassembled
1338703	1348475	9773	1	Staphylococcus_aureus_NZ_OX344719.1	scaffold_360	99.96		True
CONTIG	scaffold_360	9773	correct
317832	323541	1	5710	Staphylococcus_aureus_NZ_OX344719.1	scaffold_361	99.95		True
local misassembly
323792	333290	5711	15209	Staphylococcus_aureus_NZ_OX344719.1	scaffold_361	99.97		True
local misassembly
333569	340130	15210	21771	Staphylococcus_aureus_NZ_OX344719.1	scaffold_361	100.0		True
CONTIG	scaffold_361	21771	correct
2032493	2040061	7611	44	Staphylococcus_aureus_NZ_OX344719.1	scaffold_362	98.53		True
local misassembly
2029918	2032035	9727	7612	Staphylococcus_aureus_NZ_OX344719.1	scaffold_362	97.36		True
CONTIG	scaffold_362	9727	correct
575304	584872	9632	1	Staphylococcus_aureus_NZ_OX344719.1	scaffold_364	99.33		True
CONTIG	scaffold_364	9632	correct
24599	34225	9628	1	Staphylococcus_aureus_NZ_OX344719.1	scaffold_365	99.95		True
CONTIG	scaffold_365	9628	correct
1327915	1337519	9549	1	Staphylococcus_aureus_NZ_OX344719.1	scaffold_366	99.4		True
CONTIG	scaffold_366	9549	correct
1166286	1175805	9520	1	Staphylococcus_aureus_NZ_OX344719.1	scaffold_367	99.94		True
CONTIG	scaffold_367	9520	correct
2020181	2022281	1	2100	Staphylococcus_aureus_NZ_OX344719.1	scaffold_368	97.76		True
local misassembly
2022467	2029829	2195	9495	Staphylococcus_aureus_NZ_OX344719.1	scaffold_368	96.14		True
CONTIG	scaffold_368	9495	correct
1555061	1564507	9447	1	Staphylococcus_aureus_NZ_OX344719.1	scaffold_369	99.94		True
CONTIG	scaffold_369	9447	correct
1634041	1643216	9267	92	Staphylococcus_aureus_NZ_OX344719.1	scaffold_371	99.97		True
CONTIG	scaffold_371	9267	correct
1896526	1901052	4	4525	Staphylococcus_aureus_NZ_OX344719.1	scaffold_373	97.39		True
local misassembly
1901093	1904873	5379	9159	Staphylococcus_aureus_NZ_OX344719.1	scaffold_373	98.23		True
local misassembly
1905082	1910263	9160	14326	Staphylococcus_aureus_NZ_OX344719.1	scaffold_373	97.95		True
CONTIG	scaffold_373	14333	correct
1797014	1803924	161	7077	Staphylococcus_aureus_NZ_OX344719.1	scaffold_374	96.36		True
relocation, inconsistency = -735430
1068755	1069136	7338	7718	Staphylococcus_aureus_NZ_OX344719.1	scaffold_374	96.07		True
CONTIG	scaffold_374	9153	misassembled
341309	350375	9067	1	Staphylococcus_aureus_NZ_OX344719.1	scaffold_377	99.98		True
CONTIG	scaffold_377	9067	correct
671067	679768	1	8870	Staphylococcus_aureus_NZ_OX344719.1	scaffold_381	98.02		True
CONTIG	scaffold_381	8965	correct
294884	303765	8882	1	Staphylococcus_aureus_NZ_OX344719.1	scaffold_382	99.93		True
CONTIG	scaffold_382	8926	correct
2835321	2847335	1	12015	Staphylococcus_aureus_NZ_OX344719.1	scaffold_387	99.92		True
CONTIG	scaffold_387	12015	correct
690062	698611	8550	1	Staphylococcus_aureus_NZ_OX344719.1	scaffold_388	99.96		True
CONTIG	scaffold_388	8550	correct
1847141	1848970	1	1829	Staphylococcus_aureus_NZ_OX344719.1	scaffold_390	99.02		True
relocation, inconsistency = 1358
1850382	1856949	1883	8450	Staphylococcus_aureus_NZ_OX344719.1	scaffold_390	98.51		True
local misassembly
1857319	1858890	8451	10022	Staphylococcus_aureus_NZ_OX344719.1	scaffold_390	97.52		True
local misassembly
1859487	1861439	10074	12026	Staphylococcus_aureus_NZ_OX344719.1	scaffold_390	98.36		True
CONTIG	scaffold_390	12026	misassembled
118280	126712	8432	1	Staphylococcus_aureus_NZ_OX344719.1	scaffold_391	99.98		True
local misassembly
116142	118125	10416	8433	Staphylococcus_aureus_NZ_OX344719.1	scaffold_391	99.95		True
CONTIG	scaffold_391	10416	correct
802986	809400	1	6415	Staphylococcus_aureus_NZ_OX344719.1	scaffold_392	99.89		True
local misassembly
809646	822550	6416	19268	Staphylococcus_aureus_NZ_OX344719.1	scaffold_392	99.54		True
local misassembly
822744	823974	19269	20499	Staphylococcus_aureus_NZ_OX344719.1	scaffold_392	100.0		True
CONTIG	scaffold_392	20499	correct
949059	950414	1356	1	Staphylococcus_aureus_NZ_OX344719.1	scaffold_393	99.93		True
local misassembly
947509	948934	2782	1357	Staphylococcus_aureus_NZ_OX344719.1	scaffold_393	100.0		True
local misassembly
939138	947417	11062	2783	Staphylococcus_aureus_NZ_OX344719.1	scaffold_393	100.0		True
CONTIG	scaffold_393	11062	correct
2040531	2048841	1	8311	Staphylococcus_aureus_NZ_OX344719.1	scaffold_396	97.22		True
CONTIG	scaffold_396	8316	correct
835132	842028	6897	1	Staphylococcus_aureus_NZ_OX344719.1	scaffold_397	99.97		True
local misassembly
833000	834389	8287	6898	Staphylococcus_aureus_NZ_OX344719.1	scaffold_397	99.78		True
CONTIG	scaffold_397	8287	correct
1037332	1039863	2532	1	Staphylococcus_aureus_NZ_OX344719.1	scaffold_399	100.0		True
local misassembly
1029052	1037088	10569	2533	Staphylococcus_aureus_NZ_OX344719.1	scaffold_399	99.98		True
CONTIG	scaffold_399	10569	correct
1311446	1319700	8255	1	Staphylococcus_aureus_NZ_OX344719.1	scaffold_400	99.96		True
local misassembly
1309929	1311251	9578	8256	Staphylococcus_aureus_NZ_OX344719.1	scaffold_400	100.0		True
CONTIG	scaffold_400	9578	correct
2550790	2552865	1	2076	Staphylococcus_aureus_NZ_OX344719.1	scaffold_403	99.95		True
local misassembly
2553007	2561004	2077	10074	Staphylococcus_aureus_NZ_OX344719.1	scaffold_403	99.95		True
CONTIG	scaffold_403	10074	correct
772040	780157	1	8120	Staphylococcus_aureus_NZ_OX344719.1	scaffold_405	99.8		True
local misassembly
780259	784964	8121	12826	Staphylococcus_aureus_NZ_OX344719.1	scaffold_405	99.98		True
CONTIG	scaffold_405	12826	correct
584854	592952	8099	1	Staphylococcus_aureus_NZ_OX344719.1	scaffold_406	100.0		True
CONTIG	scaffold_406	8099	correct
78575	86702	1	8069	Staphylococcus_aureus_NZ_OX344719.1	scaffold_407	99.21		True
local misassembly
87010	88933	8070	9993	Staphylococcus_aureus_NZ_OX344719.1	scaffold_407	100.0		True
CONTIG	scaffold_407	9993	correct
70624	78661	1	8038	Staphylococcus_aureus_NZ_OX344719.1	scaffold_408	99.9		True
CONTIG	scaffold_408	8038	correct
1155333	1158072	2740	1	Staphylococcus_aureus_NZ_OX344719.1	scaffold_410	99.89		True
local misassembly
1153218	1155228	4751	2741	Staphylococcus_aureus_NZ_OX344719.1	scaffold_410	99.95		True
local misassembly
1145155	1152951	12548	4752	Staphylococcus_aureus_NZ_OX344719.1	scaffold_410	99.94		True
CONTIG	scaffold_410	12548	correct
2266421	2268226	1802	1	Staphylococcus_aureus_NZ_OX344719.1	scaffold_411	98.23		True
local misassembly
2258447	2266279	9652	1803	Staphylococcus_aureus_NZ_OX344719.1	scaffold_411	98.03		True
CONTIG	scaffold_411	9652	correct
1119676	1120110	532	965	Staphylococcus_aureus_NZ_OX344719.1	scaffold_412	96.78		True
relocation, inconsistency = 745265
370889	374261	4488	1115	Staphylococcus_aureus_NZ_OX344719.1	scaffold_412	99.94		True
relocation, inconsistency = 1427150
1803907	1804880	6984	7957	Staphylococcus_aureus_NZ_OX344719.1	scaffold_412	97.84		True
CONTIG	scaffold_412	7958	misassembled
1272928	1280853	7927	1	Staphylococcus_aureus_NZ_OX344719.1	scaffold_414	99.85		True
local misassembly
1269700	1272708	10936	7928	Staphylococcus_aureus_NZ_OX344719.1	scaffold_414	99.97		True
local misassembly
1264008	1269503	16432	10937	Staphylococcus_aureus_NZ_OX344719.1	scaffold_414	99.89		True
CONTIG	scaffold_414	16432	correct
2381375	2389272	7898	1	Staphylococcus_aureus_NZ_OX344719.1	scaffold_415	99.92		True
CONTIG	scaffold_415	7898	correct
533191	541060	1	7870	Staphylococcus_aureus_NZ_OX344719.1	scaffold_416	99.92		True
CONTIG	scaffold_416	7870	correct
1176401	1184251	7850	1	Staphylococcus_aureus_NZ_OX344719.1	scaffold_417	99.94		True
CONTIG	scaffold_417	7850	correct
964493	964590	98	1	Staphylococcus_aureus_NZ_OX344719.1	scaffold_420	100.0		True
CONTIG	scaffold_420	7711	correct_unaligned
1021374	1029063	1	7690	Staphylococcus_aureus_NZ_OX344719.1	scaffold_421	99.92		True
CONTIG	scaffold_421	7690	correct
2525994	2533650	7657	1	Staphylococcus_aureus_NZ_OX344719.1	scaffold_423	99.88		True
CONTIG	scaffold_423	7657	correct
146004	153101	1	7096	Staphylococcus_aureus_NZ_OX344719.1	scaffold_424	99.93		True
local misassembly
153323	157015	7097	10788	Staphylococcus_aureus_NZ_OX344719.1	scaffold_424	99.92		True
relocation, inconsistency = 1251
158267	162012	10789	14534	Staphylococcus_aureus_NZ_OX344719.1	scaffold_424	100.0		True
CONTIG	scaffold_424	14534	misassembled
2397569	2403588	6031	1	Staphylococcus_aureus_NZ_OX344719.1	scaffold_425	99.75		True
CONTIG	scaffold_425	8733	correct
548285	550003	1	1719	Staphylococcus_aureus_NZ_OX344719.1	scaffold_426	99.94		True
local misassembly
550683	556609	1720	7646	Staphylococcus_aureus_NZ_OX344719.1	scaffold_426	99.93		True
local misassembly
556751	563849	7647	14745	Staphylococcus_aureus_NZ_OX344719.1	scaffold_426	99.9		True
CONTIG	scaffold_426	14745	correct
2819355	2826901	1	7547	Staphylococcus_aureus_NZ_OX344719.1	scaffold_428	99.92		True
local misassembly
2827056	2829842	7548	10334	Staphylococcus_aureus_NZ_OX344719.1	scaffold_428	99.96		True
CONTIG	scaffold_428	10334	correct
266136	273674	7539	1	Staphylococcus_aureus_NZ_OX344719.1	scaffold_429	99.97		True
CONTIG	scaffold_429	7539	correct
177808	192065	84	14272	Staphylococcus_aureus_NZ_OX344719.1	scaffold_431	99.5		True
CONTIG	scaffold_431	14272	correct
682609	690103	7495	1	Staphylococcus_aureus_NZ_OX344719.1	scaffold_432	99.91		True
local misassembly
680999	682332	8829	7496	Staphylococcus_aureus_NZ_OX344719.1	scaffold_432	100.0		True
CONTIG	scaffold_432	8829	correct
2134620	2138762	4142	1	Staphylococcus_aureus_NZ_OX344719.1	scaffold_433	98.48		True
local misassembly
2131296	2134357	7453	4392	Staphylococcus_aureus_NZ_OX344719.1	scaffold_433	98.99		True
CONTIG	scaffold_433	7453	correct
2501575	2505017	3443	1	Staphylococcus_aureus_NZ_OX344719.1	scaffold_434	99.97		True
local misassembly
2494098	2501292	10638	3444	Staphylococcus_aureus_NZ_OX344719.1	scaffold_434	99.99		True
CONTIG	scaffold_434	10638	correct
1246388	1253825	6	7443	Staphylococcus_aureus_NZ_OX344719.1	scaffold_435	99.93		True
local misassembly
1253930	1256114	7444	9628	Staphylococcus_aureus_NZ_OX344719.1	scaffold_435	100.0		True
CONTIG	scaffold_435	9628	correct
237129	251756	14635	1	Staphylococcus_aureus_NZ_OX344719.1	scaffold_437	99.95		True
CONTIG	scaffold_437	14635	correct
163106	170482	7377	1	Staphylococcus_aureus_NZ_OX344719.1	scaffold_438	99.91		True
CONTIG	scaffold_438	7377	correct
1565242	1572576	7335	1	Staphylococcus_aureus_NZ_OX344719.1	scaffold_440	99.92		True
CONTIG	scaffold_440	7335	correct
263326	265180	1855	1	Staphylococcus_aureus_NZ_OX344719.1	scaffold_442	99.84		True
fake: scaffold gap size wrong estimation (local)
252206	262848	12563	1989	Staphylococcus_aureus_NZ_OX344719.1	scaffold_442	99.33		True
CONTIG	scaffold_442	12563	correct
1158066	1165329	1	7264	Staphylococcus_aureus_NZ_OX344719.1	scaffold_443	99.94		True
CONTIG	scaffold_443	7264	correct
2122581	2122677	7163	7067	Staphylococcus_aureus_NZ_OX344719.1	scaffold_447	100.0		True
CONTIG	scaffold_447	7163	correct_unaligned
2852336	2859481	1	7146	Staphylococcus_aureus_NZ_OX344719.1	scaffold_448	99.92		True
CONTIG	scaffold_448	7146	correct
1129111	1136025	6915	1	Staphylococcus_aureus_NZ_OX344719.1	scaffold_453	99.97		True
CONTIG	scaffold_453	6915	correct
1582013	1588830	6818	1	Staphylococcus_aureus_NZ_OX344719.1	scaffold_456	99.96		True
local misassembly
1579114	1581768	9472	6819	Staphylococcus_aureus_NZ_OX344719.1	scaffold_456	99.89		True
CONTIG	scaffold_456	9472	correct
2572518	2579371	6794	1	Staphylococcus_aureus_NZ_OX344719.1	scaffold_457	99.07		True
CONTIG	scaffold_457	6794	correct
639796	640569	3707	2934	Staphylococcus_aureus_NZ_OX344719.1	scaffold_458	98.58		True
relocation, inconsistency = 1665596
2306167	2311628	3709	9173	Staphylococcus_aureus_NZ_OX344719.1	scaffold_458	98.52		True
CONTIG	scaffold_458	9173	misassembled
127002	133744	1	6743	Staphylococcus_aureus_NZ_OX344719.1	scaffold_460	99.91		True
CONTIG	scaffold_460	6743	correct
2907919	2910098	1	2180	Staphylococcus_aureus_NZ_OX344719.1	scaffold_462	97.39		True
local misassembly
2910809	2912228	2891	4310	Staphylococcus_aureus_NZ_OX344719.1	scaffold_462	97.75		True
local misassembly
2912672	2914053	4763	6145	Staphylococcus_aureus_NZ_OX344719.1	scaffold_462	98.63		True
CONTIG	scaffold_462	6682	correct
2048832	2048992	1	161	Staphylococcus_aureus_NZ_OX344719.1	scaffold_463	95.52		True
local misassembly
2049167	2053012	162	3959	Staphylococcus_aureus_NZ_OX344719.1	scaffold_463	97.71		True
relocation, inconsistency = 2395
2055408	2058118	3960	6669	Staphylococcus_aureus_NZ_OX344719.1	scaffold_463	97.17		True
CONTIG	scaffold_463	6669	misassembled
412385	417345	4961	1	Staphylococcus_aureus_NZ_OX344719.1	scaffold_464	99.96		True
relocation, inconsistency = 43534
367171	368850	6641	4962	Staphylococcus_aureus_NZ_OX344719.1	scaffold_464	99.94		True
CONTIG	scaffold_464	6641	misassembled
2579938	2586566	1	6629	Staphylococcus_aureus_NZ_OX344719.1	scaffold_465	100.0		True
local misassembly
2586786	2588868	6630	8712	Staphylococcus_aureus_NZ_OX344719.1	scaffold_465	99.9		True
CONTIG	scaffold_465	8712	correct
15832	22297	6467	1	Staphylococcus_aureus_NZ_OX344719.1	scaffold_468	99.64		True
CONTIG	scaffold_468	6467	correct
2281849	2288308	6461	1	Staphylococcus_aureus_NZ_OX344719.1	scaffold_469	98.36		True
CONTIG	scaffold_469	6461	correct
1703120	1710857	7764	1	Staphylococcus_aureus_NZ_OX344719.1	scaffold_470	99.64		True
CONTIG	scaffold_470	7764	correct
2124930	2131315	6388	6	Staphylococcus_aureus_NZ_OX344719.1	scaffold_471	97.04		True
CONTIG	scaffold_471	6388	correct
2743160	2749469	1	6310	Staphylococcus_aureus_NZ_OX344719.1	scaffold_477	99.97		True
CONTIG	scaffold_477	6310	correct
796912	803041	6130	1	Staphylococcus_aureus_NZ_OX344719.1	scaffold_483	99.97		True
local misassembly
794819	796722	8034	6131	Staphylococcus_aureus_NZ_OX344719.1	scaffold_483	99.95		True
CONTIG	scaffold_483	8034	correct
1445227	1455359	1	10121	Staphylococcus_aureus_NZ_OX344719.1	scaffold_486	99.82		True
CONTIG	scaffold_486	10121	correct
1537326	1542236	6038	1104	Staphylococcus_aureus_NZ_OX344719.1	scaffold_489	99.45		True
CONTIG	scaffold_489	6038	correct
1256126	1262120	1	5997	Staphylococcus_aureus_NZ_OX344719.1	scaffold_493	99.95		True
CONTIG	scaffold_493	5997	correct
1729208	1730043	1	836	Staphylococcus_aureus_NZ_OX344719.1	scaffold_494	100.0		True
relocation, inconsistency = 18042
1748086	1753224	837	5975	Staphylococcus_aureus_NZ_OX344719.1	scaffold_494	99.96		True
local misassembly
1753420	1757269	5976	9825	Staphylococcus_aureus_NZ_OX344719.1	scaffold_494	99.97		True
local misassembly
1757365	1762165	9826	14626	Staphylococcus_aureus_NZ_OX344719.1	scaffold_494	99.96		True
CONTIG	scaffold_494	14626	misassembled
599916	605868	5958	6	Staphylococcus_aureus_NZ_OX344719.1	scaffold_496	99.97		True
local misassembly
594753	599533	10739	5959	Staphylococcus_aureus_NZ_OX344719.1	scaffold_496	99.94		True
CONTIG	scaffold_496	10739	correct
1840634	1846507	5874	1	Staphylococcus_aureus_NZ_OX344719.1	scaffold_501	98.57		True
local misassembly
1839050	1840530	7355	5875	Staphylococcus_aureus_NZ_OX344719.1	scaffold_501	98.78		True
CONTIG	scaffold_501	10216	correct
2725305	2733038	1	7644	Staphylococcus_aureus_NZ_OX344719.1	scaffold_502	98.76		True
relocation, inconsistency = 1128320
1594030	1596984	10599	7645	Staphylococcus_aureus_NZ_OX344719.1	scaffold_502	100.0		True
CONTIG	scaffold_502	10599	misassembled
958740	964589	5849	1	Staphylococcus_aureus_NZ_OX344719.1	scaffold_505	99.97		True
CONTIG	scaffold_505	5849	correct
2600219	2606020	1	5802	Staphylococcus_aureus_NZ_OX344719.1	scaffold_508	99.98		True
local misassembly
2606143	2609827	5803	9487	Staphylococcus_aureus_NZ_OX344719.1	scaffold_508	99.95		True
local misassembly
2610025	2613725	9490	13190	Staphylococcus_aureus_NZ_OX344719.1	scaffold_508	99.86		True
CONTIG	scaffold_508	13190	correct
2805973	2808097	2125	1	Staphylococcus_aureus_NZ_OX344719.1	scaffold_509	99.95		True
local misassembly
2800110	2805753	7769	2126	Staphylococcus_aureus_NZ_OX344719.1	scaffold_509	99.98		True
CONTIG	scaffold_509	7769	correct
2389265	2394860	1	5596	Staphylococcus_aureus_NZ_OX344719.1	scaffold_516	99.98		True
CONTIG	scaffold_516	5596	correct
721549	727140	1	5592	Staphylococcus_aureus_NZ_OX344719.1	scaffold_517	99.93		True
CONTIG	scaffold_517	5592	correct
1769262	1774837	5576	1	Staphylococcus_aureus_NZ_OX344719.1	scaffold_521	99.93		True
CONTIG	scaffold_521	5576	correct
1382528	1388096	5569	1	Staphylococcus_aureus_NZ_OX344719.1	scaffold_522	99.93		True
CONTIG	scaffold_522	5569	correct
966565	972092	1	5528	Staphylococcus_aureus_NZ_OX344719.1	scaffold_526	99.86		True
CONTIG	scaffold_526	5528	correct
789321	794810	1	5490	Staphylococcus_aureus_NZ_OX344719.1	scaffold_530	99.95		True
CONTIG	scaffold_530	5490	correct
192615	198103	1	5488	Staphylococcus_aureus_NZ_OX344719.1	scaffold_531	99.89		True
CONTIG	scaffold_531	5488	correct
521629	527031	1	5403	Staphylococcus_aureus_NZ_OX344719.1	scaffold_538	99.98		True
local misassembly
527383	531486	5404	9507	Staphylococcus_aureus_NZ_OX344719.1	scaffold_538	100.0		True
CONTIG	scaffold_538	9507	correct
904177	907800	3624	1	Staphylococcus_aureus_NZ_OX344719.1	scaffold_546	99.94		True
local misassembly
896411	903808	10970	3625	Staphylococcus_aureus_NZ_OX344719.1	scaffold_546	99.23		True
CONTIG	scaffold_546	10970	correct
510812	513295	2484	1	Staphylococcus_aureus_NZ_OX344719.1	scaffold_547	99.96		True
local misassembly
501095	510710	12069	2485	Staphylococcus_aureus_NZ_OX344719.1	scaffold_547	99.63		True
local misassembly
498148	500878	14800	12070	Staphylococcus_aureus_NZ_OX344719.1	scaffold_547	99.96		True
CONTIG	scaffold_547	14800	correct
541607	546732	1	5126	Staphylococcus_aureus_NZ_OX344719.1	scaffold_548	99.94		True
CONTIG	scaffold_548	5126	correct
951163	956267	1	5105	Staphylococcus_aureus_NZ_OX344719.1	scaffold_549	100.0		True
local misassembly
956617	958686	5111	7180	Staphylococcus_aureus_NZ_OX344719.1	scaffold_549	99.86		True
CONTIG	scaffold_549	7180	correct
351493	351637	4958	5102	Staphylococcus_aureus_NZ_OX344719.1	scaffold_550	97.93		True
CONTIG	scaffold_550	5102	correct_unaligned
2701267	2706340	1	5074	Staphylococcus_aureus_NZ_OX344719.1	scaffold_551	99.92		True
CONTIG	scaffold_551	5074	correct
172855	177816	5058	97	Staphylococcus_aureus_NZ_OX344719.1	scaffold_552	99.96		True
local misassembly
171483	172722	6298	5059	Staphylococcus_aureus_NZ_OX344719.1	scaffold_552	99.76		True
CONTIG	scaffold_552	6298	correct
753713	758730	5018	1	Staphylococcus_aureus_NZ_OX344719.1	scaffold_557	99.94		True
CONTIG	scaffold_557	5018	correct
2144131	2149153	1	5016	Staphylococcus_aureus_NZ_OX344719.1	scaffold_558	98.05		True
local misassembly
2149524	2151861	5017	7345	Staphylococcus_aureus_NZ_OX344719.1	scaffold_558	97.69		True
CONTIG	scaffold_558	7345	correct
401723	402128	1828	1423	Staphylococcus_aureus_NZ_OX344719.1	scaffold_560	95.81		True
CONTIG	scaffold_560	4990	correct_unaligned
2715435	2720317	1	4883	Staphylococcus_aureus_NZ_OX344719.1	scaffold_561	99.94		True
local misassembly
2720601	2725300	4884	9583	Staphylococcus_aureus_NZ_OX344719.1	scaffold_561	99.96		True
CONTIG	scaffold_561	9583	correct
713776	718737	1	4962	Staphylococcus_aureus_NZ_OX344719.1	scaffold_563	99.96		True
CONTIG	scaffold_563	4962	correct
1588898	1593838	4941	1	Staphylococcus_aureus_NZ_OX344719.1	scaffold_569	100.0		True
CONTIG	scaffold_569	4941	correct
1243906	1246333	2428	1	Staphylococcus_aureus_NZ_OX344719.1	scaffold_570	100.0		True
local misassembly
1238978	1243627	7078	2429	Staphylococcus_aureus_NZ_OX344719.1	scaffold_570	100.0		True
CONTIG	scaffold_570	7078	correct
1501906	1504885	1	2980	Staphylococcus_aureus_NZ_OX344719.1	scaffold_571	100.0		True
local misassembly
1505087	1509856	2981	7750	Staphylococcus_aureus_NZ_OX344719.1	scaffold_571	99.85		True
CONTIG	scaffold_571	7750	correct
1629192	1634048	4857	1	Staphylococcus_aureus_NZ_OX344719.1	scaffold_574	99.92		True
CONTIG	scaffold_574	4857	correct
2738305	2743136	4832	1	Staphylococcus_aureus_NZ_OX344719.1	scaffold_577	99.9		True
CONTIG	scaffold_577	4832	correct
2593717	2597275	3559	1	Staphylococcus_aureus_NZ_OX344719.1	scaffold_578	99.92		True
fake: scaffold gap size wrong estimation (local)
2588843	2593654	8553	3742	Staphylococcus_aureus_NZ_OX344719.1	scaffold_578	99.96		True
CONTIG	scaffold_578	8553	correct
619280	624064	4785	1	Staphylococcus_aureus_NZ_OX344719.1	scaffold_581	99.92		True
CONTIG	scaffold_581	4785	correct
1861433	1866130	1	4759	Staphylococcus_aureus_NZ_OX344719.1	scaffold_583	97.31		True
CONTIG	scaffold_583	4761	correct
2902486	2902795	2435	2126	Staphylococcus_aureus_NZ_OX344719.1	scaffold_584	98.39		True
local misassembly
2899950	2901680	4757	3027	Staphylococcus_aureus_NZ_OX344719.1	scaffold_584	99.48		True
local misassembly
2897472	2899706	6992	4758	Staphylococcus_aureus_NZ_OX344719.1	scaffold_584	100.0		True
CONTIG	scaffold_584	6992	correct
516952	521616	4665	1	Staphylococcus_aureus_NZ_OX344719.1	scaffold_591	99.96		True
CONTIG	scaffold_591	4665	correct
2201627	2206224	4606	1	Staphylococcus_aureus_NZ_OX344719.1	scaffold_592	98.61		True
local misassembly
2198803	2201247	7092	4648	Staphylococcus_aureus_NZ_OX344719.1	scaffold_592	97.87		True
local misassembly
2195262	2198559	10388	7093	Staphylococcus_aureus_NZ_OX344719.1	scaffold_592	97.21		True
CONTIG	scaffold_592	10388	correct
274329	278967	4639	1	Staphylococcus_aureus_NZ_OX344719.1	scaffold_593	99.89		True
CONTIG	scaffold_593	4639	correct
1140552	1145159	4608	1	Staphylococcus_aureus_NZ_OX344719.1	scaffold_596	99.98		True
local misassembly
1136013	1140415	9011	4609	Staphylococcus_aureus_NZ_OX344719.1	scaffold_596	99.91		True
CONTIG	scaffold_596	9011	correct
2864218	2868823	4605	1	Staphylococcus_aureus_NZ_OX344719.1	scaffold_597	99.93		True
CONTIG	scaffold_597	4605	correct
2516009	2520611	1	4603	Staphylococcus_aureus_NZ_OX344719.1	scaffold_598	99.96		True
local misassembly
2520721	2524693	4604	8577	Staphylococcus_aureus_NZ_OX344719.1	scaffold_598	99.87		True
CONTIG	scaffold_598	8577	correct
1322613	1324360	1748	1	Staphylococcus_aureus_NZ_OX344719.1	scaffold_601	100.0		True
local misassembly
1319671	1322495	4573	1749	Staphylococcus_aureus_NZ_OX344719.1	scaffold_601	99.93		True
CONTIG	scaffold_601	4573	correct
2661406	2665977	1	4572	Staphylococcus_aureus_NZ_OX344719.1	scaffold_602	99.96		True
CONTIG	scaffold_602	4572	correct
2567358	2571921	4564	1	Staphylococcus_aureus_NZ_OX344719.1	scaffold_603	99.96		True
local misassembly
2561777	2567152	9874	4565	Staphylococcus_aureus_NZ_OX344719.1	scaffold_603	98.7		True
CONTIG	scaffold_603	9874	correct
1303710	1308184	1	4474	Staphylococcus_aureus_NZ_OX344719.1	scaffold_610	99.89		True
CONTIG	scaffold_610	4474	correct
908540	913003	4464	1	Staphylococcus_aureus_NZ_OX344719.1	scaffold_611	100.0		True
CONTIG	scaffold_611	4464	correct
357390	361392	1	4003	Staphylococcus_aureus_NZ_OX344719.1	scaffold_618	100.0		True
CONTIG	scaffold_618	4317	correct
784948	789311	4314	1	Staphylococcus_aureus_NZ_OX344719.1	scaffold_619	98.65		True
CONTIG	scaffold_619	4314	correct
1233592	1237900	1	4309	Staphylococcus_aureus_NZ_OX344719.1	scaffold_622	100.0		True
CONTIG	scaffold_622	4309	correct
2152196	2156473	4278	1	Staphylococcus_aureus_NZ_OX344719.1	scaffold_626	99.49		True
CONTIG	scaffold_626	4278	correct
2163258	2165007	1842	93	Staphylococcus_aureus_NZ_OX344719.1	scaffold_635	98.97		True
local misassembly
2159048	2162993	5792	1843	Staphylococcus_aureus_NZ_OX344719.1	scaffold_635	99.22		True
CONTIG	scaffold_635	5792	correct
2486048	2490193	1	4146	Staphylococcus_aureus_NZ_OX344719.1	scaffold_641	99.98		True
CONTIG	scaffold_641	4146	correct
1627506	1629199	1692	1	Staphylococcus_aureus_NZ_OX344719.1	scaffold_642	99.88		True
local misassembly
1623388	1627174	5478	1693	Staphylococcus_aureus_NZ_OX344719.1	scaffold_642	99.92		True
CONTIG	scaffold_642	5478	correct
842024	846120	1	4097	Staphylococcus_aureus_NZ_OX344719.1	scaffold_643	99.93		True
local misassembly
846230	850243	4098	8110	Staphylococcus_aureus_NZ_OX344719.1	scaffold_643	99.98		True
CONTIG	scaffold_643	8110	correct
1468764	1472865	4108	7	Staphylococcus_aureus_NZ_OX344719.1	scaffold_648	99.93		True
CONTIG	scaffold_648	4108	correct
2230642	2234758	1	4092	Staphylococcus_aureus_NZ_OX344719.1	scaffold_649	98.08		True
CONTIG	scaffold_649	4092	correct
2178602	2179272	8	678	Staphylococcus_aureus_NZ_OX344719.1	scaffold_651	98.51		True
unknown
2179298	2179886	3434	4022	Staphylococcus_aureus_NZ_OX344719.1	scaffold_651	97.62		True
unknown
CONTIG	scaffold_651	4080	mis_unaligned
2905179	2905273	899	993	Staphylococcus_aureus_NZ_OX344719.1	scaffold_654	97.89		True
local misassembly
2905509	2906011	1226	1727	Staphylococcus_aureus_NZ_OX344719.1	scaffold_654	98.02		True
local misassembly
2906143	2907523	1862	3242	Staphylococcus_aureus_NZ_OX344719.1	scaffold_654	98.77		True
local misassembly
2907842	2908016	3868	4042	Staphylococcus_aureus_NZ_OX344719.1	scaffold_654	100.0		True
CONTIG	scaffold_654	4042	correct
34266	38301	4036	1	Staphylococcus_aureus_NZ_OX344719.1	scaffold_656	99.9		True
CONTIG	scaffold_656	4036	correct
1051240	1053625	1	2386	Staphylococcus_aureus_NZ_OX344719.1	scaffold_663	99.79		True
local misassembly
1053939	1057666	2387	6114	Staphylococcus_aureus_NZ_OX344719.1	scaffold_663	99.89		True
CONTIG	scaffold_663	6114	correct
1672387	1675807	1	3421	Staphylococcus_aureus_NZ_OX344719.1	scaffold_667	99.97		True
local misassembly
1676086	1679786	3422	7122	Staphylococcus_aureus_NZ_OX344719.1	scaffold_667	99.97		True
CONTIG	scaffold_667	7122	correct
1762913	1766874	3962	1	Staphylococcus_aureus_NZ_OX344719.1	scaffold_673	100.0		True
CONTIG	scaffold_673	3962	correct
2121890	2121987	3860	3957	Staphylococcus_aureus_NZ_OX344719.1	scaffold_674	100.0		True
CONTIG	scaffold_674	3957	correct_unaligned
283210	284445	1	1236	Staphylococcus_aureus_NZ_OX344719.1	scaffold_677	99.68		True
local misassembly
284724	288418	1237	4931	Staphylococcus_aureus_NZ_OX344719.1	scaffold_677	99.95		True
CONTIG	scaffold_677	4931	correct
288815	292666	3852	1	Staphylococcus_aureus_NZ_OX344719.1	scaffold_684	99.92		True
CONTIG	scaffold_684	3852	correct
1493070	1496906	1	3837	Staphylococcus_aureus_NZ_OX344719.1	scaffold_690	99.87		True
local misassembly
1497035	1499654	3838	6457	Staphylococcus_aureus_NZ_OX344719.1	scaffold_690	99.89		True
CONTIG	scaffold_690	6457	correct
1280758	1280853	96	1	Staphylococcus_aureus_NZ_OX344719.1	scaffold_704	100.0		True
CONTIG	scaffold_704	3784	correct_unaligned
1211186	1214899	3714	1	Staphylococcus_aureus_NZ_OX344719.1	scaffold_717	99.89		True
local misassembly
1208052	1211049	6712	3715	Staphylococcus_aureus_NZ_OX344719.1	scaffold_717	100.0		True
CONTIG	scaffold_717	6712	correct
2225366	2228335	2970	1	Staphylococcus_aureus_NZ_OX344719.1	scaffold_732	98.48		True
local misassembly
2221739	2225087	6322	2974	Staphylococcus_aureus_NZ_OX344719.1	scaffold_732	98.72		True
CONTIG	scaffold_732	6322	correct
1324376	1327913	1	3537	Staphylococcus_aureus_NZ_OX344719.1	scaffold_754	99.92		True
CONTIG	scaffold_754	3537	correct
353521	356877	3442	3	Staphylococcus_aureus_NZ_OX344719.1	scaffold_776	97.56		True
local misassembly
351540	353253	5156	3443	Staphylococcus_aureus_NZ_OX344719.1	scaffold_776	97.73		True
local misassembly
350278	351171	6050	5157	Staphylococcus_aureus_NZ_OX344719.1	scaffold_776	100.0		True
CONTIG	scaffold_776	6050	correct
1778143	1779595	1541	89	Staphylococcus_aureus_NZ_OX344719.1	scaffold_786	100.0		True
local misassembly
1774823	1778001	4720	1542	Staphylococcus_aureus_NZ_OX344719.1	scaffold_786	99.94		True
CONTIG	scaffold_786	4720	correct
202165	205564	3400	1	Staphylococcus_aureus_NZ_OX344719.1	scaffold_789	99.94		True
local misassembly
199738	201828	5491	3401	Staphylococcus_aureus_NZ_OX344719.1	scaffold_789	99.86		True
CONTIG	scaffold_789	5491	correct
2140703	2144039	1	3338	Staphylococcus_aureus_NZ_OX344719.1	scaffold_801	97.75		True
CONTIG	scaffold_801	3338	correct
279753	283078	3326	1	Staphylococcus_aureus_NZ_OX344719.1	scaffold_807	99.94		True
CONTIG	scaffold_807	3326	correct
1893287	1896589	1	3304	Staphylococcus_aureus_NZ_OX344719.1	scaffold_809	98.49		True
CONTIG	scaffold_809	3304	correct
2122581	2122677	3300	3204	Staphylococcus_aureus_NZ_OX344719.1	scaffold_810	100.0		True
CONTIG	scaffold_810	3300	correct_unaligned
1877258	1880117	1	2860	Staphylococcus_aureus_NZ_OX344719.1	scaffold_815	99.13		True
relocation, inconsistency = 670053
2550382	2550588	3072	3278	Staphylococcus_aureus_NZ_OX344719.1	scaffold_815	98.55		True
CONTIG	scaffold_815	3278	misassembled
727530	730794	1	3265	Staphylococcus_aureus_NZ_OX344719.1	scaffold_818	99.88		True
CONTIG	scaffold_818	3265	correct
CONTIG	scaffold_826	3219	unaligned
2234727	2237907	1	3181	Staphylococcus_aureus_NZ_OX344719.1	scaffold_835	98.84		True
CONTIG	scaffold_835	3181	correct
2706358	2709517	3160	1	Staphylococcus_aureus_NZ_OX344719.1	scaffold_842	99.97		True
CONTIG	scaffold_842	3160	correct
1369536	1372672	1	3137	Staphylococcus_aureus_NZ_OX344719.1	scaffold_848	99.97		True
local misassembly
1372881	1374628	3138	4885	Staphylococcus_aureus_NZ_OX344719.1	scaffold_848	99.94		True
CONTIG	scaffold_848	4885	correct
2490182	2493297	3121	6	Staphylococcus_aureus_NZ_OX344719.1	scaffold_850	99.9		True
CONTIG	scaffold_850	3127	correct
406026	406289	1201	938	Staphylococcus_aureus_NZ_OX344719.1	scaffold_857	97.73		True
local misassembly
404663	405789	2565	1439	Staphylococcus_aureus_NZ_OX344719.1	scaffold_857	96.63		True
local misassembly
404125	404450	3103	2778	Staphylococcus_aureus_NZ_OX344719.1	scaffold_857	96.32		True
CONTIG	scaffold_857	3103	correct
2394852	2397856	3005	1	Staphylococcus_aureus_NZ_OX344719.1	scaffold_874	98.7		True
CONTIG	scaffold_874	3005	correct
1058743	1060435	1	1693	Staphylococcus_aureus_NZ_OX344719.1	scaffold_886	99.88		True
local misassembly
1060625	1063291	1694	4360	Staphylococcus_aureus_NZ_OX344719.1	scaffold_886	99.96		True
CONTIG	scaffold_886	4360	correct
2116541	2116635	95	1	Staphylococcus_aureus_NZ_OX344719.1	scaffold_899	100.0		True
CONTIG	scaffold_899	3887	correct_unaligned
513356	516240	1	2885	Staphylococcus_aureus_NZ_OX344719.1	scaffold_906	100.0		True
CONTIG	scaffold_906	2885	correct
827356	830207	2852	1	Staphylococcus_aureus_NZ_OX344719.1	scaffold_919	99.93		True
CONTIG	scaffold_919	2852	correct
2312719	2315552	2846	1	Staphylococcus_aureus_NZ_OX344719.1	scaffold_921	97.51		True
CONTIG	scaffold_921	2846	correct
2430474	2433304	1	2830	Staphylococcus_aureus_NZ_OX344719.1	scaffold_928	99.89		True
CONTIG	scaffold_928	2830	correct
2597274	2600097	1	2824	Staphylococcus_aureus_NZ_OX344719.1	scaffold_929	99.93		True
CONTIG	scaffold_929	2824	correct
1955122	1957912	2789	1	Staphylococcus_aureus_NZ_OX344719.1	scaffold_938	98.24		True
CONTIG	scaffold_938	2789	correct
1374633	1377414	2782	1	Staphylococcus_aureus_NZ_OX344719.1	scaffold_943	99.96		True
CONTIG	scaffold_943	2782	correct
1086518	1086748	231	1	Staphylococcus_aureus_NZ_OX344719.1	scaffold_992	99.13		True
unknown
1085674	1086295	1090	469	Staphylococcus_aureus_NZ_OX344719.1	scaffold_992	99.04		True
unknown
CONTIG	scaffold_992	2614	mis_unaligned
1378824	1381428	2605	1	Staphylococcus_aureus_NZ_OX344719.1	scaffold_996	99.92		True
local misassembly
1377355	1378658	3908	2606	Staphylococcus_aureus_NZ_OX344719.1	scaffold_996	99.85		True
CONTIG	scaffold_996	3908	correct
1605068	1607667	2600	1	Staphylococcus_aureus_NZ_OX344719.1	scaffold_999	99.96		True
CONTIG	scaffold_999	2600	correct
2915011	2916529	2500	982	Staphylococcus_aureus_NZ_OX344719.1	scaffold_1001	100.0		True
CONTIG	scaffold_1001	2590	correct
2830652	2833229	1	2578	Staphylococcus_aureus_NZ_OX344719.1	scaffold_1006	99.96		True
CONTIG	scaffold_1006	2578	correct
CONTIG	scaffold_1012	2570	unaligned
643630	646154	2525	1	Staphylococcus_aureus_NZ_OX344719.1	scaffold_1033	97.78		True
CONTIG	scaffold_1033	2525	correct
638330	639797	1	1468	Staphylococcus_aureus_NZ_OX344719.1	scaffold_1035	99.93		True
relocation, inconsistency = 13342
653140	654193	1469	2522	Staphylococcus_aureus_NZ_OX344719.1	scaffold_1035	99.91		True
CONTIG	scaffold_1035	2522	misassembled
1230660	1233043	2384	1	Staphylococcus_aureus_NZ_OX344719.1	scaffold_1052	99.87		True
CONTIG	scaffold_1052	2478	correct
1574922	1577338	2417	1	Staphylococcus_aureus_NZ_OX344719.1	scaffold_1074	99.96		True
local misassembly
1572504	1574788	4702	2418	Staphylococcus_aureus_NZ_OX344719.1	scaffold_1074	99.91		True
CONTIG	scaffold_1074	4702	correct
850246	852093	2355	508	Staphylococcus_aureus_NZ_OX344719.1	scaffold_1096	99.78		True
CONTIG	scaffold_1096	2355	correct
1679780	1681691	1	1912	Staphylococcus_aureus_NZ_OX344719.1	scaffold_1100	99.95		True
local misassembly
1681835	1684024	1913	4102	Staphylococcus_aureus_NZ_OX344719.1	scaffold_1100	99.95		True
CONTIG	scaffold_1100	4102	correct
2436321	2438612	2292	1	Staphylococcus_aureus_NZ_OX344719.1	scaffold_1116	99.96		True
CONTIG	scaffold_1116	2292	correct
2698956	2701222	1	2267	Staphylococcus_aureus_NZ_OX344719.1	scaffold_1128	99.96		True
CONTIG	scaffold_1128	2267	correct
2797411	2799658	2257	10	Staphylococcus_aureus_NZ_OX344719.1	scaffold_1133	99.82		True
CONTIG	scaffold_1133	2257	correct
2860807	2863060	2254	1	Staphylococcus_aureus_NZ_OX344719.1	scaffold_1134	99.96		True
CONTIG	scaffold_1134	2254	correct
2657975	2660195	1	2224	Staphylococcus_aureus_NZ_OX344719.1	scaffold_1142	99.87		True
CONTIG	scaffold_1142	2224	correct
2833239	2835447	1	2209	Staphylococcus_aureus_NZ_OX344719.1	scaffold_1146	99.91		True
CONTIG	scaffold_1146	2209	correct
417338	419514	1	2177	Staphylococcus_aureus_NZ_OX344719.1	scaffold_1161	99.95		True
CONTIG	scaffold_1161	2177	correct
292715	294884	1	2170	Staphylococcus_aureus_NZ_OX344719.1	scaffold_1165	100.0		True
CONTIG	scaffold_1165	2170	correct
1092415	1094572	2158	1	Staphylococcus_aureus_NZ_OX344719.1	scaffold_1169	98.89		True
CONTIG	scaffold_1169	2158	correct
2711287	2712634	1	1348	Staphylococcus_aureus_NZ_OX344719.1	scaffold_1173	100.0		True
local misassembly
2712776	2714790	1349	3363	Staphylococcus_aureus_NZ_OX344719.1	scaffold_1173	99.95		True
CONTIG	scaffold_1173	3363	correct
2270641	2270728	88	1	Staphylococcus_aureus_NZ_OX344719.1	scaffold_1174	100.0		True
local misassembly
2268236	2270287	2143	89	Staphylococcus_aureus_NZ_OX344719.1	scaffold_1174	96.69		True
CONTIG	scaffold_1174	2143	correct
1367464	1369544	2081	1	Staphylococcus_aureus_NZ_OX344719.1	scaffold_1194	100.0		True
CONTIG	scaffold_1194	2081	correct
851848	853406	1559	1	Staphylococcus_aureus_NZ_OX344719.1	scaffold_1200	99.94		True
CONTIG	scaffold_1200	2061	correct
40853	42878	1	2026	Staphylococcus_aureus_NZ_OX344719.1	scaffold_1212	100.0		True
CONTIG	scaffold_1212	2026	correct
1215328	1217348	2021	1	Staphylococcus_aureus_NZ_OX344719.1	scaffold_1216	100.0		True
CONTIG	scaffold_1216	2021	correct
22256	24269	2014	1	Staphylococcus_aureus_NZ_OX344719.1	scaffold_1220	98.51		True
CONTIG	scaffold_1220	2014	correct
2228606	2230600	1	1995	Staphylococcus_aureus_NZ_OX344719.1	scaffold_1233	98.3		True
CONTIG	scaffold_1233	1995	correct
461906	463886	1	1981	Staphylococcus_aureus_NZ_OX344719.1	scaffold_1240	99.95		True
CONTIG	scaffold_1240	1981	correct
823968	827354	3444	1	Staphylococcus_aureus_NZ_OX344719.1	scaffold_1245	99.94		True
CONTIG	scaffold_1245	3444	correct
1219201	1220631	1431	1	Staphylococcus_aureus_NZ_OX344719.1	scaffold_1283	99.93		True
local misassembly
1217317	1219005	3120	1432	Staphylococcus_aureus_NZ_OX344719.1	scaffold_1283	100.0		True
CONTIG	scaffold_1283	3120	correct
114468	116239	22	1793	Staphylococcus_aureus_NZ_OX344719.1	scaffold_1325	99.94		True
CONTIG	scaffold_1325	1793	correct
937074	938817	1744	1	Staphylococcus_aureus_NZ_OX344719.1	scaffold_1355	100.0		True
CONTIG	scaffold_1355	1744	correct
1126535	1128245	1711	1	Staphylococcus_aureus_NZ_OX344719.1	scaffold_1372	99.88		True
CONTIG	scaffold_1372	1711	correct
2433839	2435529	1	1691	Staphylococcus_aureus_NZ_OX344719.1	scaffold_1385	99.88		True
CONTIG	scaffold_1385	1691	correct
935390	937056	1	1667	Staphylococcus_aureus_NZ_OX344719.1	scaffold_1395	99.94		True
CONTIG	scaffold_1395	1667	correct
38820	40459	1639	1	Staphylococcus_aureus_NZ_OX344719.1	scaffold_1412	99.94		True
CONTIG	scaffold_1412	1639	correct
831355	832969	1	1615	Staphylococcus_aureus_NZ_OX344719.1	scaffold_1431	100.0		True
CONTIG	scaffold_1431	1615	correct
2290777	2292387	1	1610	Staphylococcus_aureus_NZ_OX344719.1	scaffold_1434	98.76		True
CONTIG	scaffold_1434	1610	correct
1283823	1284114	1267	1564	Staphylococcus_aureus_NZ_OX344719.1	scaffold_1469	95.97		True
CONTIG	scaffold_1469	1564	correct_unaligned
718756	720312	1557	1	Staphylococcus_aureus_NZ_OX344719.1	scaffold_1478	100.0		True
CONTIG	scaffold_1478	1557	correct
2181218	2182752	1536	1	Staphylococcus_aureus_NZ_OX344719.1	scaffold_1491	96.94		True
CONTIG	scaffold_1491	1536	correct
1490009	1491513	1	1505	Staphylococcus_aureus_NZ_OX344719.1	scaffold_1508	100.0		True
CONTIG	scaffold_1508	1505	correct
2772571	2774037	1467	1	Staphylococcus_aureus_NZ_OX344719.1	scaffold_1533	100.0		True
CONTIG	scaffold_1533	1467	correct
966788	966888	1	102	Staphylococcus_aureus_NZ_OX344719.1	scaffold_1538	99.11		True
inversion
965189	966544	1458	103	Staphylococcus_aureus_NZ_OX344719.1	scaffold_1538	100.0		True
CONTIG	scaffold_1538	1458	misassembled
356884	357220	337	1	Staphylococcus_aureus_NZ_OX344719.1	scaffold_1540	100.0		True
relocation, inconsistency = 930135
1287356	1288473	338	1455	Staphylococcus_aureus_NZ_OX344719.1	scaffold_1540	99.91		True
CONTIG	scaffold_1540	1455	misassembled
2018639	2020069	1	1431	Staphylococcus_aureus_NZ_OX344719.1	scaffold_1559	98.32		True
CONTIG	scaffold_1559	1431	correct
854574	855995	1	1422	Staphylococcus_aureus_NZ_OX344719.1	scaffold_1569	100.0		True
CONTIG	scaffold_1569	1422	correct
303751	305075	1	1325	Staphylococcus_aureus_NZ_OX344719.1	scaffold_1636	100.0		True
CONTIG	scaffold_1636	1325	correct
1622036	1623340	1	1305	Staphylococcus_aureus_NZ_OX344719.1	scaffold_1653	100.0		True
CONTIG	scaffold_1653	1305	correct
679761	680890	1184	55	Staphylococcus_aureus_NZ_OX344719.1	scaffold_1671	99.91		True
CONTIG	scaffold_1671	1281	correct
1064704	1065823	1120	1	Staphylococcus_aureus_NZ_OX344719.1	scaffold_1701	98.04		True
CONTIG	scaffold_1701	1226	correct
720285	721494	1210	1	Staphylococcus_aureus_NZ_OX344719.1	scaffold_1713	100.0		True
CONTIG	scaffold_1713	1210	correct
1768064	1769253	1	1190	Staphylococcus_aureus_NZ_OX344719.1	scaffold_1741	100.0		True
CONTIG	scaffold_1741	1190	correct
593347	594535	1	1189	Staphylococcus_aureus_NZ_OX344719.1	scaffold_1745	99.83		True
CONTIG	scaffold_1745	1189	correct
2660177	2661353	1177	1	Staphylococcus_aureus_NZ_OX344719.1	scaffold_1759	100.0		True
CONTIG	scaffold_1759	1177	correct
830211	831385	1	1175	Staphylococcus_aureus_NZ_OX344719.1	scaffold_1761	100.0		True
CONTIG	scaffold_1761	1175	correct
853404	854570	1	1167	Staphylococcus_aureus_NZ_OX344719.1	scaffold_1772	100.0		True
CONTIG	scaffold_1772	1167	correct
1455359	1456515	1157	1	Staphylococcus_aureus_NZ_OX344719.1	scaffold_1780	100.0		True
CONTIG	scaffold_1780	1157	correct
2863100	2864248	1149	1	Staphylococcus_aureus_NZ_OX344719.1	scaffold_1792	100.0		True
CONTIG	scaffold_1792	1149	correct
350278	350375	98	1	Staphylococcus_aureus_NZ_OX344719.1	scaffold_1795	100.0		True
unknown
2109320	2109478	1146	988	Staphylococcus_aureus_NZ_OX344719.1	scaffold_1795	95.6		True
unknown
CONTIG	scaffold_1795	1146	mis_unaligned
2165219	2166342	1116	1	Staphylococcus_aureus_NZ_OX344719.1	scaffold_1827	98.58		True
CONTIG	scaffold_1827	1116	correct
161986	163101	1116	1	Staphylococcus_aureus_NZ_OX344719.1	scaffold_1828	99.91		True
CONTIG	scaffold_1828	1116	correct
1381421	1382531	1111	1	Staphylococcus_aureus_NZ_OX344719.1	scaffold_1833	100.0		True
CONTIG	scaffold_1833	1111	correct
1237896	1238990	1095	1	Staphylococcus_aureus_NZ_OX344719.1	scaffold_1849	100.0		True
CONTIG	scaffold_1849	1095	correct
340199	341289	1091	1	Staphylococcus_aureus_NZ_OX344719.1	scaffold_1853	100.0		True
CONTIG	scaffold_1853	1091	correct
646196	647285	1090	1	Staphylococcus_aureus_NZ_OX344719.1	scaffold_1854	99.17		True
CONTIG	scaffold_1854	1090	correct
547202	548289	1088	1	Staphylococcus_aureus_NZ_OX344719.1	scaffold_1858	99.82		True
CONTIG	scaffold_1858	1088	correct
1057644	1058720	1077	1	Staphylococcus_aureus_NZ_OX344719.1	scaffold_1874	100.0		True
CONTIG	scaffold_1874	1077	correct
730748	731822	1	1075	Staphylococcus_aureus_NZ_OX344719.1	scaffold_1879	100.0		True
CONTIG	scaffold_1879	1075	correct
2916556	2917190	635	1	Staphylococcus_aureus_NZ_OX344719.1	scaffold_1893	99.53		True
relocation, inconsistency = 2532091
384339	384464	761	636	Staphylococcus_aureus_NZ_OX344719.1	scaffold_1893	95.14		True
CONTIG	scaffold_1893	1068	misassembled
1499661	1500723	1063	1	Staphylococcus_aureus_NZ_OX344719.1	scaffold_1901	100.0		True
CONTIG	scaffold_1901	1063	correct
2165059	2165212	5	158	Staphylococcus_aureus_NZ_OX344719.1	scaffold_1905	98.76		True
relocation, inconsistency = 12458
2177671	2178572	159	1060	Staphylococcus_aureus_NZ_OX344719.1	scaffold_1905	98.0		True
CONTIG	scaffold_1905	1062	misassembled
497103	498145	1	1043	Staphylococcus_aureus_NZ_OX344719.1	scaffold_1930	100.0		True
CONTIG	scaffold_1930	1043	correct
2311649	2312657	1034	26	Staphylococcus_aureus_NZ_OX344719.1	scaffold_1950	95.05		True
CONTIG	scaffold_1950	1034	correct
2808026	2809056	1032	1	Staphylococcus_aureus_NZ_OX344719.1	scaffold_1956	99.9		True
CONTIG	scaffold_1956	1032	correct
1087735	1088739	1	1005	Staphylococcus_aureus_NZ_OX344719.1	scaffold_1987	98.91		True
CONTIG	scaffold_1987	1005	correct
2560972	2561874	903	1	Staphylococcus_aureus_NZ_OX344719.1	scaffold_2012	100.0		True
inversion
2561788	2561874	904	990	Staphylococcus_aureus_NZ_OX344719.1	scaffold_2012	100.0		True
CONTIG	scaffold_2012	990	misassembled
1577346	1578322	1	977	Staphylococcus_aureus_NZ_OX344719.1	scaffold_2035	99.9		True
CONTIG	scaffold_2035	977	correct
2139406	2140289	884	1	Staphylococcus_aureus_NZ_OX344719.1	scaffold_2039	98.3		True
relocation, inconsistency = -1385
2140703	2140790	972	885	Staphylococcus_aureus_NZ_OX344719.1	scaffold_2039	100.0		True
CONTIG	scaffold_2039	972	misassembled
972733	973687	955	1	Staphylococcus_aureus_NZ_OX344719.1	scaffold_2061	99.9		True
CONTIG	scaffold_2061	955	correct
1684007	1684961	1	955	Staphylococcus_aureus_NZ_OX344719.1	scaffold_2062	99.58		True
CONTIG	scaffold_2062	955	correct
2289784	2290696	43	954	Staphylococcus_aureus_NZ_OX344719.1	scaffold_2063	98.9		True
CONTIG	scaffold_2063	954	correct
1165316	1166264	1	949	Staphylococcus_aureus_NZ_OX344719.1	scaffold_2074	99.89		True
CONTIG	scaffold_2074	949	correct
532278	533221	944	1	Staphylococcus_aureus_NZ_OX344719.1	scaffold_2083	99.89		True
CONTIG	scaffold_2083	944	correct
2121888	2122060	762	934	Staphylococcus_aureus_NZ_OX344719.1	scaffold_2100	99.42		True
CONTIG	scaffold_2100	934	correct_unaligned
2859883	2860806	1	924	Staphylococcus_aureus_NZ_OX344719.1	scaffold_2106	100.0		True
CONTIG	scaffold_2106	928	correct
2485134	2486058	1	925	Staphylococcus_aureus_NZ_OX344719.1	scaffold_2112	99.46		True
CONTIG	scaffold_2112	925	correct
2526003	2526091	89	1	Staphylococcus_aureus_NZ_OX344719.1	scaffold_2137	100.0		True
local misassembly
2524691	2525510	909	90	Staphylococcus_aureus_NZ_OX344719.1	scaffold_2137	99.88		True
CONTIG	scaffold_2137	909	correct
2288291	2289150	900	41	Staphylococcus_aureus_NZ_OX344719.1	scaffold_2149	98.95		True
CONTIG	scaffold_2149	900	correct
265229	266127	899	1	Staphylococcus_aureus_NZ_OX344719.1	scaffold_2153	99.89		True
CONTIG	scaffold_2153	899	correct
2770031	2770923	894	1	Staphylococcus_aureus_NZ_OX344719.1	scaffold_2161	99.66		True
CONTIG	scaffold_2161	894	correct
1263215	1264105	1	891	Staphylococcus_aureus_NZ_OX344719.1	scaffold_2163	99.89		True
CONTIG	scaffold_2163	891	correct
2749486	2750351	1	866	Staphylococcus_aureus_NZ_OX344719.1	scaffold_2195	100.0		True
CONTIG	scaffold_2195	866	correct
2644946	2645807	1	862	Staphylococcus_aureus_NZ_OX344719.1	scaffold_2200	99.88		True
CONTIG	scaffold_2200	862	correct
2549111	2549970	860	1	Staphylococcus_aureus_NZ_OX344719.1	scaffold_2203	99.88		True
CONTIG	scaffold_2203	860	correct
1020506	1021352	847	1	Staphylococcus_aureus_NZ_OX344719.1	scaffold_2220	99.88		True
CONTIG	scaffold_2220	847	correct
1066599	1067389	1	791	Staphylococcus_aureus_NZ_OX344719.1	scaffold_2229	100.0		True
CONTIG	scaffold_2229	842	correct
2914234	2914986	1	753	Staphylococcus_aureus_NZ_OX344719.1	scaffold_2238	99.07		True
CONTIG	scaffold_2238	838	correct
934571	935402	1	832	Staphylococcus_aureus_NZ_OX344719.1	scaffold_2252	100.0		True
CONTIG	scaffold_2252	832	correct
1728287	1729114	1	828	Staphylococcus_aureus_NZ_OX344719.1	scaffold_2254	99.76		True
CONTIG	scaffold_2254	828	correct
1128273	1129078	1	806	Staphylococcus_aureus_NZ_OX344719.1	scaffold_2297	100.0		True
CONTIG	scaffold_2297	806	correct
2493308	2494101	1	794	Staphylococcus_aureus_NZ_OX344719.1	scaffold_2318	100.0		True
CONTIG	scaffold_2318	794	correct
2829868	2830655	1	788	Staphylococcus_aureus_NZ_OX344719.1	scaffold_2331	99.87		True
CONTIG	scaffold_2331	788	correct
1578324	1579109	1	786	Staphylococcus_aureus_NZ_OX344719.1	scaffold_2336	99.87		True
CONTIG	scaffold_2336	786	correct
1309006	1309788	1	783	Staphylococcus_aureus_NZ_OX344719.1	scaffold_2345	100.0		True
CONTIG	scaffold_2345	783	correct
1308187	1308959	1	773	Staphylococcus_aureus_NZ_OX344719.1	scaffold_2362	100.0		True
CONTIG	scaffold_2362	773	correct
1767396	1768161	1	766	Staphylococcus_aureus_NZ_OX344719.1	scaffold_2381	99.87		True
CONTIG	scaffold_2381	766	correct
950470	951222	753	1	Staphylococcus_aureus_NZ_OX344719.1	scaffold_2409	99.87		True
CONTIG	scaffold_2409	753	correct
907822	908571	750	1	Staphylococcus_aureus_NZ_OX344719.1	scaffold_2418	100.0		True
CONTIG	scaffold_2418	750	correct
964496	965240	745	1	Staphylococcus_aureus_NZ_OX344719.1	scaffold_2429	100.0		True
CONTIG	scaffold_2429	745	correct
1500809	1501546	738	1	Staphylococcus_aureus_NZ_OX344719.1	scaffold_2446	99.86		True
CONTIG	scaffold_2446	738	correct
758898	759632	1	735	Staphylococcus_aureus_NZ_OX344719.1	scaffold_2453	99.86		True
CONTIG	scaffold_2453	735	correct
973590	973677	1	88	Staphylococcus_aureus_NZ_OX344719.1	scaffold_2464	100.0		True
relocation, inconsistency = -1563
972115	972758	89	732	Staphylococcus_aureus_NZ_OX344719.1	scaffold_2464	99.84		True
CONTIG	scaffold_2464	732	misassembled
1039862	1040591	730	1	Staphylococcus_aureus_NZ_OX344719.1	scaffold_2471	100.0		True
CONTIG	scaffold_2471	730	correct
753005	753730	1	726	Staphylococcus_aureus_NZ_OX344719.1	scaffold_2475	100.0		True
CONTIG	scaffold_2475	726	correct
2364185	2364905	1	721	Staphylococcus_aureus_NZ_OX344719.1	scaffold_2484	100.0		True
CONTIG	scaffold_2484	721	correct
1762195	1762915	1	721	Staphylococcus_aureus_NZ_OX344719.1	scaffold_2485	99.72		True
CONTIG	scaffold_2485	721	correct
1063305	1064022	1	718	Staphylococcus_aureus_NZ_OX344719.1	scaffold_2487	100.0		True
CONTIG	scaffold_2487	718	correct
516254	516969	716	1	Staphylococcus_aureus_NZ_OX344719.1	scaffold_2492	100.0		True
CONTIG	scaffold_2492	716	correct
278998	279712	1	715	Staphylococcus_aureus_NZ_OX344719.1	scaffold_2494	100.0		True
CONTIG	scaffold_2494	715	correct
38204	38917	1	714	Staphylococcus_aureus_NZ_OX344719.1	scaffold_2498	99.72		True
CONTIG	scaffold_2498	714	correct
2770868	2771575	708	1	Staphylococcus_aureus_NZ_OX344719.1	scaffold_2513	100.0		True
CONTIG	scaffold_2513	708	correct
1710760	1711459	705	6	Staphylococcus_aureus_NZ_OX344719.1	scaffold_2519	100.0		True
CONTIG	scaffold_2519	705	correct
1491757	1492451	695	1	Staphylococcus_aureus_NZ_OX344719.1	scaffold_2539	100.0		True
CONTIG	scaffold_2539	695	correct
1338005	1338697	693	1	Staphylococcus_aureus_NZ_OX344719.1	scaffold_2548	100.0		True
CONTIG	scaffold_2548	693	correct
1564536	1565225	690	1	Staphylococcus_aureus_NZ_OX344719.1	scaffold_2557	99.86		True
CONTIG	scaffold_2557	690	correct
2156948	2157634	687	1	Staphylococcus_aureus_NZ_OX344719.1	scaffold_2561	99.42		True
CONTIG	scaffold_2561	687	correct
1262509	1263095	587	1	Staphylococcus_aureus_NZ_OX344719.1	scaffold_2588	100.0		True
relocation, inconsistency = -1587
1264008	1264095	675	588	Staphylococcus_aureus_NZ_OX344719.1	scaffold_2588	100.0		True
CONTIG	scaffold_2588	675	misassembled
2121885	2121985	101	1	Staphylococcus_aureus_NZ_OX344719.1	scaffold_2603	100.0		True
CONTIG	scaffold_2603	668	correct_unaligned
2714792	2715453	662	1	Staphylococcus_aureus_NZ_OX344719.1	scaffold_2614	100.0		True
CONTIG	scaffold_2614	662	correct
2122017	2122677	662	2	Staphylococcus_aureus_NZ_OX344719.1	scaffold_2615	99.85		True
CONTIG	scaffold_2615	662	correct
713103	713760	658	1	Staphylococcus_aureus_NZ_OX344719.1	scaffold_2626	99.54		True
CONTIG	scaffold_2626	658	correct
2380786	2381423	1	638	Staphylococcus_aureus_NZ_OX344719.1	scaffold_2683	99.69		True
CONTIG	scaffold_2683	638	correct
1184299	1184927	1	629	Staphylococcus_aureus_NZ_OX344719.1	scaffold_2711	100.0		True
CONTIG	scaffold_2711	629	correct
1846516	1847142	1	627	Staphylococcus_aureus_NZ_OX344719.1	scaffold_2714	98.72		True
CONTIG	scaffold_2714	627	correct
112125	112747	1	623	Staphylococcus_aureus_NZ_OX344719.1	scaffold_2715	99.68		True
CONTIG	scaffold_2715	627	correct
1175798	1176408	611	1	Staphylococcus_aureus_NZ_OX344719.1	scaffold_2749	99.84		True
CONTIG	scaffold_2749	611	correct
2435550	2436156	607	1	Staphylococcus_aureus_NZ_OX344719.1	scaffold_2757	100.0		True
CONTIG	scaffold_2757	607	correct
642020	642620	1	601	Staphylococcus_aureus_NZ_OX344719.1	scaffold_2782	99.33		True
CONTIG	scaffold_2782	601	correct
1880142	1880644	502	1	Staphylococcus_aureus_NZ_OX344719.1	scaffold_2787	97.81		True
relocation, inconsistency = -831243
2711287	2711384	600	503	Staphylococcus_aureus_NZ_OX344719.1	scaffold_2787	100.0		True
CONTIG	scaffold_2787	600	misassembled
2157636	2158233	1	598	Staphylococcus_aureus_NZ_OX344719.1	scaffold_2790	98.66		True
CONTIG	scaffold_2790	598	correct
2771687	2772283	1	597	Staphylococcus_aureus_NZ_OX344719.1	scaffold_2792	99.83		True
CONTIG	scaffold_2792	597	correct
1126981	1127046	1	66	Staphylococcus_aureus_NZ_OX344719.1	scaffold_2796	100.0		True
relocation, inconsistency = -63007
1064040	1064542	67	569	Staphylococcus_aureus_NZ_OX344719.1	scaffold_2796	99.01		True
CONTIG	scaffold_2796	596	misassembled
2571954	2572544	591	1	Staphylococcus_aureus_NZ_OX344719.1	scaffold_2808	100.0		True
CONTIG	scaffold_2808	591	correct
2533619	2534203	585	1	Staphylococcus_aureus_NZ_OX344719.1	scaffold_2832	100.0		True
CONTIG	scaffold_2832	585	correct
1232990	1233555	1	566	Staphylococcus_aureus_NZ_OX344719.1	scaffold_2888	99.47		True
CONTIG	scaffold_2888	566	correct
1604578	1605143	566	1	Staphylococcus_aureus_NZ_OX344719.1	scaffold_2889	99.47		True
CONTIG	scaffold_2889	566	correct
2665843	2666393	1	551	Staphylococcus_aureus_NZ_OX344719.1	scaffold_2926	99.46		True
CONTIG	scaffold_2926	551	correct
217900	218345	542	97	Staphylococcus_aureus_NZ_OX344719.1	scaffold_2948	100.0		True
CONTIG	scaffold_2948	542	correct
1019809	1020349	1	541	Staphylococcus_aureus_NZ_OX344719.1	scaffold_2949	99.82		True
CONTIG	scaffold_2949	541	correct
305059	305591	1	533	Staphylococcus_aureus_NZ_OX344719.1	scaffold_2978	100.0		True
CONTIG	scaffold_2978	533	correct
1492639	1493157	1	519	Staphylococcus_aureus_NZ_OX344719.1	scaffold_3024	100.0		True
CONTIG	scaffold_3024	519	correct
654599	655113	515	1	Staphylococcus_aureus_NZ_OX344719.1	scaffold_3031	99.61		True
CONTIG	scaffold_3031	515	correct
273682	274189	1	508	Staphylococcus_aureus_NZ_OX344719.1	scaffold_3052	100.0		True
CONTIG	scaffold_3052	508	correct
1604170	1604675	507	1	Staphylococcus_aureus_NZ_OX344719.1	scaffold_3056	99.8		True
CONTIG	scaffold_3056	507	correct
2710765	2711268	504	1	Staphylococcus_aureus_NZ_OX344719.1	scaffold_3065	99.6		True
CONTIG	scaffold_3065	504	correct
217147	217650	504	1	Staphylococcus_aureus_NZ_OX344719.1	scaffold_3067	99.6		True
CONTIG	scaffold_3067	504	correct
2525590	2526091	1	502	Staphylococcus_aureus_NZ_OX344719.1	scaffold_3079	100.0		True
CONTIG	scaffold_3079	502	correct
1337512	1338012	501	1	Staphylococcus_aureus_NZ_OX344719.1	scaffold_3085	100.0		True
CONTIG	scaffold_3085	501	correct
