S1	E1	S2	E2	Reference	Contig	IDY	Ambiguous	Best_group
1839050	1848970	8104	18047	Staphylococcus_aureus_NZ_OX344719.1	NODE_44_length_186282_cov_0.255381	98.68		True
relocation, inconsistency = 1358
1850382	1858890	18101	26623	Staphylococcus_aureus_NZ_OX344719.1	NODE_44_length_186282_cov_0.255381	98.32		True
local misassembly
1859487	1867113	26675	34265	Staphylococcus_aureus_NZ_OX344719.1	NODE_44_length_186282_cov_0.255381	96.16		True
local misassembly
1867373	1868347	34525	35497	Staphylococcus_aureus_NZ_OX344719.1	NODE_44_length_186282_cov_0.255381	96.0		True
relocation, inconsistency = -2750
1868280	1880117	38180	50025	Staphylococcus_aureus_NZ_OX344719.1	NODE_44_length_186282_cov_0.255381	98.95		True
fake: scaffold gap size wrong estimation (local)
1880142	1880563	50435	50855	Staphylococcus_aureus_NZ_OX344719.1	NODE_44_length_186282_cov_0.255381	97.87		True
fake: scaffold gap size wrong estimation (local)
1880753	1901052	50866	71150	Staphylococcus_aureus_NZ_OX344719.1	NODE_44_length_186282_cov_0.255381	98.02		True
local misassembly
1901093	1911209	72004	82036	Staphylococcus_aureus_NZ_OX344719.1	NODE_44_length_186282_cov_0.255381	96.26		True
local misassembly
1911821	1927628	82648	98440	Staphylococcus_aureus_NZ_OX344719.1	NODE_44_length_186282_cov_0.255381	98.6		True
local misassembly
1927621	1933955	98536	104870	Staphylococcus_aureus_NZ_OX344719.1	NODE_44_length_186282_cov_0.255381	98.56		True
local misassembly
1934909	1943477	105103	113669	Staphylococcus_aureus_NZ_OX344719.1	NODE_44_length_186282_cov_0.255381	97.69		True
relocation, inconsistency = 2062
1945543	1965673	113673	133804	Staphylococcus_aureus_NZ_OX344719.1	NODE_44_length_186282_cov_0.255381	97.53		True
local misassembly
1965890	1992822	134042	161010	Staphylococcus_aureus_NZ_OX344719.1	NODE_44_length_186282_cov_0.255381	97.98		True
local misassembly
1996892	2007447	165262	175833	Staphylococcus_aureus_NZ_OX344719.1	NODE_44_length_186282_cov_0.255381	98.37		True
local misassembly
2010169	2018520	177931	186282	Staphylococcus_aureus_NZ_OX344719.1	NODE_44_length_186282_cov_0.255381	98.62		True
CONTIG	NODE_44_length_186282_cov_0.255381	186282	misassembled
2661525	2710025	48400	1	Staphylococcus_aureus_NZ_OX344719.1	NODE_51_length_159085_cov_0.252240	99.69		True
fake: scaffold gap size wrong estimation (local)
2639760	2661359	69984	48411	Staphylococcus_aureus_NZ_OX344719.1	NODE_51_length_159085_cov_0.252240	99.72		True
local misassembly
2609936	2639780	100004	70135	Staphylococcus_aureus_NZ_OX344719.1	NODE_51_length_159085_cov_0.252240	99.88		True
local misassembly
2600215	2609824	109628	100005	Staphylococcus_aureus_NZ_OX344719.1	NODE_51_length_159085_cov_0.252240	99.92		True
local misassembly
2597274	2600089	112444	109629	Staphylococcus_aureus_NZ_OX344719.1	NODE_51_length_159085_cov_0.252240	99.86		True
fake: scaffold gap size wrong estimation (local)
2593717	2597077	115815	112455	Staphylococcus_aureus_NZ_OX344719.1	NODE_51_length_159085_cov_0.252240	99.88		True
fake: scaffold gap size wrong estimation (local)
2579666	2593664	130106	116108	Staphylococcus_aureus_NZ_OX344719.1	NODE_51_length_159085_cov_0.252240	99.96		True
fake: scaffold gap size wrong estimation (local)
2550412	2579412	159063	130117	Staphylococcus_aureus_NZ_OX344719.1	NODE_51_length_159085_cov_0.252240	99.75		True
CONTIG	NODE_51_length_159085_cov_0.252240	159085	correct
965188	966387	1	1200	Staphylococcus_aureus_NZ_OX344719.1	NODE_68_length_132434_cov_0.251275	100.0		True
local misassembly
966788	980233	1201	14646	Staphylococcus_aureus_NZ_OX344719.1	NODE_68_length_132434_cov_0.251275	99.82		True
local misassembly
980465	1020349	14647	54532	Staphylococcus_aureus_NZ_OX344719.1	NODE_68_length_132434_cov_0.251275	99.93		True
fake: scaffold gap size wrong estimation (local)
1020483	1067389	54580	101388	Staphylococcus_aureus_NZ_OX344719.1	NODE_68_length_132434_cov_0.251275	99.63		True
relocation, inconsistency = 59093
1126483	1128984	101389	103886	Staphylococcus_aureus_NZ_OX344719.1	NODE_68_length_132434_cov_0.251275	99.05		True
fake: scaffold gap size wrong estimation (local)
1129111	1157662	103897	132434	Staphylococcus_aureus_NZ_OX344719.1	NODE_68_length_132434_cov_0.251275	99.73		True
CONTIG	NODE_68_length_132434_cov_0.251275	132434	misassembled
2464897	2549971	85043	1	Staphylococcus_aureus_NZ_OX344719.1	NODE_71_length_129650_cov_0.256954	99.84		True
fake: scaffold gap size wrong estimation (local)
2448456	2464765	101364	85054	Staphylococcus_aureus_NZ_OX344719.1	NODE_71_length_129650_cov_0.256954	99.95		True
relocation, inconsistency = 53595
2366608	2394860	101365	129650	Staphylococcus_aureus_NZ_OX344719.1	NODE_71_length_129650_cov_0.256954	99.77		True
CONTIG	NODE_71_length_129650_cov_0.256954	129650	misassembled
1648150	1690618	1	42408	Staphylococcus_aureus_NZ_OX344719.1	NODE_73_length_121437_cov_0.254006	99.77		True
relocation, inconsistency = 5931
1696550	1718889	42409	64749	Staphylococcus_aureus_NZ_OX344719.1	NODE_73_length_121437_cov_0.254006	99.86		True
relocation, scaffold gap is present, inconsistency = -31460
1718882	1730043	96202	107359	Staphylococcus_aureus_NZ_OX344719.1	NODE_73_length_121437_cov_0.254006	99.87		True
relocation, inconsistency = 18042
1748086	1762165	107360	121437	Staphylococcus_aureus_NZ_OX344719.1	NODE_73_length_121437_cov_0.254006	99.95		True
CONTIG	NODE_73_length_121437_cov_0.254006	121437	misassembled
1542079	1593823	51778	1	Staphylococcus_aureus_NZ_OX344719.1	NODE_82_length_108995_cov_0.253054	99.74		True
fake: scaffold gap size wrong estimation (extensive)
1493188	1542236	108995	59936	Staphylococcus_aureus_NZ_OX344719.1	NODE_82_length_108995_cov_0.253054	99.73		True
CONTIG	NODE_82_length_108995_cov_0.253054	108995	correct
420392	447241	1	26881	Staphylococcus_aureus_NZ_OX344719.1	NODE_90_length_101427_cov_0.259728	99.9		True
fake: scaffold gap size wrong estimation (local)
447381	505670	27002	85382	Staphylococcus_aureus_NZ_OX344719.1	NODE_90_length_101427_cov_0.259728	99.82		True
fake: scaffold gap size wrong estimation (local)
505677	521616	85520	101427	Staphylococcus_aureus_NZ_OX344719.1	NODE_90_length_101427_cov_0.259728	99.61		True
CONTIG	NODE_90_length_101427_cov_0.259728	101427	correct
928512	934094	5583	1	Staphylococcus_aureus_NZ_OX344719.1	NODE_102_length_83100_cov_0.261512	100.0		True
fake: scaffold gap size wrong estimation (local)
888221	928348	45689	5594	Staphylococcus_aureus_NZ_OX344719.1	NODE_102_length_83100_cov_0.261512	99.82		True
fake: scaffold gap size wrong estimation (local)
851848	888096	81984	45700	Staphylococcus_aureus_NZ_OX344719.1	NODE_102_length_83100_cov_0.261512	99.96		True
CONTIG	NODE_102_length_83100_cov_0.261512	83100	correct
2121887	2122677	3	793	Staphylococcus_aureus_NZ_OX344719.1	NODE_103_length_82994_cov_0.290155	99.87		True
relocation, inconsistency = -848803
1280758	1286142	7677	13144	Staphylococcus_aureus_NZ_OX344719.1	NODE_103_length_82994_cov_0.290155	97.55		True
relocation, scaffold gap is present, inconsistency = 773632
2079569	2080934	34304	32939	Staphylococcus_aureus_NZ_OX344719.1	NODE_103_length_82994_cov_0.290155	95.46		True
relocation, inconsistency = 4757
2073477	2074169	35639	34947	Staphylococcus_aureus_NZ_OX344719.1	NODE_103_length_82994_cov_0.290155	96.97		True
indel: indel (<= 5bp)
2070089	2073476	39028	35641	Staphylococcus_aureus_NZ_OX344719.1	NODE_103_length_82994_cov_0.290155	95.19		True
indel: indel (> 5bp)
2068094	2070069	41049	39074	Staphylococcus_aureus_NZ_OX344719.1	NODE_103_length_82994_cov_0.290155	96.23		True
relocation, inconsistency = 2490
2055401	2065603	51257	41050	Staphylococcus_aureus_NZ_OX344719.1	NODE_103_length_82994_cov_0.290155	96.61		True
relocation, inconsistency = 2395
2049654	2053005	54561	51258	Staphylococcus_aureus_NZ_OX344719.1	NODE_103_length_82994_cov_0.290155	97.69		True
local misassembly
2032493	2049479	71557	54562	Staphylococcus_aureus_NZ_OX344719.1	NODE_103_length_82994_cov_0.290155	97.62		True
local misassembly
2022467	2032035	81054	71558	Staphylococcus_aureus_NZ_OX344719.1	NODE_103_length_82994_cov_0.290155	96.35		True
local misassembly
2020435	2022281	82994	81149	Staphylococcus_aureus_NZ_OX344719.1	NODE_103_length_82994_cov_0.290155	97.67		True
CONTIG	NODE_103_length_82994_cov_0.290155	82994	misassembled
1416308	1456521	40400	1	Staphylococcus_aureus_NZ_OX344719.1	NODE_106_length_77637_cov_0.262268	99.55		True
fake: scaffold gap size wrong estimation (local)
1379232	1416303	77637	40546	Staphylococcus_aureus_NZ_OX344719.1	NODE_106_length_77637_cov_0.262268	99.96		True
CONTIG	NODE_106_length_77637_cov_0.262268	77637	correct
759703	789113	29329	1	Staphylococcus_aureus_NZ_OX344719.1	NODE_111_length_74909_cov_0.249840	99.59		True
fake: scaffold gap size wrong estimation (local)
758898	759632	30282	29548	Staphylococcus_aureus_NZ_OX344719.1	NODE_111_length_74909_cov_0.249840	99.86		True
fake: scaffold gap size wrong estimation (local)
714309	758890	74909	30379	Staphylococcus_aureus_NZ_OX344719.1	NODE_111_length_74909_cov_0.249840	99.82		True
CONTIG	NODE_111_length_74909_cov_0.249840	74909	correct
2817461	2847339	29808	1	Staphylococcus_aureus_NZ_OX344719.1	NODE_113_length_74692_cov_0.258210	99.52		True
local misassembly
2806027	2817560	41343	29809	Staphylococcus_aureus_NZ_OX344719.1	NODE_113_length_74692_cov_0.258210	99.95		True
fake: scaffold gap size wrong estimation (local)
2773556	2805892	73716	41354	Staphylococcus_aureus_NZ_OX344719.1	NODE_113_length_74692_cov_0.258210	99.9		True
relocation, inconsistency = 753459
2019121	2020096	73717	74692	Staphylococcus_aureus_NZ_OX344719.1	NODE_113_length_74692_cov_0.258210	98.39		True
CONTIG	NODE_113_length_74692_cov_0.258210	74692	misassembled
384479	384587	109	1	Staphylococcus_aureus_NZ_OX344719.1	NODE_115_length_73675_cov_0.282282	97.52		True
local misassembly
383840	384095	365	110	Staphylococcus_aureus_NZ_OX344719.1	NODE_115_length_73675_cov_0.282282	97.27		True
relocation, inconsistency = -2532799
2915011	2916529	1993	475	Staphylococcus_aureus_NZ_OX344719.1	NODE_115_length_73675_cov_0.282282	100.0		True
local misassembly
2914270	2914370	3255	3156	Staphylococcus_aureus_NZ_OX344719.1	NODE_115_length_73675_cov_0.282282	97.03		True
fake: scaffold gap size wrong estimation (local)
2914167	2914958	4060	3269	Staphylococcus_aureus_NZ_OX344719.1	NODE_115_length_73675_cov_0.282282	98.61		True
local misassembly
2912672	2914053	5815	4433	Staphylococcus_aureus_NZ_OX344719.1	NODE_115_length_73675_cov_0.282282	98.63		True
local misassembly
2910809	2912228	7687	6268	Staphylococcus_aureus_NZ_OX344719.1	NODE_115_length_73675_cov_0.282282	97.75		True
local misassembly
2907842	2910098	10654	8398	Staphylococcus_aureus_NZ_OX344719.1	NODE_115_length_73675_cov_0.282282	97.47		True
local misassembly
2906143	2907523	12660	11280	Staphylococcus_aureus_NZ_OX344719.1	NODE_115_length_73675_cov_0.282282	98.77		True
local misassembly
2905509	2906011	13296	12795	Staphylococcus_aureus_NZ_OX344719.1	NODE_115_length_73675_cov_0.282282	98.02		True
local misassembly
2905179	2905273	13623	13529	Staphylococcus_aureus_NZ_OX344719.1	NODE_115_length_73675_cov_0.282282	97.89		True
fake: scaffold gap size wrong estimation (local)
2902486	2902795	16966	16657	Staphylococcus_aureus_NZ_OX344719.1	NODE_115_length_73675_cov_0.282282	98.39		True
local misassembly
2871926	2901680	47239	17558	Staphylococcus_aureus_NZ_OX344719.1	NODE_115_length_73675_cov_0.282282	99.57		True
CONTIG	NODE_115_length_73675_cov_0.282282	73675	misassembled
1166386	1230667	64381	99	Staphylococcus_aureus_NZ_OX344719.1	NODE_116_length_73068_cov_0.246878	99.77		True
fake: scaffold gap size wrong estimation (local)
1157605	1166264	73068	64392	Staphylococcus_aureus_NZ_OX344719.1	NODE_116_length_73068_cov_0.246878	99.86		True
CONTIG	NODE_116_length_73068_cov_0.246878	73068	correct
639796	640569	4617	3844	Staphylococcus_aureus_NZ_OX344719.1	NODE_125_length_65956_cov_0.269416	98.58		True
relocation, inconsistency = 1665596
2306167	2316078	4619	14537	Staphylococcus_aureus_NZ_OX344719.1	NODE_125_length_65956_cov_0.269416	97.33		True
fake: scaffold gap size wrong estimation (local)
2316402	2319513	14560	17671	Staphylococcus_aureus_NZ_OX344719.1	NODE_125_length_65956_cov_0.269416	97.21		True
local misassembly
2320342	2332425	17910	30000	Staphylococcus_aureus_NZ_OX344719.1	NODE_125_length_65956_cov_0.269416	98.31		True
relocation, inconsistency = 827084
1491757	1493247	31499	30011	Staphylococcus_aureus_NZ_OX344719.1	NODE_125_length_65956_cov_0.269416	99.46		True
fake: scaffold gap size wrong estimation (local)
1490009	1491513	33014	31510	Staphylococcus_aureus_NZ_OX344719.1	NODE_125_length_65956_cov_0.269416	100.0		True
fake: scaffold gap size wrong estimation (local)
1473181	1489777	49621	33025	Staphylococcus_aureus_NZ_OX344719.1	NODE_125_length_65956_cov_0.269416	99.95		True
local misassembly
1457008	1473047	65626	49622	Staphylococcus_aureus_NZ_OX344719.1	NODE_125_length_65956_cov_0.269416	99.75		True
fake: scaffold gap size wrong estimation (local)
1456524	1456843	65956	65637	Staphylococcus_aureus_NZ_OX344719.1	NODE_125_length_65956_cov_0.269416	100.0		True
CONTIG	NODE_125_length_65956_cov_0.269416	65956	misassembled
2256633	2276780	1	20165	Staphylococcus_aureus_NZ_OX344719.1	NODE_127_length_64640_cov_0.259117	97.85		True
local misassembly
2277805	2289150	20222	31572	Staphylococcus_aureus_NZ_OX344719.1	NODE_127_length_64640_cov_0.259117	98.64		True
fake: scaffold gap size wrong estimation (local)
2289297	2306164	31623	48507	Staphylococcus_aureus_NZ_OX344719.1	NODE_127_length_64640_cov_0.259117	98.29		True
relocation, inconsistency = 1191046
1086518	1098248	60218	48510	Staphylococcus_aureus_NZ_OX344719.1	NODE_127_length_64640_cov_0.259117	98.68		True
local misassembly
1085674	1086295	61077	60456	Staphylococcus_aureus_NZ_OX344719.1	NODE_127_length_64640_cov_0.259117	99.04		True
CONTIG	NODE_127_length_64640_cov_0.259117	64640	misassembled
2177676	2178572	899	3	Staphylococcus_aureus_NZ_OX344719.1	NODE_143_length_56620_cov_0.242376	98.0		True
relocation, inconsistency = 1584699
567218	592976	900	26733	Staphylococcus_aureus_NZ_OX344719.1	NODE_143_length_56620_cov_0.242376	99.73		True
fake: scaffold gap size wrong estimation (local)
593243	623011	26877	56620	Staphylococcus_aureus_NZ_OX344719.1	NODE_143_length_56620_cov_0.242376	99.74		True
CONTIG	NODE_143_length_56620_cov_0.242376	56620	misassembled
2219997	2232915	12912	1	Staphylococcus_aureus_NZ_OX344719.1	NODE_145_length_54614_cov_0.257042	97.68		True
relocation, inconsistency = 1013
2181323	2212085	50524	19811	Staphylococcus_aureus_NZ_OX344719.1	NODE_145_length_54614_cov_0.257042	96.93		True
fake: scaffold gap size wrong estimation (extensive)
2179298	2179886	51181	50593	Staphylococcus_aureus_NZ_OX344719.1	NODE_145_length_54614_cov_0.257042	97.62		True
relocation, inconsistency = -2730
2178602	2179272	54607	53937	Staphylococcus_aureus_NZ_OX344719.1	NODE_145_length_54614_cov_0.257042	98.51		True
CONTIG	NODE_145_length_54614_cov_0.257042	54614	misassembled
116191	157024	1	40832	Staphylococcus_aureus_NZ_OX344719.1	NODE_149_length_53555_cov_0.264532	99.9		True
relocation, inconsistency = 1251
158276	168634	40833	51190	Staphylococcus_aureus_NZ_OX344719.1	NODE_149_length_53555_cov_0.264532	99.92		True
fake: scaffold gap size wrong estimation (local)
168799	170647	51201	53049	Staphylococcus_aureus_NZ_OX344719.1	NODE_149_length_53555_cov_0.264532	99.78		True
fake: scaffold gap size wrong estimation (local)
170954	171449	53060	53555	Staphylococcus_aureus_NZ_OX344719.1	NODE_149_length_53555_cov_0.264532	100.0		True
CONTIG	NODE_149_length_53555_cov_0.264532	53555	misassembled
1367168	1379269	12150	1	Staphylococcus_aureus_NZ_OX344719.1	NODE_153_length_49222_cov_0.256532	99.79		True
fake: scaffold gap size wrong estimation (local)
1335318	1366755	43735	12286	Staphylococcus_aureus_NZ_OX344719.1	NODE_153_length_49222_cov_0.256532	99.95		True
fake: scaffold gap size wrong estimation (extensive)
1330137	1330532	44141	43746	Staphylococcus_aureus_NZ_OX344719.1	NODE_153_length_49222_cov_0.256532	99.64		True
relocation, inconsistency = -5378
1330434	1335514	49222	44142	Staphylococcus_aureus_NZ_OX344719.1	NODE_153_length_49222_cov_0.256532	99.8		True
CONTIG	NODE_153_length_49222_cov_0.256532	49222	misassembled
1263215	1280818	17624	1	Staphylococcus_aureus_NZ_OX344719.1	NODE_158_length_47599_cov_0.258604	99.85		True
fake: scaffold gap size wrong estimation (local)
1233045	1263095	47599	17635	Staphylococcus_aureus_NZ_OX344719.1	NODE_158_length_47599_cov_0.258604	99.58		True
CONTIG	NODE_158_length_47599_cov_0.258604	47599	correct
2436314	2448222	11935	1	Staphylococcus_aureus_NZ_OX344719.1	NODE_159_length_47482_cov_0.264458	99.76		True
fake: scaffold gap size wrong estimation (local)
2422526	2436156	25602	11949	Staphylococcus_aureus_NZ_OX344719.1	NODE_159_length_47482_cov_0.264458	99.93		True
local misassembly
2419084	2421836	28373	25603	Staphylococcus_aureus_NZ_OX344719.1	NODE_159_length_47482_cov_0.264458	98.92		True
relocation, inconsistency = 3258
2404633	2415825	39574	28374	Staphylococcus_aureus_NZ_OX344719.1	NODE_159_length_47482_cov_0.264458	99.1		True
relocation, inconsistency = 1536
2395200	2403096	47482	39575	Staphylococcus_aureus_NZ_OX344719.1	NODE_159_length_47482_cov_0.264458	99.22		True
CONTIG	NODE_159_length_47482_cov_0.264458	47482	misassembled
2859817	2871926	46235	34113	Staphylococcus_aureus_NZ_OX344719.1	NODE_164_length_46235_cov_0.246693	99.93		True
CONTIG	NODE_164_length_46235_cov_0.246693	46235	correct_unaligned
653137	679768	26908	99	Staphylococcus_aureus_NZ_OX344719.1	NODE_173_length_43750_cov_0.261615	99.32		True
relocation, inconsistency = 13342
622969	639794	43750	26909	Staphylococcus_aureus_NZ_OX344719.1	NODE_173_length_43750_cov_0.261615	99.95		True
CONTIG	NODE_173_length_43750_cov_0.261615	43750	misassembled
1762387	1796763	1	34309	Staphylococcus_aureus_NZ_OX344719.1	NODE_176_length_43047_cov_0.253529	99.49		True
local misassembly
1797014	1803924	34561	41477	Staphylococcus_aureus_NZ_OX344719.1	NODE_176_length_43047_cov_0.253529	96.39		True
relocation, inconsistency = -735430
1068755	1069136	41738	42118	Staphylococcus_aureus_NZ_OX344719.1	NODE_176_length_43047_cov_0.253529	96.07		True
CONTIG	NODE_176_length_43047_cov_0.253529	43047	misassembled
307441	350381	42980	1	Staphylococcus_aureus_NZ_OX344719.1	NODE_177_length_42980_cov_0.278168	99.91		True
CONTIG	NODE_177_length_42980_cov_0.278168	42980	correct
356884	357232	349	1	Staphylococcus_aureus_NZ_OX344719.1	NODE_179_length_42830_cov_0.260741	100.0		True
relocation, inconsistency = 930123
1287356	1303407	350	16384	Staphylococcus_aureus_NZ_OX344719.1	NODE_179_length_42830_cov_0.260741	99.8		True
local misassembly
1303289	1309788	16590	23096	Staphylococcus_aureus_NZ_OX344719.1	NODE_179_length_42830_cov_0.260741	99.66		True
fake: scaffold gap size wrong estimation (local)
1309929	1322495	23107	35688	Staphylococcus_aureus_NZ_OX344719.1	NODE_179_length_42830_cov_0.260741	99.92		True
local misassembly
1322613	1329830	35689	42830	Staphylococcus_aureus_NZ_OX344719.1	NODE_179_length_42830_cov_0.260741	98.78		True
CONTIG	NODE_179_length_42830_cov_0.260741	42830	misassembled
2138920	2157638	18627	1	Staphylococcus_aureus_NZ_OX344719.1	NODE_186_length_40938_cov_0.240586	97.92		True
fake: scaffold gap size wrong estimation (local)
2134620	2138762	22779	18638	Staphylococcus_aureus_NZ_OX344719.1	NODE_186_length_40938_cov_0.240586	98.48		True
local misassembly
2124884	2134357	32514	23029	Staphylococcus_aureus_NZ_OX344719.1	NODE_186_length_40938_cov_0.240586	97.58		True
CONTIG	NODE_186_length_40938_cov_0.240586	40938	correct
1604290	1604692	1	403	Staphylococcus_aureus_NZ_OX344719.1	NODE_191_length_39011_cov_0.266470	100.0		True
local misassembly
1604958	1643216	586	38920	Staphylococcus_aureus_NZ_OX344719.1	NODE_191_length_39011_cov_0.266470	99.86		True
local misassembly
1642960	1643050	38921	39011	Staphylococcus_aureus_NZ_OX344719.1	NODE_191_length_39011_cov_0.266470	97.12		True
CONTIG	NODE_191_length_39011_cov_0.266470	39011	correct
113494	113621	1	128	Staphylococcus_aureus_NZ_OX344719.1	NODE_194_length_38552_cov_0.269496	100.0		True
local misassembly
113318	114726	129	1520	Staphylococcus_aureus_NZ_OX344719.1	NODE_194_length_38552_cov_0.269496	99.35		True
relocation, inconsistency = 2622162
2736889	2767973	1521	32578	Staphylococcus_aureus_NZ_OX344719.1	NODE_194_length_38552_cov_0.269496	99.86		True
local misassembly
2767964	2773719	32806	38552	Staphylococcus_aureus_NZ_OX344719.1	NODE_194_length_38552_cov_0.269496	99.32		True
CONTIG	NODE_194_length_38552_cov_0.269496	38552	misassembled
236796	256019	19235	1	Staphylococcus_aureus_NZ_OX344719.1	NODE_195_length_37670_cov_0.253589	99.86		True
fake: scaffold gap size wrong estimation (local)
218337	235390	37572	20501	Staphylococcus_aureus_NZ_OX344719.1	NODE_195_length_37670_cov_0.253589	99.9		True
CONTIG	NODE_195_length_37670_cov_0.253589	37670	correct
44581	78650	34098	1	Staphylococcus_aureus_NZ_OX344719.1	NODE_196_length_37592_cov_0.245283	99.9		True
fake: scaffold gap size wrong estimation (local)
40849	44336	37592	34109	Staphylococcus_aureus_NZ_OX344719.1	NODE_196_length_37592_cov_0.245283	99.86		True
CONTIG	NODE_196_length_37592_cov_0.245283	37592	correct
78564	109069	30448	1	Staphylococcus_aureus_NZ_OX344719.1	NODE_201_length_35068_cov_0.293845	99.75		True
relocation, inconsistency = 248418
357488	361392	30449	34353	Staphylococcus_aureus_NZ_OX344719.1	NODE_201_length_35068_cov_0.293845	99.98		True
CONTIG	NODE_201_length_35068_cov_0.293845	35068	misassembled
679761	713142	82	33425	Staphylococcus_aureus_NZ_OX344719.1	NODE_206_length_33425_cov_0.269847	99.75		True
CONTIG	NODE_206_length_33425_cov_0.269847	33425	correct
256003	288437	32354	1	Staphylococcus_aureus_NZ_OX344719.1	NODE_213_length_32360_cov_0.264524	99.65		True
CONTIG	NODE_213_length_32360_cov_0.264524	32360	correct
412385	420180	7820	1	Staphylococcus_aureus_NZ_OX344719.1	NODE_225_length_28591_cov_0.245030	99.85		True
relocation, inconsistency = 43534
361374	368850	15229	7821	Staphylococcus_aureus_NZ_OX344719.1	NODE_225_length_28591_cov_0.245030	99.07		True
CONTIG	NODE_225_length_28591_cov_0.245030	28591	misassembled
1119676	1120110	505	938	Staphylococcus_aureus_NZ_OX344719.1	NODE_231_length_26581_cov_0.259675	97.01		True
relocation, inconsistency = 745265
370889	374261	4461	1088	Staphylococcus_aureus_NZ_OX344719.1	NODE_231_length_26581_cov_0.259675	99.94		True
relocation, inconsistency = 1427150
1803907	1823507	6957	26581	Staphylococcus_aureus_NZ_OX344719.1	NODE_231_length_26581_cov_0.259675	98.1		True
CONTIG	NODE_231_length_26581_cov_0.259675	26581	misassembled
16184	40459	1	24240	Staphylococcus_aureus_NZ_OX344719.1	NODE_240_length_24240_cov_0.245118	99.59		True
CONTIG	NODE_240_length_24240_cov_0.245118	24240	correct
2253485	2256623	3503	366	Staphylococcus_aureus_NZ_OX344719.1	NODE_242_length_24004_cov_0.270820	95.63		True
fake: scaffold gap size wrong estimation (local)
2245980	2253358	10894	3514	Staphylococcus_aureus_NZ_OX344719.1	NODE_242_length_24004_cov_0.270820	96.4		True
local misassembly
2232872	2244947	24004	11904	Staphylococcus_aureus_NZ_OX344719.1	NODE_242_length_24004_cov_0.270820	97.2		True
CONTIG	NODE_242_length_24004_cov_0.270820	24004	correct
809030	832969	23996	1	Staphylococcus_aureus_NZ_OX344719.1	NODE_243_length_23996_cov_0.244188	99.92		True
CONTIG	NODE_243_length_23996_cov_0.244188	23996	correct
177808	198112	20316	1	Staphylococcus_aureus_NZ_OX344719.1	NODE_268_length_20399_cov_0.295690	99.96		True
CONTIG	NODE_268_length_20399_cov_0.295690	20399	correct
2346833	2366894	1	20074	Staphylococcus_aureus_NZ_OX344719.1	NODE_270_length_20074_cov_0.256453	99.94		True
CONTIG	NODE_270_length_20074_cov_0.256453	20074	correct
789321	809058	19668	1	Staphylococcus_aureus_NZ_OX344719.1	NODE_272_length_19668_cov_0.245255	99.59		True
CONTIG	NODE_272_length_19668_cov_0.245255	19668	correct
550479	567046	16593	1	Staphylococcus_aureus_NZ_OX344719.1	NODE_275_length_19509_cov_0.238808	99.87		True
fake: scaffold gap size wrong estimation (local)
547202	550029	19509	16667	Staphylococcus_aureus_NZ_OX344719.1	NODE_275_length_19509_cov_0.238808	99.72		True
CONTIG	NODE_275_length_19509_cov_0.238808	19509	correct
521954	541060	1	19119	Staphylococcus_aureus_NZ_OX344719.1	NODE_280_length_19119_cov_0.259554	99.92		True
CONTIG	NODE_280_length_19119_cov_0.259554	19119	correct
199450	217112	17662	1	Staphylococcus_aureus_NZ_OX344719.1	NODE_286_length_18142_cov_0.257255	99.92		True
local misassembly
198666	199120	18117	17663	Staphylococcus_aureus_NZ_OX344719.1	NODE_286_length_18142_cov_0.257255	99.78		True
CONTIG	NODE_286_length_18142_cov_0.257255	18142	correct
832961	834389	1	1429	Staphylococcus_aureus_NZ_OX344719.1	NODE_292_length_17785_cov_0.253680	99.86		True
local misassembly
835132	851465	1430	17785	Staphylococcus_aureus_NZ_OX344719.1	NODE_292_length_17785_cov_0.253680	99.94		True
CONTIG	NODE_292_length_17785_cov_0.253680	17785	correct
2917168	2918353	1	1186	Staphylococcus_aureus_NZ_OX344719.1	NODE_294_length_17222_cov_0.257412	100.0		True
fake: not a misassembly [linear representation of circular genome]
1	15048	1187	16223	Staphylococcus_aureus_NZ_OX344719.1	NODE_294_length_17222_cov_0.257412	99.91		True
local misassembly
15219	15585	16224	16590	Staphylococcus_aureus_NZ_OX344719.1	NODE_294_length_17222_cov_0.257412	99.73		True
fake: scaffold gap size wrong estimation (local)
15824	16225	16821	17222	Staphylococcus_aureus_NZ_OX344719.1	NODE_294_length_17222_cov_0.257412	99.25		True
CONTIG	NODE_294_length_17222_cov_0.257412	17222	correct
288815	305500	16653	1	Staphylococcus_aureus_NZ_OX344719.1	NODE_298_length_16653_cov_0.234031	99.75		True
CONTIG	NODE_298_length_16653_cov_0.234031	16653	correct
2711285	2725972	14706	1	Staphylococcus_aureus_NZ_OX344719.1	NODE_308_length_15216_cov_0.248824	99.93		True
fake: scaffold gap size wrong estimation (local)
2710441	2710937	15213	14717	Staphylococcus_aureus_NZ_OX344719.1	NODE_308_length_15216_cov_0.248824	99.8		True
CONTIG	NODE_308_length_15216_cov_0.248824	15216	correct
2165219	2167576	1	2350	Staphylococcus_aureus_NZ_OX344719.1	NODE_323_length_14184_cov_0.269146	97.03		True
relocation, inconsistency = -1015
2168312	2169456	4101	5241	Staphylococcus_aureus_NZ_OX344719.1	NODE_323_length_14184_cov_0.269146	97.9		True
local misassembly
2169447	2172496	5719	8763	Staphylococcus_aureus_NZ_OX344719.1	NODE_323_length_14184_cov_0.269146	95.34		True
local misassembly
2172949	2173279	9223	9553	Staphylococcus_aureus_NZ_OX344719.1	NODE_323_length_14184_cov_0.269146	95.77		True
local misassembly
2174231	2175484	10678	11931	Staphylococcus_aureus_NZ_OX344719.1	NODE_323_length_14184_cov_0.269146	95.61		True
local misassembly
2176340	2177418	12782	13860	Staphylococcus_aureus_NZ_OX344719.1	NODE_323_length_14184_cov_0.269146	96.29		True
indel: indel (<= 5bp)
2177464	2177598	13904	14038	Staphylococcus_aureus_NZ_OX344719.1	NODE_323_length_14184_cov_0.269146	95.56		True
CONTIG	NODE_323_length_14184_cov_0.269146	14184	misassembled
2332525	2345740	64	13317	Staphylococcus_aureus_NZ_OX344719.1	NODE_333_length_13317_cov_0.274704	98.91		True
CONTIG	NODE_333_length_13317_cov_0.274704	13317	correct
2111939	2116541	7305	11907	Staphylococcus_aureus_NZ_OX344719.1	NODE_362_length_12001_cov_0.238131	99.87		True
CONTIG	NODE_362_length_12001_cov_0.238131	12001	correct_unaligned
939114	950950	1	11832	Staphylococcus_aureus_NZ_OX344719.1	NODE_365_length_11832_cov_0.275211	99.94		True
CONTIG	NODE_365_length_11832_cov_0.275211	11832	correct
2848807	2859508	1	10823	Staphylococcus_aureus_NZ_OX344719.1	NODE_381_length_10823_cov_0.559522	98.82		True
CONTIG	NODE_381_length_10823_cov_0.559522	10823	correct
956280	964532	8220	1	Staphylococcus_aureus_NZ_OX344719.1	NODE_451_length_8220_cov_0.241264	99.53		True
CONTIG	NODE_451_length_8220_cov_0.241264	8220	correct
546904	547180	277	1	Staphylococcus_aureus_NZ_OX344719.1	NODE_526_length_6183_cov_0.233421	100.0		True
fake: scaffold gap size wrong estimation (local)
541372	546732	5648	288	Staphylococcus_aureus_NZ_OX344719.1	NODE_526_length_6183_cov_0.233421	99.96		True
fake: scaffold gap size wrong estimation (local)
541066	541348	6183	5901	Staphylococcus_aureus_NZ_OX344719.1	NODE_526_length_6183_cov_0.233421	100.0		True
CONTIG	NODE_526_length_6183_cov_0.233421	6183	correct
2122499	2122677	6143	5965	Staphylococcus_aureus_NZ_OX344719.1	NODE_529_length_6143_cov_0.476088	99.44		True
CONTIG	NODE_529_length_6143_cov_0.476088	6143	correct_unaligned
2159048	2165007	1	5946	Staphylococcus_aureus_NZ_OX344719.1	NODE_534_length_6002_cov_0.277164	98.84		True
CONTIG	NODE_534_length_6002_cov_0.277164	6002	correct
2122609	2122677	4378	4310	Staphylococcus_aureus_NZ_OX344719.1	NODE_561_length_5335_cov_0.263138	100.0		True
unknown
2121888	2122050	4539	4377	Staphylococcus_aureus_NZ_OX344719.1	NODE_561_length_5335_cov_0.263138	100.0		True
unknown
CONTIG	NODE_561_length_5335_cov_0.263138	5335	mis_unaligned
2725922	2731100	1	5179	Staphylococcus_aureus_NZ_OX344719.1	NODE_567_length_5179_cov_0.254053	99.86		True
CONTIG	NODE_567_length_5179_cov_0.254053	5179	correct
951157	956267	5117	7	Staphylococcus_aureus_NZ_OX344719.1	NODE_573_length_5117_cov_0.267214	100.0		True
CONTIG	NODE_573_length_5117_cov_0.267214	5117	correct
172854	177816	1	4963	Staphylococcus_aureus_NZ_OX344719.1	NODE_578_length_5049_cov_0.218953	99.96		True
CONTIG	NODE_578_length_5049_cov_0.218953	5049	correct
2121885	2121988	104	1	Staphylococcus_aureus_NZ_OX344719.1	NODE_591_length_4838_cov_0.214755	100.0		True
CONTIG	NODE_591_length_4838_cov_0.214755	4838	correct_unaligned
934570	938817	4263	1	Staphylococcus_aureus_NZ_OX344719.1	NODE_618_length_4263_cov_0.242154	99.88		True
CONTIG	NODE_618_length_4263_cov_0.242154	4263	correct
2121890	2121988	3788	3886	Staphylococcus_aureus_NZ_OX344719.1	NODE_637_length_3886_cov_0.255511	100.0		True
CONTIG	NODE_637_length_3886_cov_0.255511	3886	correct_unaligned
1823480	1823993	24	537	Staphylococcus_aureus_NZ_OX344719.1	NODE_659_length_3559_cov_0.242292	95.72		True
unknown
1823994	1824260	572	838	Staphylococcus_aureus_NZ_OX344719.1	NODE_659_length_3559_cov_0.242292	98.13		True
unknown
1824261	1824440	842	1021	Staphylococcus_aureus_NZ_OX344719.1	NODE_659_length_3559_cov_0.242292	98.89		True
unknown
1824444	1824874	1022	1452	Staphylococcus_aureus_NZ_OX344719.1	NODE_659_length_3559_cov_0.242292	97.22		True
unknown
1824875	1825235	1454	1814	Staphylococcus_aureus_NZ_OX344719.1	NODE_659_length_3559_cov_0.242292	98.61		True
unknown
CONTIG	NODE_659_length_3559_cov_0.242292	3559	mis_unaligned
2398169	2398528	209	568	Staphylococcus_aureus_NZ_OX344719.1	NODE_671_length_3346_cov_0.280310	95.0		True
unknown
2398529	2398881	611	963	Staphylococcus_aureus_NZ_OX344719.1	NODE_671_length_3346_cov_0.280310	95.47		True
unknown
2397569	2397741	3174	3346	Staphylococcus_aureus_NZ_OX344719.1	NODE_671_length_3346_cov_0.280310	100.0		True
unknown
CONTIG	NODE_671_length_3346_cov_0.280310	3346	mis_unaligned
350278	351638	1840	3200	Staphylococcus_aureus_NZ_OX344719.1	NODE_684_length_3200_cov_0.410198	99.93		True
CONTIG	NODE_684_length_3200_cov_0.410198	3200	correct_unaligned
406026	406289	1113	850	Staphylococcus_aureus_NZ_OX344719.1	NODE_696_length_3009_cov_0.280471	97.73		True
local misassembly
404663	405789	2477	1351	Staphylococcus_aureus_NZ_OX344719.1	NODE_696_length_3009_cov_0.280471	96.54		True
local misassembly
404131	404450	3009	2690	Staphylococcus_aureus_NZ_OX344719.1	NODE_696_length_3009_cov_0.280471	96.25		True
CONTIG	NODE_696_length_3009_cov_0.280471	3009	correct
851433	852093	1	661	Staphylococcus_aureus_NZ_OX344719.1	NODE_713_length_2843_cov_1.095885	99.39		True
unknown
217899	218345	2843	2397	Staphylococcus_aureus_NZ_OX344719.1	NODE_713_length_2843_cov_1.095885	100.0		True
unknown
CONTIG	NODE_713_length_2843_cov_1.095885	2843	mis_unaligned
CONTIG	NODE_772_length_2216_cov_0.242482	2216	unaligned
1230902	1233115	1	2214	Staphylococcus_aureus_NZ_OX344719.1	NODE_773_length_2214_cov_0.277114	99.82		True
CONTIG	NODE_773_length_2214_cov_0.277114	2214	correct
353679	353770	1	92	Staphylococcus_aureus_NZ_OX344719.1	NODE_858_length_1532_cov_0.257264	98.91		True
CONTIG	NODE_858_length_1532_cov_0.257264	1532	correct_unaligned
2121886	2121950	1167	1231	Staphylococcus_aureus_NZ_OX344719.1	NODE_905_length_1231_cov_0.241441	100.0		True
CONTIG	NODE_905_length_1231_cov_0.241441	1231	correct_unaligned
2121888	2121964	77	1	Staphylococcus_aureus_NZ_OX344719.1	NODE_908_length_1220_cov_0.213831	100.0		True
unknown
2122587	2122677	1220	1130	Staphylococcus_aureus_NZ_OX344719.1	NODE_908_length_1220_cov_0.213831	100.0		True
unknown
CONTIG	NODE_908_length_1220_cov_0.213831	1220	mis_unaligned
2345693	2346745	1	1053	Staphylococcus_aureus_NZ_OX344719.1	NODE_931_length_1053_cov_0.295064	99.91		True
CONTIG	NODE_931_length_1053_cov_0.295064	1053	correct
