S1	E1	S2	E2	Reference	Contig	IDY	Ambiguous	Best_group
609328	767700	1	158373	Nitrosomonas_europaea_NC_004757.1	scaffold_21	100.0		True
CONTIG	scaffold_21	158373	correct
1500367	1653494	153128	1	Nitrosomonas_europaea_NC_004757.1	scaffold_23	100.0		True
CONTIG	scaffold_23	153128	correct
1389729	1474916	85188	1	Nitrosomonas_europaea_NC_004757.1	scaffold_61	100.0		True
CONTIG	scaffold_61	85188	correct
1048807	1125845	1	77036	Nitrosomonas_europaea_NC_004757.1	scaffold_73	100.0		True
CONTIG	scaffold_73	77036	correct
2540281	2559300	1	19020	Nitrosomonas_europaea_NC_004757.1	scaffold_74	100.0		True
relocation, inconsistency = 7510
2566811	2624512	19021	76722	Nitrosomonas_europaea_NC_004757.1	scaffold_74	100.0		True
CONTIG	scaffold_74	76722	misassembled
1022046	1024584	2539	1	Nitrosomonas_europaea_NC_004757.1	scaffold_82	100.0		True
fake: scaffold gap size wrong estimation (local)
959437	1021232	64653	2858	Nitrosomonas_europaea_NC_004757.1	scaffold_82	100.0		True
local misassembly
885998	959159	137815	64654	Nitrosomonas_europaea_NC_004757.1	scaffold_82	100.0		True
CONTIG	scaffold_82	137815	correct
4	73037	1	73034	Nitrosomonas_europaea_NC_004757.1	scaffold_83	100.0		True
local misassembly
73134	160808	73035	160549	Nitrosomonas_europaea_NC_004757.1	scaffold_83	99.82		True
CONTIG	scaffold_83	160549	correct
2419876	2463307	1	43432	Nitrosomonas_europaea_NC_004757.1	scaffold_84	100.0		True
fake: scaffold gap size wrong estimation (local)
2463963	2536173	43646	115856	Nitrosomonas_europaea_NC_004757.1	scaffold_84	100.0		True
CONTIG	scaffold_84	115856	correct
381667	451989	1	70323	Nitrosomonas_europaea_NC_004757.1	scaffold_88	100.0		True
CONTIG	scaffold_88	70323	correct
495319	555782	60464	1	Nitrosomonas_europaea_NC_004757.1	scaffold_110	100.0		True
CONTIG	scaffold_110	60464	correct
2095730	2151426	1	55697	Nitrosomonas_europaea_NC_004757.1	scaffold_120	100.0		True
fake: scaffold gap size wrong estimation (local)
2152045	2155601	55973	59529	Nitrosomonas_europaea_NC_004757.1	scaffold_120	100.0		True
CONTIG	scaffold_120	59529	correct
326226	380037	53812	1	Nitrosomonas_europaea_NC_004757.1	scaffold_126	100.0		True
local misassembly
317206	325958	62565	53813	Nitrosomonas_europaea_NC_004757.1	scaffold_126	100.0		True
CONTIG	scaffold_126	62565	correct
1278310	1330474	1	52165	Nitrosomonas_europaea_NC_004757.1	scaffold_129	100.0		True
CONTIG	scaffold_129	52165	correct
557449	607659	1	50211	Nitrosomonas_europaea_NC_004757.1	scaffold_131	100.0		True
CONTIG	scaffold_131	50211	correct
1331807	1379544	1	47738	Nitrosomonas_europaea_NC_004757.1	scaffold_135	100.0		True
CONTIG	scaffold_135	47738	correct
1715688	1762628	46941	1	Nitrosomonas_europaea_NC_004757.1	scaffold_141	100.0		True
fake: scaffold gap size wrong estimation (local)
1691044	1715029	71253	47268	Nitrosomonas_europaea_NC_004757.1	scaffold_141	100.0		True
fake: scaffold gap size wrong estimation (local)
1655595	1690466	106231	71360	Nitrosomonas_europaea_NC_004757.1	scaffold_141	100.0		True
CONTIG	scaffold_141	106231	correct
1829365	1875926	1	46562	Nitrosomonas_europaea_NC_004757.1	scaffold_143	100.0		True
CONTIG	scaffold_143	46562	correct
1763246	1809693	1	46448	Nitrosomonas_europaea_NC_004757.1	scaffold_144	100.0		True
CONTIG	scaffold_144	46448	correct
1231410	1277280	45871	1	Nitrosomonas_europaea_NC_004757.1	scaffold_145	100.0		True
CONTIG	scaffold_145	45871	correct
1199279	1230603	31325	1	Nitrosomonas_europaea_NC_004757.1	scaffold_146	100.0		True
fake: scaffold gap size wrong estimation (local)
1152922	1198667	77299	31554	Nitrosomonas_europaea_NC_004757.1	scaffold_146	100.0		True
CONTIG	scaffold_146	77299	correct
227522	273248	1	45727	Nitrosomonas_europaea_NC_004757.1	scaffold_147	100.0		True
CONTIG	scaffold_147	45727	correct
2033096	2078758	45663	1	Nitrosomonas_europaea_NC_004757.1	scaffold_149	100.0		True
CONTIG	scaffold_149	45663	correct
2294132	2339563	1	45432	Nitrosomonas_europaea_NC_004757.1	scaffold_153	100.0		True
CONTIG	scaffold_153	45432	correct
856638	884965	28328	1	Nitrosomonas_europaea_NC_004757.1	scaffold_161	100.0		True
local misassembly
812784	856273	71818	28329	Nitrosomonas_europaea_NC_004757.1	scaffold_161	100.0		True
CONTIG	scaffold_161	71818	correct
1993122	2032066	38945	1	Nitrosomonas_europaea_NC_004757.1	scaffold_173	100.0		True
CONTIG	scaffold_173	38945	correct
2627519	2666276	38758	1	Nitrosomonas_europaea_NC_004757.1	scaffold_174	100.0		True
CONTIG	scaffold_174	38758	correct
452987	490986	1	38000	Nitrosomonas_europaea_NC_004757.1	scaffold_177	100.0		True
local misassembly
491151	492427	38001	39277	Nitrosomonas_europaea_NC_004757.1	scaffold_177	100.0		True
CONTIG	scaffold_177	39277	correct
2376728	2378239	1512	1	Nitrosomonas_europaea_NC_004757.1	scaffold_181	100.0		True
local misassembly
2340686	2376530	37357	1513	Nitrosomonas_europaea_NC_004757.1	scaffold_181	100.0		True
CONTIG	scaffold_181	37357	correct
2776680	2812091	1	35412	Nitrosomonas_europaea_NC_004757.1	scaffold_183	100.0		True
CONTIG	scaffold_183	35412	correct
1932633	1965106	32474	1	Nitrosomonas_europaea_NC_004757.1	scaffold_189	100.0		True
CONTIG	scaffold_189	32474	correct
772931	805303	32373	1	Nitrosomonas_europaea_NC_004757.1	scaffold_190	100.0		True
CONTIG	scaffold_190	32373	correct
2241879	2272650	1	30772	Nitrosomonas_europaea_NC_004757.1	scaffold_195	100.0		True
CONTIG	scaffold_195	30772	correct
1903124	1931975	1	28852	Nitrosomonas_europaea_NC_004757.1	scaffold_200	100.0		True
CONTIG	scaffold_200	28852	correct
2738460	2741322	2863	1	Nitrosomonas_europaea_NC_004757.1	scaffold_208	100.0		True
fake: scaffold gap size wrong estimation (local)
2711313	2737654	29547	3206	Nitrosomonas_europaea_NC_004757.1	scaffold_208	100.0		True
fake: scaffold gap size wrong estimation (local)
2695072	2710496	45356	29932	Nitrosomonas_europaea_NC_004757.1	scaffold_208	100.0		True
CONTIG	scaffold_208	45356	correct
1876734	1902096	1	25363	Nitrosomonas_europaea_NC_004757.1	scaffold_210	100.0		True
CONTIG	scaffold_210	25363	correct
1125748	1150959	1	25212	Nitrosomonas_europaea_NC_004757.1	scaffold_211	100.0		True
CONTIG	scaffold_211	25212	correct
2378142	2380154	1	2013	Nitrosomonas_europaea_NC_004757.1	scaffold_217	100.0		True
local misassembly
2380430	2390805	2014	12389	Nitrosomonas_europaea_NC_004757.1	scaffold_217	100.0		True
fake: scaffold gap size wrong estimation (local)
2391464	2415259	12639	36434	Nitrosomonas_europaea_NC_004757.1	scaffold_217	100.0		True
CONTIG	scaffold_217	36434	correct
201649	225238	1	23590	Nitrosomonas_europaea_NC_004757.1	scaffold_222	100.0		True
local misassembly
225482	226490	23591	24599	Nitrosomonas_europaea_NC_004757.1	scaffold_222	100.0		True
CONTIG	scaffold_222	24599	correct
2212133	2215533	3401	1	Nitrosomonas_europaea_NC_004757.1	scaffold_226	100.0		True
local misassembly
2189770	2211854	25486	3402	Nitrosomonas_europaea_NC_004757.1	scaffold_226	100.0		True
CONTIG	scaffold_226	25486	correct
2672374	2694264	21891	1	Nitrosomonas_europaea_NC_004757.1	scaffold_234	100.0		True
fake: scaffold gap size wrong estimation (local)
2670035	2671719	23802	22118	Nitrosomonas_europaea_NC_004757.1	scaffold_234	100.0		True
CONTIG	scaffold_234	23802	correct
2749700	2770952	1	21253	Nitrosomonas_europaea_NC_004757.1	scaffold_236	100.0		True
CONTIG	scaffold_236	21253	correct
1966225	1986858	20634	1	Nitrosomonas_europaea_NC_004757.1	scaffold_241	100.0		True
CONTIG	scaffold_241	20634	correct
1810726	1828505	1	17780	Nitrosomonas_europaea_NC_004757.1	scaffold_267	100.0		True
CONTIG	scaffold_267	17780	correct
179227	191892	12666	1	Nitrosomonas_europaea_NC_004757.1	scaffold_269	100.0		True
local misassembly
161665	178914	29916	12667	Nitrosomonas_europaea_NC_004757.1	scaffold_269	100.0		True
CONTIG	scaffold_269	29916	correct
2156723	2172510	1	15788	Nitrosomonas_europaea_NC_004757.1	scaffold_283	100.0		True
CONTIG	scaffold_283	15788	correct
2079788	2094108	1	14321	Nitrosomonas_europaea_NC_004757.1	scaffold_295	100.0		True
CONTIG	scaffold_295	14321	correct
1031660	1044554	1	12895	Nitrosomonas_europaea_NC_004757.1	scaffold_312	100.0		True
CONTIG	scaffold_312	12895	correct
303600	316391	12792	1	Nitrosomonas_europaea_NC_004757.1	scaffold_314	100.0		True
CONTIG	scaffold_314	12792	correct
2215581	2228238	12658	1	Nitrosomonas_europaea_NC_004757.1	scaffold_316	100.0		True
CONTIG	scaffold_316	12658	correct
2174138	2186630	1	12493	Nitrosomonas_europaea_NC_004757.1	scaffold_320	100.0		True
CONTIG	scaffold_320	12493	correct
2273450	2283677	1	10228	Nitrosomonas_europaea_NC_004757.1	scaffold_355	100.0		True
CONTIG	scaffold_355	10228	correct
290366	299673	1	9308	Nitrosomonas_europaea_NC_004757.1	scaffold_370	100.0		True
CONTIG	scaffold_370	9308	correct
2229236	2237263	8028	1	Nitrosomonas_europaea_NC_004757.1	scaffold_409	100.0		True
CONTIG	scaffold_409	8028	correct
1489450	1496664	1	7215	Nitrosomonas_europaea_NC_004757.1	scaffold_445	100.0		True
local misassembly
1496940	1497881	7216	8157	Nitrosomonas_europaea_NC_004757.1	scaffold_445	100.0		True
local misassembly
1498071	1499332	8158	9419	Nitrosomonas_europaea_NC_004757.1	scaffold_445	100.0		True
CONTIG	scaffold_445	9419	correct
281428	287802	6375	1	Nitrosomonas_europaea_NC_004757.1	scaffold_473	100.0		True
CONTIG	scaffold_473	6375	correct
274274	280613	6340	1	Nitrosomonas_europaea_NC_004757.1	scaffold_475	100.0		True
CONTIG	scaffold_475	6340	correct
2287009	2293011	6003	1	Nitrosomonas_europaea_NC_004757.1	scaffold_492	100.0		True
CONTIG	scaffold_492	6003	correct
1478449	1481980	1	3532	Nitrosomonas_europaea_NC_004757.1	scaffold_525	100.0		True
local misassembly
1482393	1487436	3533	8576	Nitrosomonas_europaea_NC_004757.1	scaffold_525	100.0		True
CONTIG	scaffold_525	8576	correct
806161	810484	1	4324	Nitrosomonas_europaea_NC_004757.1	scaffold_617	100.0		True
CONTIG	scaffold_617	4324	correct
1026947	1031220	1	4274	Nitrosomonas_europaea_NC_004757.1	scaffold_627	100.0		True
CONTIG	scaffold_627	4274	correct
2772072	2775860	3789	1	Nitrosomonas_europaea_NC_004757.1	scaffold_703	100.0		True
CONTIG	scaffold_703	3789	correct
1385033	1388608	3576	1	Nitrosomonas_europaea_NC_004757.1	scaffold_747	100.0		True
CONTIG	scaffold_747	3576	correct
1380666	1384001	3336	1	Nitrosomonas_europaea_NC_004757.1	scaffold_802	100.0		True
CONTIG	scaffold_802	3336	correct
2745289	2748580	1	3292	Nitrosomonas_europaea_NC_004757.1	scaffold_813	100.0		True
CONTIG	scaffold_813	3292	correct
2741711	2744900	3190	1	Nitrosomonas_europaea_NC_004757.1	scaffold_831	100.0		True
CONTIG	scaffold_831	3190	correct
1987888	1990611	1	2724	Nitrosomonas_europaea_NC_004757.1	scaffold_955	100.0		True
CONTIG	scaffold_955	2724	correct
2416288	2418848	2561	1	Nitrosomonas_europaea_NC_004757.1	scaffold_1014	100.0		True
CONTIG	scaffold_1014	2561	correct
768818	771298	2481	1	Nitrosomonas_europaea_NC_004757.1	scaffold_1049	100.0		True
CONTIG	scaffold_1049	2481	correct
300708	302982	2275	1	Nitrosomonas_europaea_NC_004757.1	scaffold_1124	100.0		True
CONTIG	scaffold_1124	2275	correct
197837	199574	1	1738	Nitrosomonas_europaea_NC_004757.1	scaffold_1360	100.0		True
CONTIG	scaffold_1360	1738	correct
2187250	2188955	1706	1	Nitrosomonas_europaea_NC_004757.1	scaffold_1376	100.0		True
CONTIG	scaffold_1376	1706	correct
2667304	2669005	1702	1	Nitrosomonas_europaea_NC_004757.1	scaffold_1378	100.0		True
CONTIG	scaffold_1378	1702	correct
1475945	1477411	1467	1	Nitrosomonas_europaea_NC_004757.1	scaffold_1535	100.0		True
CONTIG	scaffold_1535	1467	correct
1025618	1027044	1427	1	Nitrosomonas_europaea_NC_004757.1	scaffold_1563	100.0		True
CONTIG	scaffold_1563	1427	correct
451892	453084	1	1193	Nitrosomonas_europaea_NC_004757.1	scaffold_1739	100.0		True
CONTIG	scaffold_1739	1193	correct
1487356	1488421	1	1066	Nitrosomonas_europaea_NC_004757.1	scaffold_1899	100.0		True
CONTIG	scaffold_1899	1066	correct
805209	806258	1050	1	Nitrosomonas_europaea_NC_004757.1	scaffold_1921	100.0		True
CONTIG	scaffold_1921	1050	correct
273208	274225	1018	1	Nitrosomonas_europaea_NC_004757.1	scaffold_1972	100.0		True
CONTIG	scaffold_1972	1018	correct
316298	317302	1005	1	Nitrosomonas_europaea_NC_004757.1	scaffold_1986	100.0		True
CONTIG	scaffold_1986	1005	correct
1044457	1045456	1000	1	Nitrosomonas_europaea_NC_004757.1	scaffold_1992	100.0		True
CONTIG	scaffold_1992	1000	correct
493547	494498	952	1	Nitrosomonas_europaea_NC_004757.1	scaffold_2067	100.0		True
CONTIG	scaffold_2067	952	correct
2694168	2695021	1	854	Nitrosomonas_europaea_NC_004757.1	scaffold_2210	100.0		True
CONTIG	scaffold_2210	854	correct
1653397	1654169	773	1	Nitrosomonas_europaea_NC_004757.1	scaffold_2362	99.74		True
CONTIG	scaffold_2362	773	correct
191834	192501	668	1	Nitrosomonas_europaea_NC_004757.1	scaffold_2602	100.0		True
CONTIG	scaffold_2602	668	correct
1991433	1992088	656	1	Nitrosomonas_europaea_NC_004757.1	scaffold_2633	100.0		True
CONTIG	scaffold_2633	656	correct
1330529	1331149	1	621	Nitrosomonas_europaea_NC_004757.1	scaffold_2731	100.0		True
CONTIG	scaffold_2731	621	correct
1389217	1389824	1	608	Nitrosomonas_europaea_NC_004757.1	scaffold_2756	100.0		True
CONTIG	scaffold_2756	608	correct
2741225	2741808	584	1	Nitrosomonas_europaea_NC_004757.1	scaffold_2837	100.0		True
CONTIG	scaffold_2837	584	correct
