Assembly	spades_assembly	spades_assembly.m1000	idbaud_assembly	idbaud_assembly.m1000
# misassemblies	5	5	1	1
  # contig misassemblies	5	5	1	1
    # c. relocations	5	5	1	1
    # c. translocations	0	0	0	0
    # c. inversions	0	0	0	0
  # scaffold misassemblies	0	0	0	0
    # s. relocations	0	0	0	0
    # s. translocations	0	0	0	0
    # s. inversions	0	0	0	0
# misassembled contigs	5	5	1	1
Misassembled contigs length	264312	264312	76722	76722
# possibly misassembled contigs	0	0	0	0
    # possible misassemblies	0	0	0	0
# local misassemblies	3	3	13	13
# scaffold gap ext. mis.	0	0	0	0
# scaffold gap loc. mis.	11	11	10	10
# unaligned mis. contigs	0	0	0	0
# mismatches	7	7	2	0
# indels	5	5	4	4
    # indels (<= 5 bp)	3	3	2	2
    # indels (> 5 bp)	2	2	2	2
Indels length	141	141	163	163
