S1	E1	S2	E2	Reference	Contig	IDY	Ambiguous	Best_group
1531627	1754251	222625	1	Arcobacter_nitrofigilis_NC_014166.1	scaffold_7	100.0		True
local misassembly
1505332	1531349	248643	222626	Arcobacter_nitrofigilis_NC_014166.1	scaffold_7	100.0		True
CONTIG	scaffold_7	248643	correct
449077	661166	212090	1	Arcobacter_nitrofigilis_NC_014166.1	scaffold_8	100.0		True
CONTIG	scaffold_8	212090	correct
1762601	1945709	1	183109	Arcobacter_nitrofigilis_NC_014166.1	scaffold_10	100.0		True
CONTIG	scaffold_10	183109	correct
2922078	3081710	159633	1	Arcobacter_nitrofigilis_NC_014166.1	scaffold_20	100.0		True
local misassembly
2791450	2921746	289930	159634	Arcobacter_nitrofigilis_NC_014166.1	scaffold_20	100.0		True
CONTIG	scaffold_20	289930	correct
1348048	1443315	95268	1	Arcobacter_nitrofigilis_NC_014166.1	scaffold_27	100.0		True
fake: scaffold gap size wrong estimation (local)
1206303	1347610	236601	95294	Arcobacter_nitrofigilis_NC_014166.1	scaffold_27	100.0		True
local misassembly
1175415	1206025	267212	236602	Arcobacter_nitrofigilis_NC_014166.1	scaffold_27	100.0		True
local misassembly
1173028	1175292	269477	267213	Arcobacter_nitrofigilis_NC_014166.1	scaffold_27	100.0		True
local misassembly
1138225	1172763	304016	269478	Arcobacter_nitrofigilis_NC_014166.1	scaffold_27	100.0		True
local misassembly
1136870	1138016	305163	304017	Arcobacter_nitrofigilis_NC_014166.1	scaffold_27	100.0		True
local misassembly
1116489	1136659	325334	305164	Arcobacter_nitrofigilis_NC_014166.1	scaffold_27	100.0		True
local misassembly
1079225	1116148	362258	325335	Arcobacter_nitrofigilis_NC_014166.1	scaffold_27	100.0		True
fake: scaffold gap size wrong estimation (local)
1072696	1078787	368423	362332	Arcobacter_nitrofigilis_NC_014166.1	scaffold_27	100.0		True
local misassembly
1024649	1072418	416193	368424	Arcobacter_nitrofigilis_NC_014166.1	scaffold_27	100.0		True
CONTIG	scaffold_27	416193	correct
99159	237742	138584	1	Arcobacter_nitrofigilis_NC_014166.1	scaffold_30	100.0		True
CONTIG	scaffold_30	138584	correct
2662037	2790440	128404	1	Arcobacter_nitrofigilis_NC_014166.1	scaffold_32	100.0		True
CONTIG	scaffold_32	128404	correct
2133147	2255245	122099	1	Arcobacter_nitrofigilis_NC_014166.1	scaffold_33	100.0		True
CONTIG	scaffold_33	122099	correct
2538634	2656550	1	117917	Arcobacter_nitrofigilis_NC_014166.1	scaffold_36	100.0		True
CONTIG	scaffold_36	117917	correct
313295	426850	113556	1	Arcobacter_nitrofigilis_NC_014166.1	scaffold_37	100.0		True
CONTIG	scaffold_37	113556	correct
662461	753417	1	90954	Arcobacter_nitrofigilis_NC_014166.1	scaffold_47	99.96		True
local misassembly
753797	795698	90955	132856	Arcobacter_nitrofigilis_NC_014166.1	scaffold_47	99.95		True
local misassembly
796081	896037	132857	232813	Arcobacter_nitrofigilis_NC_014166.1	scaffold_47	100.0		True
local misassembly
896388	898039	232814	234465	Arcobacter_nitrofigilis_NC_014166.1	scaffold_47	100.0		True
local misassembly
898417	950543	234466	286592	Arcobacter_nitrofigilis_NC_014166.1	scaffold_47	100.0		True
local misassembly
950693	951641	286593	287541	Arcobacter_nitrofigilis_NC_014166.1	scaffold_47	100.0		True
local misassembly
951816	951939	287839	287962	Arcobacter_nitrofigilis_NC_014166.1	scaffold_47	97.58		True
CONTIG	scaffold_47	287962	correct
3	95252	1	95250	Arcobacter_nitrofigilis_NC_014166.1	scaffold_53	100.0		True
local misassembly
95459	96849	95251	96641	Arcobacter_nitrofigilis_NC_014166.1	scaffold_53	100.0		True
CONTIG	scaffold_53	96641	correct
2034306	2039409	5104	1	Arcobacter_nitrofigilis_NC_014166.1	scaffold_60	100.0		True
local misassembly
2032441	2034084	6748	5105	Arcobacter_nitrofigilis_NC_014166.1	scaffold_60	100.0		True
local misassembly
1947042	2032224	91931	6749	Arcobacter_nitrofigilis_NC_014166.1	scaffold_60	100.0		True
CONTIG	scaffold_60	91931	correct
2477841	2526712	48872	1	Arcobacter_nitrofigilis_NC_014166.1	scaffold_62	99.82		True
local misassembly
2393398	2477528	132944	48873	Arcobacter_nitrofigilis_NC_014166.1	scaffold_62	99.93		True
local misassembly
2330649	2393061	195357	132945	Arcobacter_nitrofigilis_NC_014166.1	scaffold_62	100.0		True
CONTIG	scaffold_62	195357	correct
3164164	3167184	3021	1	Arcobacter_nitrofigilis_NC_014166.1	scaffold_77	100.0		True
local misassembly
3089067	3163977	77932	3022	Arcobacter_nitrofigilis_NC_014166.1	scaffold_77	100.0		True
CONTIG	scaffold_77	77932	correct
243208	310770	67563	1	Arcobacter_nitrofigilis_NC_014166.1	scaffold_93	100.0		True
CONTIG	scaffold_93	67563	correct
2256479	2271013	1	14535	Arcobacter_nitrofigilis_NC_014166.1	scaffold_123	100.0		True
local misassembly
2271257	2325203	14536	68482	Arcobacter_nitrofigilis_NC_014166.1	scaffold_123	100.0		True
CONTIG	scaffold_123	68482	correct
2127877	2131778	3902	1	Arcobacter_nitrofigilis_NC_014166.1	scaffold_151	100.0		True
local misassembly
2101282	2127532	30153	3903	Arcobacter_nitrofigilis_NC_014166.1	scaffold_151	100.0		True
local misassembly
2055556	2100888	75486	30154	Arcobacter_nitrofigilis_NC_014166.1	scaffold_151	100.0		True
local misassembly
2039755	2055153	90885	75487	Arcobacter_nitrofigilis_NC_014166.1	scaffold_151	100.0		True
CONTIG	scaffold_151	90885	correct
983639	1023639	40001	1	Arcobacter_nitrofigilis_NC_014166.1	scaffold_169	100.0		True
local misassembly
952269	983227	70960	40002	Arcobacter_nitrofigilis_NC_014166.1	scaffold_169	100.0		True
CONTIG	scaffold_169	70960	correct
1456033	1487527	31495	1	Arcobacter_nitrofigilis_NC_014166.1	scaffold_193	100.0		True
local misassembly
1445802	1455754	41448	31496	Arcobacter_nitrofigilis_NC_014166.1	scaffold_193	100.0		True
CONTIG	scaffold_193	41448	correct
3168517	3192213	1	23697	Arcobacter_nitrofigilis_NC_014166.1	scaffold_219	100.0		True
CONTIG	scaffold_219	23697	correct
438284	447929	1	9646	Arcobacter_nitrofigilis_NC_014166.1	scaffold_363	100.0		True
CONTIG	scaffold_363	9646	correct
2528882	2535756	6875	1	Arcobacter_nitrofigilis_NC_014166.1	scaffold_454	100.0		True
CONTIG	scaffold_454	6875	correct
2657155	2662111	4957	1	Arcobacter_nitrofigilis_NC_014166.1	scaffold_567	100.0		True
CONTIG	scaffold_567	4957	correct
1755981	1760871	4891	1	Arcobacter_nitrofigilis_NC_014166.1	scaffold_572	100.0		True
CONTIG	scaffold_572	4891	correct
427500	432371	1	4872	Arcobacter_nitrofigilis_NC_014166.1	scaffold_573	100.0		True
CONTIG	scaffold_573	4872	correct
433666	437634	1	3969	Arcobacter_nitrofigilis_NC_014166.1	scaffold_669	100.0		True
CONTIG	scaffold_669	3969	correct
1498625	1500193	1	1569	Arcobacter_nitrofigilis_NC_014166.1	scaffold_909	100.0		True
local misassembly
1500603	1503432	1570	4399	Arcobacter_nitrofigilis_NC_014166.1	scaffold_909	100.0		True
CONTIG	scaffold_909	4399	correct
2536349	2538041	1	1693	Arcobacter_nitrofigilis_NC_014166.1	scaffold_1383	100.0		True
CONTIG	scaffold_1383	1693	correct
1754154	1755839	1686	1	Arcobacter_nitrofigilis_NC_014166.1	scaffold_1386	100.0		True
CONTIG	scaffold_1386	1686	correct
1490848	1492336	1489	1	Arcobacter_nitrofigilis_NC_014166.1	scaffold_1517	100.0		True
fake: scaffold gap size wrong estimation (local)
1489120	1490440	2872	1552	Arcobacter_nitrofigilis_NC_014166.1	scaffold_1517	100.0		True
CONTIG	scaffold_1517	2872	correct
2255260	2256464	1205	1	Arcobacter_nitrofigilis_NC_014166.1	scaffold_1719	100.0		True
CONTIG	scaffold_1719	1205	correct
1945626	1946815	1190	1	Arcobacter_nitrofigilis_NC_014166.1	scaffold_1740	100.0		True
CONTIG	scaffold_1740	1190	correct
3167101	3168290	1190	1	Arcobacter_nitrofigilis_NC_014166.1	scaffold_1743	100.0		True
CONTIG	scaffold_1743	1190	correct
