S1	E1	S2	E2	Reference	Contig	IDY	Ambiguous	Best_group
2055313	2255268	199935	1	Arcobacter_nitrofigilis_NC_014166.1	NODE_6_length_607162_cov_1.000759	99.98		True
relocation, inconsistency = 848912
1173347	1206174	199936	232763	Arcobacter_nitrofigilis_NC_014166.1	NODE_6_length_607162_cov_1.000759	99.98		True
relocation, inconsistency = 1715775
2921950	3080912	232764	391726	Arcobacter_nitrofigilis_NC_014166.1	NODE_6_length_607162_cov_1.000759	99.98		True
relocation, inconsistency = -2633781
447132	662567	391727	607162	Arcobacter_nitrofigilis_NC_014166.1	NODE_6_length_607162_cov_1.000759	99.95		True
CONTIG	NODE_6_length_607162_cov_1.000759	607162	misassembled
662279	898046	1	235768	Arcobacter_nitrofigilis_NC_014166.1	NODE_11_length_361162_cov_0.994424	100.0		True
fake: scaffold gap size wrong estimation (local)
898269	1023652	235779	361162	Arcobacter_nitrofigilis_NC_014166.1	NODE_11_length_361162_cov_0.994424	100.0		True
CONTIG	NODE_11_length_361162_cov_0.994424	361162	correct
1755867	2032455	276589	1	Arcobacter_nitrofigilis_NC_014166.1	NODE_21_length_276589_cov_1.002243	100.0		True
CONTIG	NODE_21_length_276589_cov_1.002243	276589	correct
2656658	2922071	265414	1	Arcobacter_nitrofigilis_NC_014166.1	NODE_22_length_265414_cov_1.057291	100.0		True
CONTIG	NODE_22_length_265414_cov_1.057291	265414	correct
1503631	1754273	2090	252692	Arcobacter_nitrofigilis_NC_014166.1	NODE_28_length_252692_cov_0.999568	99.93		True
CONTIG	NODE_28_length_252692_cov_0.999568	252692	correct
1206283	1443605	237323	1	Arcobacter_nitrofigilis_NC_014166.1	NODE_37_length_237323_cov_1.010459	100.0		True
CONTIG	NODE_37_length_237323_cov_1.010459	237323	correct
2330648	2477528	1	146881	Arcobacter_nitrofigilis_NC_014166.1	NODE_43_length_195756_cov_0.998783	100.0		True
local misassembly
2477841	2526713	146882	195754	Arcobacter_nitrofigilis_NC_014166.1	NODE_43_length_195756_cov_0.998783	99.93		True
CONTIG	NODE_43_length_195756_cov_0.998783	195756	correct
1079113	1173144	94032	1	Arcobacter_nitrofigilis_NC_014166.1	NODE_61_length_148210_cov_0.989351	100.0		True
fake: scaffold gap size wrong estimation (local)
1024627	1078794	148210	94043	Arcobacter_nitrofigilis_NC_014166.1	NODE_61_length_148210_cov_0.989351	100.0		True
CONTIG	NODE_61_length_148210_cov_0.989351	148210	correct
97180	237743	140564	1	Arcobacter_nitrofigilis_NC_014166.1	NODE_63_length_140564_cov_0.998099	100.0		True
CONTIG	NODE_63_length_140564_cov_0.998099	140564	correct
2538631	2656599	117969	1	Arcobacter_nitrofigilis_NC_014166.1	NODE_72_length_127137_cov_1.001055	100.0		True
local misassembly
2528878	2538045	127137	117970	Arcobacter_nitrofigilis_NC_014166.1	NODE_72_length_127137_cov_1.001055	99.93		True
CONTIG	NODE_72_length_127137_cov_1.001055	127137	correct
312322	432372	1	120051	Arcobacter_nitrofigilis_NC_014166.1	NODE_74_length_120051_cov_0.999416	100.0		True
CONTIG	NODE_74_length_120051_cov_0.999416	120051	correct
3089025	3192213	1	103162	Arcobacter_nitrofigilis_NC_014166.1	NODE_86_length_103162_cov_0.990538	99.97		True
CONTIG	NODE_86_length_103162_cov_0.990538	103162	correct
3	96870	1	96868	Arcobacter_nitrofigilis_NC_014166.1	NODE_92_length_96868_cov_0.989085	100.0		True
CONTIG	NODE_92_length_96868_cov_0.989085	96868	correct
2255238	2325226	1	69989	Arcobacter_nitrofigilis_NC_014166.1	NODE_122_length_69989_cov_1.001989	100.0		True
CONTIG	NODE_122_length_69989_cov_1.001989	69989	correct
243203	310771	67569	1	Arcobacter_nitrofigilis_NC_014166.1	NODE_124_length_67569_cov_0.966048	100.0		True
CONTIG	NODE_124_length_67569_cov_0.966048	67569	correct
1445783	1488689	1	42923	Arcobacter_nitrofigilis_NC_014166.1	NODE_172_length_44304_cov_1.061381	99.69		True
relocation, inconsistency = 2268
1490958	1492338	42924	44304	Arcobacter_nitrofigilis_NC_014166.1	NODE_172_length_44304_cov_1.061381	99.34		True
CONTIG	NODE_172_length_44304_cov_1.061381	44304	misassembled
2039411	2055563	1	16153	Arcobacter_nitrofigilis_NC_014166.1	NODE_300_length_16153_cov_0.948353	100.0		True
CONTIG	NODE_300_length_16153_cov_0.948353	16153	correct
438283	448291	10009	1	Arcobacter_nitrofigilis_NC_014166.1	NODE_321_length_14272_cov_0.964313	100.0		True
fake: scaffold gap size wrong estimation (local)
433655	437642	14272	10285	Arcobacter_nitrofigilis_NC_014166.1	NODE_321_length_14272_cov_0.964313	100.0		True
CONTIG	NODE_321_length_14272_cov_0.964313	14272	correct
2035520	2039544	1	4025	Arcobacter_nitrofigilis_NC_014166.1	NODE_490_length_7094_cov_0.981213	99.98		True
relocation, inconsistency = -6973
2032572	2035640	4026	7094	Arcobacter_nitrofigilis_NC_014166.1	NODE_490_length_7094_cov_0.981213	99.86		True
CONTIG	NODE_490_length_7094_cov_0.981213	7094	misassembled
1496415	1500187	1	3764	Arcobacter_nitrofigilis_NC_014166.1	NODE_643_length_3764_cov_1.696404	96.06		True
CONTIG	NODE_643_length_3764_cov_1.696404	3764	correct
