S1	E1	S2	E2	Reference	Contig	IDY	Ambiguous	Best_group
10	8294	1	8285	Nitrobacter_winogradskyi_NC_007406.1	NODE_28_length_252961_cov_0.642691	100.0		True
fake: scaffold gap size wrong estimation (local)
8961	205227	8484	204750	Nitrobacter_winogradskyi_NC_007406.1	NODE_28_length_252961_cov_0.642691	100.0		True
fake: scaffold gap size wrong estimation (local)
205872	245362	204909	244399	Nitrobacter_winogradskyi_NC_007406.1	NODE_28_length_252961_cov_0.642691	100.0		True
fake: scaffold gap size wrong estimation (local)
245821	254372	244410	252961	Nitrobacter_winogradskyi_NC_007406.1	NODE_28_length_252961_cov_0.642691	100.0		True
CONTIG	NODE_28_length_252961_cov_0.642691	252961	correct
2721543	2897157	175615	1	Nitrobacter_winogradskyi_NC_007406.1	NODE_35_length_238022_cov_0.671082	100.0		True
fake: scaffold gap size wrong estimation (local)
2698305	2720881	198358	175782	Nitrobacter_winogradskyi_NC_007406.1	NODE_35_length_238022_cov_0.671082	100.0		True
fake: scaffold gap size wrong estimation (local)
2658428	2697657	237892	198663	Nitrobacter_winogradskyi_NC_007406.1	NODE_35_length_238022_cov_0.671082	100.0		True
CONTIG	NODE_35_length_238022_cov_0.671082	238022	correct
1891604	2116820	225217	1	Nitrobacter_winogradskyi_NC_007406.1	NODE_37_length_235394_cov_0.656998	100.0		True
relocation, inconsistency = -383407
2264840	2275010	235388	225218	Nitrobacter_winogradskyi_NC_007406.1	NODE_37_length_235394_cov_0.656998	99.79		True
CONTIG	NODE_37_length_235394_cov_0.656998	235394	misassembled
539865	719464	1	179569	Nitrobacter_winogradskyi_NC_007406.1	NODE_50_length_179569_cov_0.671208	99.98		True
CONTIG	NODE_50_length_179569_cov_0.671208	179569	correct
2906976	3056206	149231	1	Nitrobacter_winogradskyi_NC_007406.1	NODE_62_length_149231_cov_0.651754	100.0		True
CONTIG	NODE_62_length_149231_cov_0.651754	149231	correct
1740479	1874622	1	134144	Nitrobacter_winogradskyi_NC_007406.1	NODE_69_length_134144_cov_0.671056	99.96		True
CONTIG	NODE_69_length_134144_cov_0.671056	134144	correct
1269806	1399959	1	130154	Nitrobacter_winogradskyi_NC_007406.1	NODE_73_length_130154_cov_0.648889	100.0		True
CONTIG	NODE_73_length_130154_cov_0.648889	130154	correct
943638	1047699	104062	1	Nitrobacter_winogradskyi_NC_007406.1	NODE_85_length_108052_cov_0.656679	100.0		True
relocation, inconsistency = 1229163
2276863	2280852	104063	108052	Nitrobacter_winogradskyi_NC_007406.1	NODE_85_length_108052_cov_0.656679	99.91		True
CONTIG	NODE_85_length_108052_cov_0.656679	108052	misassembled
1116449	1204736	88288	1	Nitrobacter_winogradskyi_NC_007406.1	NODE_97_length_88288_cov_0.655154	100.0		True
CONTIG	NODE_97_length_88288_cov_0.655154	88288	correct
1522992	1608760	85769	1	Nitrobacter_winogradskyi_NC_007406.1	NODE_98_length_86068_cov_0.665480	100.0		True
CONTIG	NODE_98_length_86068_cov_0.665480	86068	correct
2462028	2547263	1	85236	Nitrobacter_winogradskyi_NC_007406.1	NODE_99_length_85236_cov_0.659801	100.0		True
CONTIG	NODE_99_length_85236_cov_0.659801	85236	correct
1432240	1433608	1	1369	Nitrobacter_winogradskyi_NC_007406.1	NODE_101_length_84984_cov_0.656399	99.93		True
relocation, scaffold gap is present, inconsistency = 901234
2334853	2418457	84984	1380	Nitrobacter_winogradskyi_NC_007406.1	NODE_101_length_84984_cov_0.656399	100.0		True
CONTIG	NODE_101_length_84984_cov_0.656399	84984	misassembled
412753	490028	77276	1	Nitrobacter_winogradskyi_NC_007406.1	NODE_109_length_77276_cov_0.646711	100.0		True
CONTIG	NODE_109_length_77276_cov_0.646711	77276	correct
3183537	3255999	1	72463	Nitrobacter_winogradskyi_NC_007406.1	NODE_118_length_72463_cov_0.641052	100.0		True
CONTIG	NODE_118_length_72463_cov_0.641052	72463	correct
788172	789157	1	986	Nitrobacter_winogradskyi_NC_007406.1	NODE_120_length_72161_cov_0.701916	100.0		True
fake: scaffold gap size wrong estimation (local)
789985	860744	1402	72161	Nitrobacter_winogradskyi_NC_007406.1	NODE_120_length_72161_cov_0.701916	100.0		True
CONTIG	NODE_120_length_72161_cov_0.701916	72161	correct
3135129	3156409	1	21281	Nitrobacter_winogradskyi_NC_007406.1	NODE_131_length_63249_cov_0.755513	100.0		True
relocation, inconsistency = -737195
2419215	2461182	21282	63249	Nitrobacter_winogradskyi_NC_007406.1	NODE_131_length_63249_cov_0.755513	100.0		True
CONTIG	NODE_131_length_63249_cov_0.755513	63249	misassembled
285025	348259	63235	1	Nitrobacter_winogradskyi_NC_007406.1	NODE_132_length_63235_cov_0.653579	100.0		True
CONTIG	NODE_132_length_63235_cov_0.653579	63235	correct
1623197	1686287	63091	1	Nitrobacter_winogradskyi_NC_007406.1	NODE_133_length_63091_cov_0.667032	100.0		True
CONTIG	NODE_133_length_63091_cov_0.667032	63091	correct
349911	409947	1	60037	Nitrobacter_winogradskyi_NC_007406.1	NODE_139_length_60037_cov_0.664981	100.0		True
CONTIG	NODE_139_length_60037_cov_0.664981	60037	correct
3293357	3350960	1	57604	Nitrobacter_winogradskyi_NC_007406.1	NODE_141_length_57604_cov_0.665605	100.0		True
CONTIG	NODE_141_length_57604_cov_0.665605	57604	correct
740670	788273	1	47604	Nitrobacter_winogradskyi_NC_007406.1	NODE_147_length_54334_cov_0.676609	100.0		True
relocation, inconsistency = 1432684
2220958	2227687	54334	47605	Nitrobacter_winogradskyi_NC_007406.1	NODE_147_length_54334_cov_0.676609	99.85		True
CONTIG	NODE_147_length_54334_cov_0.676609	54334	misassembled
1206234	1254602	1	48369	Nitrobacter_winogradskyi_NC_007406.1	NODE_157_length_48369_cov_0.640524	100.0		True
CONTIG	NODE_157_length_48369_cov_0.640524	48369	correct
490681	537902	47222	1	Nitrobacter_winogradskyi_NC_007406.1	NODE_161_length_47222_cov_0.637736	100.0		True
CONTIG	NODE_161_length_47222_cov_0.637736	47222	correct
1447343	1493689	46347	1	Nitrobacter_winogradskyi_NC_007406.1	NODE_163_length_46347_cov_0.665015	100.0		True
CONTIG	NODE_163_length_46347_cov_0.665015	46347	correct
873014	918324	45316	6	Nitrobacter_winogradskyi_NC_007406.1	NODE_170_length_45316_cov_0.671114	100.0		True
CONTIG	NODE_170_length_45316_cov_0.671114	45316	correct
642433	642523	8274	8184	Nitrobacter_winogradskyi_NC_007406.1	NODE_171_length_45298_cov_0.355380	96.7		True
CONTIG	NODE_171_length_45298_cov_0.355380	45298	correct_unaligned
1687604	1721711	1	34108	Nitrobacter_winogradskyi_NC_007406.1	NODE_172_length_44579_cov_0.673107	100.0		True
relocation, inconsistency = 582087
2303799	2314269	44579	34109	Nitrobacter_winogradskyi_NC_007406.1	NODE_172_length_44579_cov_0.673107	100.0		True
CONTIG	NODE_172_length_44579_cov_0.673107	44579	misassembled
3256868	3260613	1	3746	Nitrobacter_winogradskyi_NC_007406.1	NODE_173_length_44491_cov_0.787131	100.0		True
fake: scaffold gap size wrong estimation (local)
3261265	3293453	3893	36081	Nitrobacter_winogradskyi_NC_007406.1	NODE_173_length_44491_cov_0.787131	100.0		True
relocation, inconsistency = -1878199
1415255	1423664	36082	44491	Nitrobacter_winogradskyi_NC_007406.1	NODE_173_length_44491_cov_0.787131	99.95		True
CONTIG	NODE_173_length_44491_cov_0.787131	44491	misassembled
1114716	1115136	421	1	Nitrobacter_winogradskyi_NC_007406.1	NODE_184_length_42399_cov_0.636241	100.0		True
fake: scaffold gap size wrong estimation (local)
1113162	1114144	1555	573	Nitrobacter_winogradskyi_NC_007406.1	NODE_184_length_42399_cov_0.636241	100.0		True
fake: scaffold gap size wrong estimation (local)
1071974	1112496	42399	1877	Nitrobacter_winogradskyi_NC_007406.1	NODE_184_length_42399_cov_0.636241	100.0		True
CONTIG	NODE_184_length_42399_cov_0.636241	42399	correct
2593279	2630165	36887	1	Nitrobacter_winogradskyi_NC_007406.1	NODE_200_length_36887_cov_0.626530	100.0		True
CONTIG	NODE_200_length_36887_cov_0.626530	36887	correct
2188881	2220104	1	31224	Nitrobacter_winogradskyi_NC_007406.1	NODE_216_length_31224_cov_0.659261	100.0		True
CONTIG	NODE_216_length_31224_cov_0.659261	31224	correct
3372982	3402067	29086	1	Nitrobacter_winogradskyi_NC_007406.1	NODE_219_length_30036_cov_0.639211	100.0		True
fake: scaffold gap size wrong estimation (local)
3371601	3372349	30036	29288	Nitrobacter_winogradskyi_NC_007406.1	NODE_219_length_30036_cov_0.639211	100.0		True
CONTIG	NODE_219_length_30036_cov_0.639211	30036	correct
2548579	2577507	1	28929	Nitrobacter_winogradskyi_NC_007406.1	NODE_221_length_28929_cov_0.624965	100.0		True
CONTIG	NODE_221_length_28929_cov_0.624965	28929	correct
1494317	1521210	26894	1	Nitrobacter_winogradskyi_NC_007406.1	NODE_229_length_26894_cov_0.661562	100.0		True
CONTIG	NODE_229_length_26894_cov_0.661562	26894	correct
2236001	2247628	1	11628	Nitrobacter_winogradskyi_NC_007406.1	NODE_246_length_23439_cov_0.645253	100.0		True
fake: scaffold gap size wrong estimation (local)
2248383	2259879	11940	23436	Nitrobacter_winogradskyi_NC_007406.1	NODE_246_length_23439_cov_0.645253	99.55		True
CONTIG	NODE_246_length_23439_cov_0.645253	23439	correct
3111025	3134321	23297	1	Nitrobacter_winogradskyi_NC_007406.1	NODE_247_length_23297_cov_0.639368	100.0		True
CONTIG	NODE_247_length_23297_cov_0.639368	23297	correct
2280755	2296469	15715	1	Nitrobacter_winogradskyi_NC_007406.1	NODE_255_length_21639_cov_1.522307	99.99		True
relocation, inconsistency = 1055906
3352376	3358299	15716	21639	Nitrobacter_winogradskyi_NC_007406.1	NODE_255_length_21639_cov_1.522307	100.0		True
CONTIG	NODE_255_length_21639_cov_1.522307	21639	misassembled
264456	285033	20578	1	Nitrobacter_winogradskyi_NC_007406.1	NODE_263_length_20578_cov_1.061544	100.0		True
CONTIG	NODE_263_length_20578_cov_1.061544	20578	correct
2635540	2655514	19975	1	Nitrobacter_winogradskyi_NC_007406.1	NODE_268_length_19975_cov_0.659766	100.0		True
CONTIG	NODE_268_length_19975_cov_0.659766	19975	correct
3071617	3079968	8352	1	Nitrobacter_winogradskyi_NC_007406.1	NODE_274_length_19590_cov_0.661205	100.0		True
local misassembly
3069559	3071457	10251	8353	Nitrobacter_winogradskyi_NC_007406.1	NODE_274_length_19590_cov_0.661205	100.0		True
fake: scaffold gap size wrong estimation (local)
3060001	3069329	19590	10262	Nitrobacter_winogradskyi_NC_007406.1	NODE_274_length_19590_cov_0.661205	100.0		True
CONTIG	NODE_274_length_19590_cov_0.661205	19590	correct
2134715	2153913	19199	1	Nitrobacter_winogradskyi_NC_007406.1	NODE_277_length_19199_cov_0.663854	100.0		True
CONTIG	NODE_277_length_19199_cov_0.663854	19199	correct
2157179	2176374	1	19196	Nitrobacter_winogradskyi_NC_007406.1	NODE_278_length_19196_cov_0.650223	100.0		True
CONTIG	NODE_278_length_19196_cov_0.650223	19196	correct
1434792	1447443	1	12652	Nitrobacter_winogradskyi_NC_007406.1	NODE_281_length_18545_cov_1.327508	100.0		True
relocation, inconsistency = 507303
921596	927488	18545	12653	Nitrobacter_winogradskyi_NC_007406.1	NODE_281_length_18545_cov_1.327508	100.0		True
CONTIG	NODE_281_length_18545_cov_1.327508	18545	misassembled
1721605	1739821	1	18217	Nitrobacter_winogradskyi_NC_007406.1	NODE_283_length_18217_cov_0.645557	100.0		True
CONTIG	NODE_283_length_18217_cov_0.645557	18217	correct
2315474	2333548	18075	1	Nitrobacter_winogradskyi_NC_007406.1	NODE_286_length_18075_cov_0.634789	100.0		True
CONTIG	NODE_286_length_18075_cov_0.634789	18075	correct
1876237	1891848	1	15612	Nitrobacter_winogradskyi_NC_007406.1	NODE_303_length_15612_cov_0.629591	100.0		True
CONTIG	NODE_303_length_15612_cov_0.629591	15612	correct
3082767	3094122	1	11356	Nitrobacter_winogradskyi_NC_007406.1	NODE_310_length_14852_cov_0.617066	100.0		True
fake: scaffold gap size wrong estimation (local)
3094799	3098001	11650	14852	Nitrobacter_winogradskyi_NC_007406.1	NODE_310_length_14852_cov_0.617066	100.0		True
CONTIG	NODE_310_length_14852_cov_0.617066	14852	correct
3161777	3176526	1	14750	Nitrobacter_winogradskyi_NC_007406.1	NODE_312_length_14750_cov_0.656846	100.0		True
CONTIG	NODE_312_length_14750_cov_0.656846	14750	correct
2118269	2122030	1	3762	Nitrobacter_winogradskyi_NC_007406.1	NODE_313_length_14708_cov_0.675327	100.0		True
fake: scaffold gap size wrong estimation (local)
2123627	2133407	4928	14708	Nitrobacter_winogradskyi_NC_007406.1	NODE_313_length_14708_cov_0.675327	100.0		True
CONTIG	NODE_313_length_14708_cov_0.675327	14708	correct
720774	734711	1	13938	Nitrobacter_winogradskyi_NC_007406.1	NODE_326_length_13938_cov_0.650069	100.0		True
CONTIG	NODE_326_length_13938_cov_0.650069	13938	correct
2578810	2592418	1	13609	Nitrobacter_winogradskyi_NC_007406.1	NODE_328_length_13609_cov_0.667408	100.0		True
CONTIG	NODE_328_length_13609_cov_0.667408	13609	correct
1048542	1062072	1	13531	Nitrobacter_winogradskyi_NC_007406.1	NODE_330_length_13531_cov_0.653020	99.99		True
CONTIG	NODE_330_length_13531_cov_0.653020	13531	correct
1255923	1268945	1	13023	Nitrobacter_winogradskyi_NC_007406.1	NODE_342_length_13023_cov_0.615718	100.0		True
CONTIG	NODE_342_length_13023_cov_0.615718	13023	correct
1401714	1414514	12801	1	Nitrobacter_winogradskyi_NC_007406.1	NODE_348_length_12801_cov_0.639274	100.0		True
CONTIG	NODE_348_length_12801_cov_0.639274	12801	correct
863348	865560	2213	1	Nitrobacter_winogradskyi_NC_007406.1	NODE_405_length_9752_cov_0.696086	100.0		True
relocation, scaffold gap is present, inconsistency = 197455
1063026	1068918	2224	8116	Nitrobacter_winogradskyi_NC_007406.1	NODE_405_length_9752_cov_0.696086	100.0		True
local misassembly
1069496	1071131	8117	9752	Nitrobacter_winogradskyi_NC_007406.1	NODE_405_length_9752_cov_0.696086	100.0		True
CONTIG	NODE_405_length_9752_cov_0.696086	9752	misassembled
2178583	2188039	9457	1	Nitrobacter_winogradskyi_NC_007406.1	NODE_409_length_9461_cov_0.661028	100.0		True
CONTIG	NODE_409_length_9461_cov_0.661028	9461	correct
928448	937610	9163	1	Nitrobacter_winogradskyi_NC_007406.1	NODE_421_length_9163_cov_0.668436	100.0		True
CONTIG	NODE_421_length_9163_cov_0.668436	9163	correct
3100702	3109726	1	9025	Nitrobacter_winogradskyi_NC_007406.1	NODE_426_length_9025_cov_0.655099	100.0		True
CONTIG	NODE_426_length_9025_cov_0.655099	9025	correct
1613018	1621881	8864	1	Nitrobacter_winogradskyi_NC_007406.1	NODE_432_length_8864_cov_0.670708	100.0		True
CONTIG	NODE_432_length_8864_cov_0.670708	8864	correct
2898462	2905674	7213	1	Nitrobacter_winogradskyi_NC_007406.1	NODE_487_length_7213_cov_0.655245	100.0		True
CONTIG	NODE_487_length_7213_cov_0.655245	7213	correct
865832	871698	1	5867	Nitrobacter_winogradskyi_NC_007406.1	NODE_542_length_5867_cov_0.627915	100.0		True
CONTIG	NODE_542_length_5867_cov_0.627915	5867	correct
3359500	3364665	5166	1	Nitrobacter_winogradskyi_NC_007406.1	NODE_575_length_5166_cov_0.687215	100.0		True
CONTIG	NODE_575_length_5166_cov_0.687215	5166	correct
2229611	2234683	5073	1	Nitrobacter_winogradskyi_NC_007406.1	NODE_581_length_5073_cov_0.693457	100.0		True
CONTIG	NODE_581_length_5073_cov_0.693457	5073	correct
3177830	3182837	5008	1	Nitrobacter_winogradskyi_NC_007406.1	NODE_586_length_5008_cov_0.589114	100.0		True
CONTIG	NODE_586_length_5008_cov_0.589114	5008	correct
3365956	3370288	1	4333	Nitrobacter_winogradskyi_NC_007406.1	NODE_624_length_4333_cov_0.594255	100.0		True
CONTIG	NODE_624_length_4333_cov_0.594255	4333	correct
259636	263539	1	3904	Nitrobacter_winogradskyi_NC_007406.1	NODE_642_length_3904_cov_0.656093	100.0		True
CONTIG	NODE_642_length_3904_cov_0.656093	3904	correct
735536	739362	1	3827	Nitrobacter_winogradskyi_NC_007406.1	NODE_646_length_3827_cov_0.636805	100.0		True
CONTIG	NODE_646_length_3827_cov_0.636805	3827	correct
1427236	1430921	3686	1	Nitrobacter_winogradskyi_NC_007406.1	NODE_656_length_3686_cov_0.674334	100.0		True
CONTIG	NODE_656_length_3686_cov_0.674334	3686	correct
2261580	2264959	3259	1	Nitrobacter_winogradskyi_NC_007406.1	NODE_685_length_3259_cov_0.558636	96.31		True
CONTIG	NODE_685_length_3259_cov_0.558636	3259	correct
2297779	2300511	1	2733	Nitrobacter_winogradskyi_NC_007406.1	NODE_733_length_2733_cov_0.634380	100.0		True
CONTIG	NODE_733_length_2733_cov_0.634380	2733	correct
2631456	2633839	1	2384	Nitrobacter_winogradskyi_NC_007406.1	NODE_763_length_2384_cov_0.714096	100.0		True
CONTIG	NODE_763_length_2384_cov_0.714096	2384	correct
919028	921365	2338	1	Nitrobacter_winogradskyi_NC_007406.1	NODE_769_length_2338_cov_0.752819	100.0		True
CONTIG	NODE_769_length_2338_cov_0.752819	2338	correct
939105	940926	1822	1	Nitrobacter_winogradskyi_NC_007406.1	NODE_821_length_1822_cov_0.584950	100.0		True
CONTIG	NODE_821_length_1822_cov_0.584950	1822	correct
2656825	2658526	1702	1	Nitrobacter_winogradskyi_NC_007406.1	NODE_839_length_1702_cov_0.616698	100.0		True
CONTIG	NODE_839_length_1702_cov_0.616698	1702	correct
860749	862447	1	1699	Nitrobacter_winogradskyi_NC_007406.1	NODE_842_length_1699_cov_1.045627	100.0		True
CONTIG	NODE_842_length_1699_cov_1.045627	1699	correct
2301371	2302982	1612	1	Nitrobacter_winogradskyi_NC_007406.1	NODE_856_length_1612_cov_0.522468	100.0		True
CONTIG	NODE_856_length_1612_cov_0.522468	1612	correct
2259221	2260747	1527	1	Nitrobacter_winogradskyi_NC_007406.1	NODE_874_length_1527_cov_0.531294	100.0		True
CONTIG	NODE_874_length_1527_cov_0.531294	1527	correct
2155252	2156367	1116	1	Nitrobacter_winogradskyi_NC_007406.1	NODE_933_length_1116_cov_0.641206	100.0		True
CONTIG	NODE_933_length_1116_cov_0.641206	1116	correct
3080829	3081573	1	745	Nitrobacter_winogradskyi_NC_007406.1	NODE_985_length_745_cov_0.737179	100.0		True
CONTIG	NODE_985_length_745_cov_0.737179	745	correct
1768238	1768795	1	558	Nitrobacter_winogradskyi_NC_007406.1	NODE_1029_length_558_cov_0.775744	100.0		True
CONTIG	NODE_1029_length_558_cov_0.775744	558	correct
