S1	E1	S2	E2	Reference	Contig	IDY	Ambiguous	Best_group
1893100	2116954	223855	1	Nitrobacter_winogradskyi_NC_007406.1	scaffold_6	100.0		True
CONTIG	scaffold_6	224974	correct
8962	24071	1	15110	Nitrobacter_winogradskyi_NC_007406.1	scaffold_12	100.0		True
local misassembly
24280	205224	15111	196055	Nitrobacter_winogradskyi_NC_007406.1	scaffold_12	100.0		True
CONTIG	scaffold_12	196055	correct
2721551	2897153	175603	1	Nitrobacter_winogradskyi_NC_007406.1	scaffold_16	100.0		True
CONTIG	scaffold_16	175603	correct
2906977	3056205	149229	1	Nitrobacter_winogradskyi_NC_007406.1	scaffold_25	100.0		True
CONTIG	scaffold_25	149229	correct
1269918	1399958	1	130041	Nitrobacter_winogradskyi_NC_007406.1	scaffold_31	100.0		True
CONTIG	scaffold_31	130041	correct
943782	1047689	1	103908	Nitrobacter_winogradskyi_NC_007406.1	scaffold_42	100.0		True
CONTIG	scaffold_42	103908	correct
539867	635277	1	95411	Nitrobacter_winogradskyi_NC_007406.1	scaffold_52	100.0		True
local misassembly
635419	692742	95412	152735	Nitrobacter_winogradskyi_NC_007406.1	scaffold_52	100.0		True
local misassembly
692938	701516	152736	161314	Nitrobacter_winogradskyi_NC_007406.1	scaffold_52	100.0		True
local misassembly
701667	719457	161315	179105	Nitrobacter_winogradskyi_NC_007406.1	scaffold_52	100.0		True
CONTIG	scaffold_52	179105	correct
1859739	1874620	14882	1	Nitrobacter_winogradskyi_NC_007406.1	scaffold_59	100.0		True
local misassembly
1772184	1859519	102218	14883	Nitrobacter_winogradskyi_NC_007406.1	scaffold_59	100.0		True
CONTIG	scaffold_59	102218	correct
1604273	1608757	4485	1	Nitrobacter_winogradskyi_NC_007406.1	scaffold_65	100.0		True
local misassembly
1522995	1603959	85450	4486	Nitrobacter_winogradskyi_NC_007406.1	scaffold_65	100.0		True
CONTIG	scaffold_65	85450	correct
1116450	1130920	1	14471	Nitrobacter_winogradskyi_NC_007406.1	scaffold_81	100.0		True
local misassembly
1131113	1204597	14472	87956	Nitrobacter_winogradskyi_NC_007406.1	scaffold_81	100.0		True
CONTIG	scaffold_81	87956	correct
2354894	2418457	63564	1	Nitrobacter_winogradskyi_NC_007406.1	scaffold_101	100.0		True
local misassembly
2334867	2354586	83284	63565	Nitrobacter_winogradskyi_NC_007406.1	scaffold_101	100.0		True
CONTIG	scaffold_101	83284	correct
285028	348258	63231	1	Nitrobacter_winogradskyi_NC_007406.1	scaffold_102	100.0		True
CONTIG	scaffold_102	63231	correct
1623198	1686286	1	63089	Nitrobacter_winogradskyi_NC_007406.1	scaffold_103	100.0		True
CONTIG	scaffold_103	63089	correct
412754	417109	1	4356	Nitrobacter_winogradskyi_NC_007406.1	scaffold_104	100.0		True
local misassembly
417385	479857	4357	66829	Nitrobacter_winogradskyi_NC_007406.1	scaffold_104	100.0		True
local misassembly
480063	490018	66830	76785	Nitrobacter_winogradskyi_NC_007406.1	scaffold_104	100.0		True
CONTIG	scaffold_104	76785	correct
2462031	2523097	1	61067	Nitrobacter_winogradskyi_NC_007406.1	scaffold_106	100.0		True
CONTIG	scaffold_106	61067	correct
351071	409946	58876	1	Nitrobacter_winogradskyi_NC_007406.1	scaffold_114	100.0		True
local misassembly
349921	350921	59877	58877	Nitrobacter_winogradskyi_NC_007406.1	scaffold_114	100.0		True
CONTIG	scaffold_114	59877	correct
3293362	3350959	1	57598	Nitrobacter_winogradskyi_NC_007406.1	scaffold_115	100.0		True
CONTIG	scaffold_115	57598	correct
790008	846555	1	56548	Nitrobacter_winogradskyi_NC_007406.1	scaffold_119	100.0		True
CONTIG	scaffold_119	56548	correct
3183673	3201992	1	18320	Nitrobacter_winogradskyi_NC_007406.1	scaffold_124	100.0		True
local misassembly
3202142	3256020	18321	72199	Nitrobacter_winogradskyi_NC_007406.1	scaffold_124	100.0		True
CONTIG	scaffold_124	72199	correct
1206257	1254607	1	48351	Nitrobacter_winogradskyi_NC_007406.1	scaffold_134	100.0		True
CONTIG	scaffold_134	48351	correct
490682	537901	47220	1	Nitrobacter_winogradskyi_NC_007406.1	scaffold_138	100.0		True
CONTIG	scaffold_138	47220	correct
740679	786334	45656	1	Nitrobacter_winogradskyi_NC_007406.1	scaffold_150	100.0		True
CONTIG	scaffold_150	45656	correct
873021	918301	1	45281	Nitrobacter_winogradskyi_NC_007406.1	scaffold_156	100.0		True
CONTIG	scaffold_156	45281	correct
2420117	2461175	1	41059	Nitrobacter_winogradskyi_NC_007406.1	scaffold_166	100.0		True
CONTIG	scaffold_166	41059	correct
1071988	1112495	40508	1	Nitrobacter_winogradskyi_NC_007406.1	scaffold_168	100.0		True
CONTIG	scaffold_168	40508	correct
205889	245292	1	39404	Nitrobacter_winogradskyi_NC_007406.1	scaffold_171	100.0		True
fake: scaffold gap size wrong estimation (local)
245825	254371	39516	48062	Nitrobacter_winogradskyi_NC_007406.1	scaffold_171	100.0		True
CONTIG	scaffold_171	48062	correct
2698310	2720884	22575	1	Nitrobacter_winogradskyi_NC_007406.1	scaffold_175	100.0		True
fake: scaffold gap size wrong estimation (local)
2659381	2697644	61139	22876	Nitrobacter_winogradskyi_NC_007406.1	scaffold_175	100.0		True
CONTIG	scaffold_175	61139	correct
2593280	2630141	1	36862	Nitrobacter_winogradskyi_NC_007406.1	scaffold_179	100.0		True
CONTIG	scaffold_179	36862	correct
2188885	2220089	1	31205	Nitrobacter_winogradskyi_NC_007406.1	scaffold_194	100.0		True
CONTIG	scaffold_194	31205	correct
3372986	3402067	29082	1	Nitrobacter_winogradskyi_NC_007406.1	scaffold_198	100.0		True
CONTIG	scaffold_198	29082	correct
2548580	2577503	28924	1	Nitrobacter_winogradskyi_NC_007406.1	scaffold_199	100.0		True
CONTIG	scaffold_199	28924	correct
1494318	1521191	1	26874	Nitrobacter_winogradskyi_NC_007406.1	scaffold_204	100.0		True
CONTIG	scaffold_204	26874	correct
1447346	1472133	1	24788	Nitrobacter_winogradskyi_NC_007406.1	scaffold_213	100.0		True
local misassembly
1472377	1493667	24789	46079	Nitrobacter_winogradskyi_NC_007406.1	scaffold_213	100.0		True
CONTIG	scaffold_213	46079	correct
3111026	3134320	1	23295	Nitrobacter_winogradskyi_NC_007406.1	scaffold_224	100.0		True
CONTIG	scaffold_224	23295	correct
1740485	1763516	1	23032	Nitrobacter_winogradskyi_NC_007406.1	scaffold_225	100.0		True
local misassembly
1763722	1767922	23033	27233	Nitrobacter_winogradskyi_NC_007406.1	scaffold_225	100.0		True
CONTIG	scaffold_225	27233	correct
3272267	3292696	20430	1	Nitrobacter_winogradskyi_NC_007406.1	scaffold_244	100.0		True
local misassembly
3261266	3272078	31243	20431	Nitrobacter_winogradskyi_NC_007406.1	scaffold_244	100.0		True
CONTIG	scaffold_244	31243	correct
3135132	3155401	1	20270	Nitrobacter_winogradskyi_NC_007406.1	scaffold_246	100.0		True
CONTIG	scaffold_246	20270	correct
2635541	2655508	1	19968	Nitrobacter_winogradskyi_NC_007406.1	scaffold_247	100.0		True
CONTIG	scaffold_247	19968	correct
264413	283709	1	19297	Nitrobacter_winogradskyi_NC_007406.1	scaffold_252	100.0		True
CONTIG	scaffold_252	19297	correct
2134721	2153934	1	19214	Nitrobacter_winogradskyi_NC_007406.1	scaffold_253	100.0		True
CONTIG	scaffold_253	19214	correct
2157209	2176373	1	19165	Nitrobacter_winogradskyi_NC_007406.1	scaffold_254	100.0		True
CONTIG	scaffold_254	19165	correct
1721614	1739820	1	18207	Nitrobacter_winogradskyi_NC_007406.1	scaffold_262	100.0		True
CONTIG	scaffold_262	18207	correct
1687605	1705660	1	18056	Nitrobacter_winogradskyi_NC_007406.1	scaffold_263	100.0		True
local misassembly
1705992	1720488	18057	32553	Nitrobacter_winogradskyi_NC_007406.1	scaffold_263	100.0		True
CONTIG	scaffold_263	32553	correct
2315493	2333547	1	18055	Nitrobacter_winogradskyi_NC_007406.1	scaffold_264	100.0		True
CONTIG	scaffold_264	18055	correct
2524861	2541110	1	16250	Nitrobacter_winogradskyi_NC_007406.1	scaffold_278	100.0		True
local misassembly
2541455	2547262	16251	22058	Nitrobacter_winogradskyi_NC_007406.1	scaffold_278	100.0		True
CONTIG	scaffold_278	22058	correct
2282170	2296461	1	14292	Nitrobacter_winogradskyi_NC_007406.1	scaffold_296	100.0		True
CONTIG	scaffold_296	14292	correct
720777	734698	13922	1	Nitrobacter_winogradskyi_NC_007406.1	scaffold_301	100.0		True
CONTIG	scaffold_301	13922	correct
1048545	1061697	1	13153	Nitrobacter_winogradskyi_NC_007406.1	scaffold_309	100.0		True
CONTIG	scaffold_309	13153	correct
1255927	1268943	1	13017	Nitrobacter_winogradskyi_NC_007406.1	scaffold_311	100.0		True
CONTIG	scaffold_311	13017	correct
1401722	1414497	1	12776	Nitrobacter_winogradskyi_NC_007406.1	scaffold_315	100.0		True
CONTIG	scaffold_315	12776	correct
2590705	2592419	1715	1	Nitrobacter_winogradskyi_NC_007406.1	scaffold_328	100.0		True
local misassembly
2578822	2590486	13380	1716	Nitrobacter_winogradskyi_NC_007406.1	scaffold_328	100.0		True
CONTIG	scaffold_328	13380	correct
2236002	2247627	11626	1	Nitrobacter_winogradskyi_NC_007406.1	scaffold_334	100.0		True
CONTIG	scaffold_334	11626	correct
1434814	1446381	1	11568	Nitrobacter_winogradskyi_NC_007406.1	scaffold_335	100.0		True
CONTIG	scaffold_335	11568	correct
2303807	2314367	1	10561	Nitrobacter_winogradskyi_NC_007406.1	scaffold_348	100.0		True
CONTIG	scaffold_348	10561	correct
2248488	2258998	10511	1	Nitrobacter_winogradskyi_NC_007406.1	scaffold_349	100.0		True
CONTIG	scaffold_349	10511	correct
2123628	2133402	9775	1	Nitrobacter_winogradskyi_NC_007406.1	scaffold_359	100.0		True
CONTIG	scaffold_359	9775	correct
928449	937598	9150	1	Nitrobacter_winogradskyi_NC_007406.1	scaffold_375	100.0		True
CONTIG	scaffold_375	9150	correct
2178925	2188028	1	9104	Nitrobacter_winogradskyi_NC_007406.1	scaffold_376	100.0		True
CONTIG	scaffold_376	9104	correct
3100718	3109707	1	8990	Nitrobacter_winogradskyi_NC_007406.1	scaffold_378	100.0		True
CONTIG	scaffold_378	8990	correct
851813	860727	1	8915	Nitrobacter_winogradskyi_NC_007406.1	scaffold_383	100.0		True
CONTIG	scaffold_383	8915	correct
1613019	1621880	8862	1	Nitrobacter_winogradskyi_NC_007406.1	scaffold_384	100.0		True
CONTIG	scaffold_384	8862	correct
2266368	2275153	1	8786	Nitrobacter_winogradskyi_NC_007406.1	scaffold_386	100.0		True
CONTIG	scaffold_386	8786	correct
1415164	1423644	8481	1	Nitrobacter_winogradskyi_NC_007406.1	scaffold_389	100.0		True
CONTIG	scaffold_389	8481	correct
3069562	3071458	1	1897	Nitrobacter_winogradskyi_NC_007406.1	scaffold_394	100.0		True
local misassembly
3071622	3079959	1905	10242	Nitrobacter_winogradskyi_NC_007406.1	scaffold_394	100.0		True
CONTIG	scaffold_394	10242	correct
11	8290	8280	1	Nitrobacter_winogradskyi_NC_007406.1	scaffold_398	100.0		True
CONTIG	scaffold_398	8280	correct
1876282	1884222	1	7941	Nitrobacter_winogradskyi_NC_007406.1	scaffold_413	100.0		True
local misassembly
1884367	1891746	7942	15321	Nitrobacter_winogradskyi_NC_007406.1	scaffold_413	100.0		True
CONTIG	scaffold_413	15321	correct
3161784	3169495	7712	1	Nitrobacter_winogradskyi_NC_007406.1	scaffold_419	100.0		True
CONTIG	scaffold_419	7712	correct
3082837	3090446	1	7610	Nitrobacter_winogradskyi_NC_007406.1	scaffold_427	100.0		True
local misassembly
3090754	3094136	7611	10993	Nitrobacter_winogradskyi_NC_007406.1	scaffold_427	100.0		True
CONTIG	scaffold_427	10993	correct
2898470	2905654	7185	1	Nitrobacter_winogradskyi_NC_007406.1	scaffold_446	100.0		True
CONTIG	scaffold_446	7185	correct
2220949	2227785	1	6837	Nitrobacter_winogradskyi_NC_007406.1	scaffold_455	100.0		True
local misassembly
2227935	2229724	6838	8627	Nitrobacter_winogradskyi_NC_007406.1	scaffold_455	99.94		True
CONTIG	scaffold_455	8627	correct
3352278	3358297	6020	1	Nitrobacter_winogradskyi_NC_007406.1	scaffold_490	100.0		True
CONTIG	scaffold_490	6020	correct
3170567	3176524	1	5958	Nitrobacter_winogradskyi_NC_007406.1	scaffold_495	100.0		True
CONTIG	scaffold_495	5958	correct
1063027	1068914	1	5888	Nitrobacter_winogradskyi_NC_007406.1	scaffold_500	100.0		True
CONTIG	scaffold_500	5888	correct
865836	871701	5866	1	Nitrobacter_winogradskyi_NC_007406.1	scaffold_503	100.0		True
CONTIG	scaffold_503	5866	correct
922031	927586	5556	1	Nitrobacter_winogradskyi_NC_007406.1	scaffold_523	100.0		True
fake: scaffold gap size wrong estimation (local)
919154	921381	8020	5793	Nitrobacter_winogradskyi_NC_007406.1	scaffold_523	100.0		True
CONTIG	scaffold_523	8020	correct
254274	259726	1	5453	Nitrobacter_winogradskyi_NC_007406.1	scaffold_534	100.0		True
CONTIG	scaffold_534	5453	correct
2229627	2234679	1	5053	Nitrobacter_winogradskyi_NC_007406.1	scaffold_553	100.0		True
CONTIG	scaffold_553	5053	correct
3359615	3364661	1	5047	Nitrobacter_winogradskyi_NC_007406.1	scaffold_555	100.0		True
CONTIG	scaffold_555	5047	correct
3177842	3182813	4972	1	Nitrobacter_winogradskyi_NC_007406.1	scaffold_562	100.0		True
CONTIG	scaffold_562	4972	correct
3060018	3064868	1	4851	Nitrobacter_winogradskyi_NC_007406.1	scaffold_575	100.0		True
local misassembly
3065029	3069328	4852	9151	Nitrobacter_winogradskyi_NC_007406.1	scaffold_575	100.0		True
CONTIG	scaffold_575	9151	correct
2118274	2122962	1	4689	Nitrobacter_winogradskyi_NC_007406.1	scaffold_588	100.0		True
CONTIG	scaffold_588	4689	correct
3365978	3370286	1	4309	Nitrobacter_winogradskyi_NC_007406.1	scaffold_623	100.0		True
CONTIG	scaffold_623	4309	correct
259629	263552	3924	1	Nitrobacter_winogradskyi_NC_007406.1	scaffold_678	100.0		True
CONTIG	scaffold_678	3924	correct
735558	739360	1	3803	Nitrobacter_winogradskyi_NC_007406.1	scaffold_701	100.0		True
CONTIG	scaffold_701	3803	correct
3256880	3260602	3723	1	Nitrobacter_winogradskyi_NC_007406.1	scaffold_716	100.0		True
CONTIG	scaffold_716	3723	correct
1427232	1430917	1	3686	Nitrobacter_winogradskyi_NC_007406.1	scaffold_720	100.0		True
CONTIG	scaffold_720	3686	correct
1768680	1772281	1	3602	Nitrobacter_winogradskyi_NC_007406.1	scaffold_740	100.0		True
CONTIG	scaffold_740	3602	correct
3094802	3097964	3163	1	Nitrobacter_winogradskyi_NC_007406.1	scaffold_840	100.0		True
CONTIG	scaffold_840	3163	correct
2277703	2280851	3149	1	Nitrobacter_winogradskyi_NC_007406.1	scaffold_844	100.0		True
CONTIG	scaffold_844	3149	correct
2631459	2633838	1	2380	Nitrobacter_winogradskyi_NC_007406.1	scaffold_1084	100.0		True
CONTIG	scaffold_1084	2380	correct
2261723	2263816	2094	1	Nitrobacter_winogradskyi_NC_007406.1	scaffold_1190	100.0		True
CONTIG	scaffold_1190	2094	correct
2297780	2299854	2075	1	Nitrobacter_winogradskyi_NC_007406.1	scaffold_1197	100.0		True
CONTIG	scaffold_1197	2075	correct
1399861	1401819	1	1959	Nitrobacter_winogradskyi_NC_007406.1	scaffold_1254	99.95		True
CONTIG	scaffold_1254	1959	correct
939091	940923	1	1833	Nitrobacter_winogradskyi_NC_007406.1	scaffold_1312	100.0		True
CONTIG	scaffold_1312	1833	correct
2656826	2658525	1	1700	Nitrobacter_winogradskyi_NC_007406.1	scaffold_1379	100.0		True
CONTIG	scaffold_1379	1700	correct
1069503	1071128	1626	1	Nitrobacter_winogradskyi_NC_007406.1	scaffold_1418	100.0		True
CONTIG	scaffold_1418	1626	correct
2301375	2302981	1607	1	Nitrobacter_winogradskyi_NC_007406.1	scaffold_1437	100.0		True
CONTIG	scaffold_1437	1607	correct
283614	285033	1420	1	Nitrobacter_winogradskyi_NC_007406.1	scaffold_1570	100.0		True
CONTIG	scaffold_1570	1420	correct
3099305	3100722	1418	1	Nitrobacter_winogradskyi_NC_007406.1	scaffold_1571	100.0		True
CONTIG	scaffold_1571	1418	correct
1720391	1721711	1321	1	Nitrobacter_winogradskyi_NC_007406.1	scaffold_1638	100.0		True
CONTIG	scaffold_1638	1321	correct
3169419	3170599	1181	1	Nitrobacter_winogradskyi_NC_007406.1	scaffold_1756	100.0		True
CONTIG	scaffold_1756	1181	correct
3155372	3156497	1126	1	Nitrobacter_winogradskyi_NC_007406.1	scaffold_1816	100.0		True
CONTIG	scaffold_1816	1126	correct
2155253	2156349	1	1097	Nitrobacter_winogradskyi_NC_007406.1	scaffold_1846	100.0		True
CONTIG	scaffold_1846	1097	correct
2260733	2261820	1	1088	Nitrobacter_winogradskyi_NC_007406.1	scaffold_1857	100.0		True
CONTIG	scaffold_1857	1088	correct
863452	864506	1055	1	Nitrobacter_winogradskyi_NC_007406.1	scaffold_1917	100.0		True
CONTIG	scaffold_1917	1055	correct
2276507	2277539	1033	1	Nitrobacter_winogradskyi_NC_007406.1	scaffold_1951	100.0		True
CONTIG	scaffold_1951	1033	correct
1432576	1433589	1	1014	Nitrobacter_winogradskyi_NC_007406.1	scaffold_1978	100.0		True
CONTIG	scaffold_1978	1014	correct
864409	865391	983	1	Nitrobacter_winogradskyi_NC_007406.1	scaffold_2025	100.0		True
CONTIG	scaffold_2025	983	correct
1113165	1114139	1	975	Nitrobacter_winogradskyi_NC_007406.1	scaffold_2036	100.0		True
CONTIG	scaffold_2036	975	correct
788176	789150	1	975	Nitrobacter_winogradskyi_NC_007406.1	scaffold_2037	100.0		True
CONTIG	scaffold_2037	975	correct
3079989	3080914	1	926	Nitrobacter_winogradskyi_NC_007406.1	scaffold_2111	100.0		True
CONTIG	scaffold_2111	926	correct
2299757	2300516	760	1	Nitrobacter_winogradskyi_NC_007406.1	scaffold_2399	100.0		True
CONTIG	scaffold_2399	760	correct
3371607	3372343	1	737	Nitrobacter_winogradskyi_NC_007406.1	scaffold_2449	100.0		True
CONTIG	scaffold_2449	737	correct
2177998	2178723	1	726	Nitrobacter_winogradskyi_NC_007406.1	scaffold_2475	100.0		True
CONTIG	scaffold_2475	726	correct
3080820	3081498	679	1	Nitrobacter_winogradskyi_NC_007406.1	scaffold_2578	100.0		True
CONTIG	scaffold_2578	679	correct
862586	863220	635	1	Nitrobacter_winogradskyi_NC_007406.1	scaffold_2696	100.0		True
CONTIG	scaffold_2696	635	correct
2259230	2259864	1	635	Nitrobacter_winogradskyi_NC_007406.1	scaffold_2697	100.0		True
CONTIG	scaffold_2697	635	correct
2260039	2260623	1	585	Nitrobacter_winogradskyi_NC_007406.1	scaffold_2833	100.0		True
CONTIG	scaffold_2833	585	correct
861827	862411	1	585	Nitrobacter_winogradskyi_NC_007406.1	scaffold_2834	100.0		True
CONTIG	scaffold_2834	585	correct
1768236	1768777	542	1	Nitrobacter_winogradskyi_NC_007406.1	scaffold_2948	100.0		True
CONTIG	scaffold_2948	542	correct
1609071	1609612	542	1	Nitrobacter_winogradskyi_NC_007406.1	scaffold_2950	100.0		True
CONTIG	scaffold_2950	542	correct
2176276	2176787	1	512	Nitrobacter_winogradskyi_NC_007406.1	scaffold_3042	99.8		True
CONTIG	scaffold_3042	512	correct
348493	349003	1	511	Nitrobacter_winogradskyi_NC_007406.1	scaffold_3047	100.0		True
CONTIG	scaffold_3047	511	correct
1608660	1609168	1	509	Nitrobacter_winogradskyi_NC_007406.1	scaffold_3052	100.0		True
CONTIG	scaffold_3052	509	correct
2264840	2265344	1	505	Nitrobacter_winogradskyi_NC_007406.1	scaffold_3062	100.0		True
CONTIG	scaffold_3062	505	correct
