S1	E1	S2	E2	Reference	Contig	IDY	Ambiguous	Best_group
447132	662567	215436	1	Arcobacter_nitrofigilis_NC_014166.1	NODE_5_length_607162_cov_1.000802	99.95		True
relocation, inconsistency = -2633781
2921950	3080912	374399	215437	Arcobacter_nitrofigilis_NC_014166.1	NODE_5_length_607162_cov_1.000802	99.98		True
relocation, inconsistency = 1715775
1173347	1206174	407227	374400	Arcobacter_nitrofigilis_NC_014166.1	NODE_5_length_607162_cov_1.000802	99.98		True
relocation, inconsistency = 849138
2055313	2255268	407228	607162	Arcobacter_nitrofigilis_NC_014166.1	NODE_5_length_607162_cov_1.000802	99.98		True
CONTIG	NODE_5_length_607162_cov_1.000802	607162	misassembled
2538631	2922071	383441	1	Arcobacter_nitrofigilis_NC_014166.1	NODE_9_length_392609_cov_1.038712	100.0		True
local misassembly
2528878	2538045	392609	383442	Arcobacter_nitrofigilis_NC_014166.1	NODE_9_length_392609_cov_1.038712	99.93		True
CONTIG	NODE_9_length_392609_cov_1.038712	392609	correct
898269	1023652	125384	1	Arcobacter_nitrofigilis_NC_014166.1	NODE_11_length_361162_cov_0.994737	100.0		True
fake: scaffold gap size wrong estimation (local)
662279	898046	361162	125395	Arcobacter_nitrofigilis_NC_014166.1	NODE_11_length_361162_cov_0.994737	100.0		True
CONTIG	NODE_11_length_361162_cov_0.994737	361162	correct
1755867	2032455	276589	1	Arcobacter_nitrofigilis_NC_014166.1	NODE_22_length_276589_cov_1.002243	100.0		True
CONTIG	NODE_22_length_276589_cov_1.002243	276589	correct
1503926	1754273	250319	1	Arcobacter_nitrofigilis_NC_014166.1	NODE_30_length_250319_cov_0.996846	99.98		True
CONTIG	NODE_30_length_250319_cov_0.996846	250319	correct
1206283	1443605	237323	1	Arcobacter_nitrofigilis_NC_014166.1	NODE_36_length_237323_cov_1.010459	100.0		True
CONTIG	NODE_36_length_237323_cov_1.010459	237323	correct
2477841	2526713	48875	3	Arcobacter_nitrofigilis_NC_014166.1	NODE_45_length_195603_cov_0.998394	99.96		True
local misassembly
2330648	2477375	195603	48876	Arcobacter_nitrofigilis_NC_014166.1	NODE_45_length_195603_cov_0.998394	100.0		True
CONTIG	NODE_45_length_195603_cov_0.998394	195603	correct
1079113	1173144	94032	1	Arcobacter_nitrofigilis_NC_014166.1	NODE_63_length_148210_cov_0.989520	100.0		True
fake: scaffold gap size wrong estimation (local)
1024627	1078794	148210	94043	Arcobacter_nitrofigilis_NC_014166.1	NODE_63_length_148210_cov_0.989520	100.0		True
CONTIG	NODE_63_length_148210_cov_0.989520	148210	correct
97180	237743	140564	1	Arcobacter_nitrofigilis_NC_014166.1	NODE_64_length_140564_cov_0.998099	100.0		True
CONTIG	NODE_64_length_140564_cov_0.998099	140564	correct
312322	432372	1	120051	Arcobacter_nitrofigilis_NC_014166.1	NODE_76_length_120051_cov_0.999250	100.0		True
CONTIG	NODE_76_length_120051_cov_0.999250	120051	correct
3089025	3192213	1	103162	Arcobacter_nitrofigilis_NC_014166.1	NODE_88_length_103162_cov_0.990538	99.97		True
CONTIG	NODE_88_length_103162_cov_0.990538	103162	correct
3	96870	1	96868	Arcobacter_nitrofigilis_NC_014166.1	NODE_93_length_96868_cov_0.989085	100.0		True
CONTIG	NODE_93_length_96868_cov_0.989085	96868	correct
2255238	2325382	70145	1	Arcobacter_nitrofigilis_NC_014166.1	NODE_122_length_70145_cov_1.006926	100.0		True
CONTIG	NODE_122_length_70145_cov_1.006926	70145	correct
243203	310771	67569	1	Arcobacter_nitrofigilis_NC_014166.1	NODE_125_length_67569_cov_0.966048	100.0		True
CONTIG	NODE_125_length_67569_cov_0.966048	67569	correct
3087533	3087600	10845	10912	Arcobacter_nitrofigilis_NC_014166.1	NODE_171_length_45298_cov_0.355380	97.06		True
CONTIG	NODE_171_length_45298_cov_0.355380	45298	correct_unaligned
1445783	1488242	1	42518	Arcobacter_nitrofigilis_NC_014166.1	NODE_174_length_44294_cov_1.043081	99.82		True
relocation, inconsistency = 2541
1490784	1491692	42519	43427	Arcobacter_nitrofigilis_NC_014166.1	NODE_174_length_44294_cov_1.043081	98.25		True
local misassembly
1492161	1492559	43896	44294	Arcobacter_nitrofigilis_NC_014166.1	NODE_174_length_44294_cov_1.043081	99.75		True
CONTIG	NODE_174_length_44294_cov_1.043081	44294	misassembled
2039411	2055563	1	16153	Arcobacter_nitrofigilis_NC_014166.1	NODE_299_length_16153_cov_0.948353	100.0		True
CONTIG	NODE_299_length_16153_cov_0.948353	16153	correct
438283	448291	10009	1	Arcobacter_nitrofigilis_NC_014166.1	NODE_320_length_14272_cov_0.964313	100.0		True
fake: scaffold gap size wrong estimation (local)
433655	437642	14272	10285	Arcobacter_nitrofigilis_NC_014166.1	NODE_320_length_14272_cov_0.964313	100.0		True
CONTIG	NODE_320_length_14272_cov_0.964313	14272	correct
2035520	2039544	1	4025	Arcobacter_nitrofigilis_NC_014166.1	NODE_492_length_7094_cov_0.981213	99.98		True
relocation, inconsistency = -6973
2032572	2035640	4026	7094	Arcobacter_nitrofigilis_NC_014166.1	NODE_492_length_7094_cov_0.981213	99.86		True
CONTIG	NODE_492_length_7094_cov_0.981213	7094	misassembled
1500549	1503746	1	3198	Arcobacter_nitrofigilis_NC_014166.1	NODE_690_length_3198_cov_1.000650	100.0		True
CONTIG	NODE_690_length_3198_cov_1.000650	3198	correct
1494011	1495962	1	1952	Arcobacter_nitrofigilis_NC_014166.1	NODE_810_length_1952_cov_1.976516	99.8		True
CONTIG	NODE_810_length_1952_cov_1.976516	1952	correct
1498239	1500187	3	1951	Arcobacter_nitrofigilis_NC_014166.1	NODE_811_length_1951_cov_1.404918	100.0		True
CONTIG	NODE_811_length_1951_cov_1.404918	1951	correct
1489114	1490804	1	1691	Arcobacter_nitrofigilis_NC_014166.1	NODE_844_length_1691_cov_0.905732	100.0		True
CONTIG	NODE_844_length_1691_cov_0.905732	1691	correct
