S1	E1	S2	E2	Reference	Contig	IDY	Ambiguous	Best_group
1531627	1754251	222625	1	Arcobacter_nitrofigilis_NC_014166.1	scaffold_7	100.0		True
local misassembly
1505332	1531349	248643	222626	Arcobacter_nitrofigilis_NC_014166.1	scaffold_7	100.0		True
CONTIG	scaffold_7	248643	correct
449077	661166	212090	1	Arcobacter_nitrofigilis_NC_014166.1	scaffold_8	100.0		True
CONTIG	scaffold_8	212090	correct
1762601	1945709	1	183109	Arcobacter_nitrofigilis_NC_014166.1	scaffold_10	100.0		True
CONTIG	scaffold_10	183109	correct
2791450	2922070	1	130621	Arcobacter_nitrofigilis_NC_014166.1	scaffold_20	100.0		True
local misassembly
2922402	3081710	130622	289930	Arcobacter_nitrofigilis_NC_014166.1	scaffold_20	100.0		True
CONTIG	scaffold_20	289930	correct
1024649	1072775	1	48127	Arcobacter_nitrofigilis_NC_014166.1	scaffold_27	100.0		True
local misassembly
1073053	1078787	48128	53862	Arcobacter_nitrofigilis_NC_014166.1	scaffold_27	100.0		True
fake: scaffold gap size wrong estimation (local)
1079225	1116276	53936	90987	Arcobacter_nitrofigilis_NC_014166.1	scaffold_27	100.0		True
local misassembly
1116617	1136938	90988	111309	Arcobacter_nitrofigilis_NC_014166.1	scaffold_27	100.0		True
local misassembly
1137149	1138292	111310	112453	Arcobacter_nitrofigilis_NC_014166.1	scaffold_27	100.0		True
local misassembly
1138501	1173124	112454	147077	Arcobacter_nitrofigilis_NC_014166.1	scaffold_27	100.0		True
local misassembly
1173389	1175485	147078	149174	Arcobacter_nitrofigilis_NC_014166.1	scaffold_27	100.0		True
local misassembly
1175608	1206295	149175	179862	Arcobacter_nitrofigilis_NC_014166.1	scaffold_27	100.0		True
local misassembly
1206573	1347610	179863	320900	Arcobacter_nitrofigilis_NC_014166.1	scaffold_27	100.0		True
fake: scaffold gap size wrong estimation (local)
1348048	1443315	320926	416193	Arcobacter_nitrofigilis_NC_014166.1	scaffold_27	100.0		True
CONTIG	scaffold_27	416193	correct
99159	237742	138584	1	Arcobacter_nitrofigilis_NC_014166.1	scaffold_30	100.0		True
CONTIG	scaffold_30	138584	correct
2662037	2790440	1	128404	Arcobacter_nitrofigilis_NC_014166.1	scaffold_32	100.0		True
CONTIG	scaffold_32	128404	correct
2133147	2255245	1	122099	Arcobacter_nitrofigilis_NC_014166.1	scaffold_33	100.0		True
CONTIG	scaffold_33	122099	correct
2538634	2656550	1	117917	Arcobacter_nitrofigilis_NC_014166.1	scaffold_36	100.0		True
CONTIG	scaffold_36	117917	correct
313295	426850	113556	1	Arcobacter_nitrofigilis_NC_014166.1	scaffold_37	100.0		True
CONTIG	scaffold_37	113556	correct
662461	753417	1	90954	Arcobacter_nitrofigilis_NC_014166.1	scaffold_47	99.96		True
local misassembly
753797	795698	90955	132856	Arcobacter_nitrofigilis_NC_014166.1	scaffold_47	99.95		True
local misassembly
796081	896037	132857	232813	Arcobacter_nitrofigilis_NC_014166.1	scaffold_47	100.0		True
local misassembly
896388	898039	232814	234465	Arcobacter_nitrofigilis_NC_014166.1	scaffold_47	100.0		True
local misassembly
898417	950543	234466	286592	Arcobacter_nitrofigilis_NC_014166.1	scaffold_47	100.0		True
local misassembly
950693	951641	286593	287541	Arcobacter_nitrofigilis_NC_014166.1	scaffold_47	100.0		True
local misassembly
951816	951939	287839	287962	Arcobacter_nitrofigilis_NC_014166.1	scaffold_47	97.58		True
CONTIG	scaffold_47	287962	correct
3	95252	1	95250	Arcobacter_nitrofigilis_NC_014166.1	scaffold_53	100.0		True
local misassembly
95442	96849	95251	96658	Arcobacter_nitrofigilis_NC_014166.1	scaffold_53	100.0		True
CONTIG	scaffold_53	96658	correct
1947042	2032437	1	85396	Arcobacter_nitrofigilis_NC_014166.1	scaffold_60	100.0		True
local misassembly
2032654	2034392	85397	87135	Arcobacter_nitrofigilis_NC_014166.1	scaffold_60	100.0		True
local misassembly
2034614	2039409	87136	91931	Arcobacter_nitrofigilis_NC_014166.1	scaffold_60	100.0		True
CONTIG	scaffold_60	91931	correct
2477841	2526712	48872	1	Arcobacter_nitrofigilis_NC_014166.1	scaffold_62	99.82		True
local misassembly
2393398	2477528	132944	48873	Arcobacter_nitrofigilis_NC_014166.1	scaffold_62	99.93		True
local misassembly
2330649	2393061	195357	132945	Arcobacter_nitrofigilis_NC_014166.1	scaffold_62	100.0		True
CONTIG	scaffold_62	195357	correct
3089067	3164219	1	75153	Arcobacter_nitrofigilis_NC_014166.1	scaffold_77	100.0		True
local misassembly
3164406	3167184	75154	77932	Arcobacter_nitrofigilis_NC_014166.1	scaffold_77	100.0		True
CONTIG	scaffold_77	77932	correct
243208	310770	67563	1	Arcobacter_nitrofigilis_NC_014166.1	scaffold_93	100.0		True
CONTIG	scaffold_93	67563	correct
2256479	2271013	1	14535	Arcobacter_nitrofigilis_NC_014166.1	scaffold_123	100.0		True
local misassembly
2271257	2325203	14536	68482	Arcobacter_nitrofigilis_NC_014166.1	scaffold_123	100.0		True
CONTIG	scaffold_123	68482	correct
2039755	2055489	1	15735	Arcobacter_nitrofigilis_NC_014166.1	scaffold_151	100.0		True
local misassembly
2055892	2101060	15736	60904	Arcobacter_nitrofigilis_NC_014166.1	scaffold_151	100.0		True
local misassembly
2101454	2127811	60905	87262	Arcobacter_nitrofigilis_NC_014166.1	scaffold_151	100.0		True
local misassembly
2128156	2131778	87263	90885	Arcobacter_nitrofigilis_NC_014166.1	scaffold_151	100.0		True
CONTIG	scaffold_151	90885	correct
983639	1023639	40001	1	Arcobacter_nitrofigilis_NC_014166.1	scaffold_169	100.0		True
local misassembly
952269	983227	70960	40002	Arcobacter_nitrofigilis_NC_014166.1	scaffold_169	100.0		True
CONTIG	scaffold_169	70960	correct
1445802	1456019	1	10218	Arcobacter_nitrofigilis_NC_014166.1	scaffold_193	100.0		True
local misassembly
1456298	1487527	10219	41448	Arcobacter_nitrofigilis_NC_014166.1	scaffold_193	100.0		True
CONTIG	scaffold_193	41448	correct
3168517	3192213	1	23697	Arcobacter_nitrofigilis_NC_014166.1	scaffold_219	100.0		True
CONTIG	scaffold_219	23697	correct
438284	447929	1	9646	Arcobacter_nitrofigilis_NC_014166.1	scaffold_363	100.0		True
CONTIG	scaffold_363	9646	correct
2528882	2535756	1	6875	Arcobacter_nitrofigilis_NC_014166.1	scaffold_454	100.0		True
CONTIG	scaffold_454	6875	correct
2657155	2662111	1	4957	Arcobacter_nitrofigilis_NC_014166.1	scaffold_567	100.0		True
CONTIG	scaffold_567	4957	correct
1755981	1760871	4891	1	Arcobacter_nitrofigilis_NC_014166.1	scaffold_572	100.0		True
CONTIG	scaffold_572	4891	correct
427500	432371	1	4872	Arcobacter_nitrofigilis_NC_014166.1	scaffold_573	100.0		True
CONTIG	scaffold_573	4872	correct
433666	437634	1	3969	Arcobacter_nitrofigilis_NC_014166.1	scaffold_669	100.0		True
CONTIG	scaffold_669	3969	correct
1498625	1500193	1	1569	Arcobacter_nitrofigilis_NC_014166.1	scaffold_909	100.0		True
local misassembly
1500603	1503432	1570	4399	Arcobacter_nitrofigilis_NC_014166.1	scaffold_909	100.0		True
CONTIG	scaffold_909	4399	correct
241955	242036	1222	1141	Arcobacter_nitrofigilis_NC_014166.1	scaffold_1156	95.12		True
CONTIG	scaffold_1156	3149	correct_unaligned
2536349	2538041	1693	1	Arcobacter_nitrofigilis_NC_014166.1	scaffold_1383	100.0		True
CONTIG	scaffold_1383	1693	correct
1754154	1755839	1	1686	Arcobacter_nitrofigilis_NC_014166.1	scaffold_1386	100.0		True
CONTIG	scaffold_1386	1686	correct
1490848	1492336	1489	1	Arcobacter_nitrofigilis_NC_014166.1	scaffold_1517	100.0		True
fake: scaffold gap size wrong estimation (local)
1489120	1490440	2872	1552	Arcobacter_nitrofigilis_NC_014166.1	scaffold_1517	100.0		True
CONTIG	scaffold_1517	2872	correct
2255260	2256464	1	1205	Arcobacter_nitrofigilis_NC_014166.1	scaffold_1719	100.0		True
CONTIG	scaffold_1719	1205	correct
3167101	3168290	1190	1	Arcobacter_nitrofigilis_NC_014166.1	scaffold_1742	100.0		True
CONTIG	scaffold_1742	1190	correct
1945626	1946815	1	1190	Arcobacter_nitrofigilis_NC_014166.1	scaffold_1743	100.0		True
CONTIG	scaffold_1743	1190	correct
