Assembly	# misassemblies	  # contig misassemblies	    # c. relocations	    # c. translocations	    # c. inversions	  # scaffold misassemblies	    # s. relocations	    # s. translocations	    # s. inversions	# misassembled contigs	Misassembled contigs length	# possibly misassembled contigs	    # possible misassemblies	# local misassemblies	# scaffold gap ext. mis.	# scaffold gap loc. mis.	# unaligned mis. contigs	# mismatches	# indels	    # indels (<= 5 bp)	    # indels (> 5 bp)	Indels length
spades_assembly	5	5	5	0	0	0	0	0	0	3	658550	0	0	3	0	3	0	149	18	12	6	179
spades_assembly.m1000	5	5	5	0	0	0	0	0	0	3	658550	0	0	3	0	3	0	149	18	12	6	179
idbaud_assembly	0	0	0	0	0	0	0	0	0	0	0	0	0	28	0	3	0	15	6	3	3	92
idbaud_assembly.m1000	0	0	0	0	0	0	0	0	0	0	0	0	0	28	0	3	0	11	6	3	3	92
