S1	E1	S2	E2	Reference	Contig	IDY	Ambiguous	Best_group
2720768	2720836	1	69	Pseudomonas_aeruginosa_NZ_CP036492.1	scaffold_18	100.0		True
CONTIG	scaffold_18	204452	correct_unaligned
1829798	1830248	452	1	Pseudomonas_aeruginosa_NZ_CP036492.1	scaffold_39	97.57		True
relocation, inconsistency = 418643
2254750	2257171	6311	8732	Pseudomonas_aeruginosa_NZ_CP036492.1	scaffold_39	99.22		True
relocation, inconsistency = -1547
2257262	2258203	10370	11311	Pseudomonas_aeruginosa_NZ_CP036492.1	scaffold_39	98.62		True
relocation, inconsistency = 19284
2277997	2371993	11821	105868	Pseudomonas_aeruginosa_NZ_CP036492.1	scaffold_39	99.52		True
local misassembly
2372358	2393184	105869	126706	Pseudomonas_aeruginosa_NZ_CP036492.1	scaffold_39	99.51		True
CONTIG	scaffold_39	126805	misassembled
5982828	5986119	1	3292	Pseudomonas_aeruginosa_NZ_CP036492.1	scaffold_40	99.79		True
local misassembly
5986444	5989827	3623	7008	Pseudomonas_aeruginosa_NZ_CP036492.1	scaffold_40	95.41		True
local misassembly
5989997	5991185	7013	8201	Pseudomonas_aeruginosa_NZ_CP036492.1	scaffold_40	99.75		True
local misassembly
5991282	6012676	8803	30129	Pseudomonas_aeruginosa_NZ_CP036492.1	scaffold_40	99.27		True
local misassembly
6012982	6017046	30130	34146	Pseudomonas_aeruginosa_NZ_CP036492.1	scaffold_40	97.8		True
local misassembly
6017324	6031687	34219	48578	Pseudomonas_aeruginosa_NZ_CP036492.1	scaffold_40	99.6		True
local misassembly
6031688	6121898	49067	139227	Pseudomonas_aeruginosa_NZ_CP036492.1	scaffold_40	99.54		True
local misassembly
6122132	6147383	139361	164570	Pseudomonas_aeruginosa_NZ_CP036492.1	scaffold_40	99.36		True
local misassembly
6147726	6160720	164571	177565	Pseudomonas_aeruginosa_NZ_CP036492.1	scaffold_40	99.72		True
CONTIG	scaffold_40	177565	correct
1661265	1753219	99	92078	Pseudomonas_aeruginosa_NZ_CP036492.1	scaffold_55	99.54		True
CONTIG	scaffold_55	92078	correct
5907031	5979928	72917	1	Pseudomonas_aeruginosa_NZ_CP036492.1	scaffold_57	99.43		True
local misassembly
5888902	5906811	91806	73894	Pseudomonas_aeruginosa_NZ_CP036492.1	scaffold_57	99.53		True
fake: scaffold gap size wrong estimation (local)
5854186	5888162	126183	92209	Pseudomonas_aeruginosa_NZ_CP036492.1	scaffold_57	99.6		True
local misassembly
5777690	5852789	202663	127560	Pseudomonas_aeruginosa_NZ_CP036492.1	scaffold_57	99.59		True
relocation, inconsistency = 1473
5769913	5776216	208966	202664	Pseudomonas_aeruginosa_NZ_CP036492.1	scaffold_57	99.76		True
CONTIG	scaffold_57	209091	misassembled
2589725	2629272	39619	94	Pseudomonas_aeruginosa_NZ_CP036492.1	scaffold_64	99.52		True
local misassembly
2506466	2589537	122662	39620	Pseudomonas_aeruginosa_NZ_CP036492.1	scaffold_64	99.4		True
local misassembly
2472042	2506254	156873	122663	Pseudomonas_aeruginosa_NZ_CP036492.1	scaffold_64	99.59		True
local misassembly
2463069	2471691	165492	156874	Pseudomonas_aeruginosa_NZ_CP036492.1	scaffold_64	99.04		True
CONTIG	scaffold_64	165587	correct
18102	37635	95	19635	Pseudomonas_aeruginosa_NZ_CP036492.1	scaffold_67	99.64		True
local misassembly
38121	56972	19745	38613	Pseudomonas_aeruginosa_NZ_CP036492.1	scaffold_67	99.3		True
relocation, inconsistency = -1197
57046	63868	39884	46706	Pseudomonas_aeruginosa_NZ_CP036492.1	scaffold_67	99.6		True
local misassembly
63956	78411	46707	61163	Pseudomonas_aeruginosa_NZ_CP036492.1	scaffold_67	99.35		True
local misassembly
78303	117911	61164	100776	Pseudomonas_aeruginosa_NZ_CP036492.1	scaffold_67	99.5		True
local misassembly
118129	133489	100777	116137	Pseudomonas_aeruginosa_NZ_CP036492.1	scaffold_67	99.62		True
CONTIG	scaffold_67	116137	misassembled
5268840	5271578	95	2844	Pseudomonas_aeruginosa_NZ_CP036492.1	scaffold_70	99.13		True
local misassembly
5271787	5290139	2845	21197	Pseudomonas_aeruginosa_NZ_CP036492.1	scaffold_70	99.79		True
local misassembly
5290253	5363104	21198	94052	Pseudomonas_aeruginosa_NZ_CP036492.1	scaffold_70	99.18		True
local misassembly
5363300	5385347	94053	116101	Pseudomonas_aeruginosa_NZ_CP036492.1	scaffold_70	99.47		True
CONTIG	scaffold_70	116101	correct
4088829	4153543	1	64711	Pseudomonas_aeruginosa_NZ_CP036492.1	scaffold_72	99.62		True
local misassembly
4153688	4231193	64712	142214	Pseudomonas_aeruginosa_NZ_CP036492.1	scaffold_72	99.54		True
local misassembly
4231389	4237166	142215	147995	Pseudomonas_aeruginosa_NZ_CP036492.1	scaffold_72	99.33		True
fake: scaffold gap size wrong estimation (local)
4237507	4255294	148141	165928	Pseudomonas_aeruginosa_NZ_CP036492.1	scaffold_72	99.78		True
local misassembly
4255503	4276406	165929	186833	Pseudomonas_aeruginosa_NZ_CP036492.1	scaffold_72	99.16		True
CONTIG	scaffold_72	186929	correct
4882439	4890236	7889	93	Pseudomonas_aeruginosa_NZ_CP036492.1	scaffold_76	99.41		True
local misassembly
4876829	4882303	13365	7890	Pseudomonas_aeruginosa_NZ_CP036492.1	scaffold_76	99.73		True
local misassembly
4801259	4876727	88801	13366	Pseudomonas_aeruginosa_NZ_CP036492.1	scaffold_76	99.52		True
CONTIG	scaffold_76	88801	correct
4992533	5043513	1	51046	Pseudomonas_aeruginosa_NZ_CP036492.1	scaffold_78	99.35		True
local misassembly
5043825	5066724	52060	74964	Pseudomonas_aeruginosa_NZ_CP036492.1	scaffold_78	99.44		True
local misassembly
5066943	5071792	74965	79814	Pseudomonas_aeruginosa_NZ_CP036492.1	scaffold_78	99.51		True
CONTIG	scaffold_78	79814	correct
2838554	2838668	1	115	Pseudomonas_aeruginosa_NZ_CP036492.1	scaffold_79	99.13		True
local misassembly
2838641	2848686	318	10364	Pseudomonas_aeruginosa_NZ_CP036492.1	scaffold_79	99.51		True
relocation, inconsistency = 1435
2850162	2851942	10405	12185	Pseudomonas_aeruginosa_NZ_CP036492.1	scaffold_79	99.49		True
local misassembly
2852044	2873198	12186	33338	Pseudomonas_aeruginosa_NZ_CP036492.1	scaffold_79	99.46		True
relocation, inconsistency = 3947
2877295	2878289	33488	34484	Pseudomonas_aeruginosa_NZ_CP036492.1	scaffold_79	96.0		True
relocation, inconsistency = 1729
2884256	2910866	38722	65316	Pseudomonas_aeruginosa_NZ_CP036492.1	scaffold_79	99.28		True
local misassembly
2911020	2931815	65317	86120	Pseudomonas_aeruginosa_NZ_CP036492.1	scaffold_79	99.47		True
local misassembly
2931958	2933184	86121	87347	Pseudomonas_aeruginosa_NZ_CP036492.1	scaffold_79	99.27		True
local misassembly
2933334	2948600	87348	102605	Pseudomonas_aeruginosa_NZ_CP036492.1	scaffold_79	99.54		True
local misassembly
2948720	2956729	102708	110712	Pseudomonas_aeruginosa_NZ_CP036492.1	scaffold_79	99.55		True
local misassembly
2957250	2978062	110793	131593	Pseudomonas_aeruginosa_NZ_CP036492.1	scaffold_79	99.36		True
relocation, inconsistency = 53251
3031314	3039177	131594	139457	Pseudomonas_aeruginosa_NZ_CP036492.1	scaffold_79	99.34		True
relocation, inconsistency = 1880
3041060	3041216	139460	139616	Pseudomonas_aeruginosa_NZ_CP036492.1	scaffold_79	98.09		True
local misassembly
3041534	3072788	139624	170879	Pseudomonas_aeruginosa_NZ_CP036492.1	scaffold_79	99.68		True
relocation, inconsistency = 6706
3079904	3082980	171289	174365	Pseudomonas_aeruginosa_NZ_CP036492.1	scaffold_79	98.9		True
local misassembly
3083468	3112190	174541	203280	Pseudomonas_aeruginosa_NZ_CP036492.1	scaffold_79	99.27		True
local misassembly
3112527	3115834	203334	206641	Pseudomonas_aeruginosa_NZ_CP036492.1	scaffold_79	99.27		True
local misassembly
3116001	3155204	206642	245835	Pseudomonas_aeruginosa_NZ_CP036492.1	scaffold_79	99.63		True
local misassembly
3155504	3157160	245905	247563	Pseudomonas_aeruginosa_NZ_CP036492.1	scaffold_79	99.52		True
local misassembly
3157503	3192310	247564	282350	Pseudomonas_aeruginosa_NZ_CP036492.1	scaffold_79	99.54		True
local misassembly
3192516	3200785	282351	290620	Pseudomonas_aeruginosa_NZ_CP036492.1	scaffold_79	99.59		True
relocation, inconsistency = 8387
3213278	3237388	294726	318822	Pseudomonas_aeruginosa_NZ_CP036492.1	scaffold_79	99.51		True
local misassembly
3237864	3243083	319207	324426	Pseudomonas_aeruginosa_NZ_CP036492.1	scaffold_79	99.29		True
CONTIG	scaffold_79	324519	misassembled
3300287	3318484	93	18290	Pseudomonas_aeruginosa_NZ_CP036492.1	scaffold_80	99.1		True
relocation, inconsistency = 1911
3320396	3330145	18291	28007	Pseudomonas_aeruginosa_NZ_CP036492.1	scaffold_80	98.77		True
local misassembly
3330352	3351783	28008	49441	Pseudomonas_aeruginosa_NZ_CP036492.1	scaffold_80	99.63		True
local misassembly
3352061	3384945	49442	82327	Pseudomonas_aeruginosa_NZ_CP036492.1	scaffold_80	99.44		True
local misassembly
3386063	3401765	84328	100031	Pseudomonas_aeruginosa_NZ_CP036492.1	scaffold_80	97.72		True
local misassembly
3403204	3409323	101451	107567	Pseudomonas_aeruginosa_NZ_CP036492.1	scaffold_80	97.0		True
local misassembly
3410417	3413847	108671	112101	Pseudomonas_aeruginosa_NZ_CP036492.1	scaffold_80	97.93		True
CONTIG	scaffold_80	123054	misassembled
1409266	1438365	29104	1	Pseudomonas_aeruginosa_NZ_CP036492.1	scaffold_87	99.39		True
fake: scaffold gap size wrong estimation (local)
1338315	1408902	99989	29388	Pseudomonas_aeruginosa_NZ_CP036492.1	scaffold_87	99.67		True
local misassembly
1290801	1338064	147433	100166	Pseudomonas_aeruginosa_NZ_CP036492.1	scaffold_87	99.59		True
CONTIG	scaffold_87	147433	correct
3935444	3999781	64347	1	Pseudomonas_aeruginosa_NZ_CP036492.1	scaffold_89	99.55		True
local misassembly
3935219	3935283	64412	64348	Pseudomonas_aeruginosa_NZ_CP036492.1	scaffold_89	100.0		True
relocation, inconsistency = -4595
3920507	3933215	83721	71011	Pseudomonas_aeruginosa_NZ_CP036492.1	scaffold_89	99.49		True
local misassembly
3910045	3920305	94048	83795	Pseudomonas_aeruginosa_NZ_CP036492.1	scaffold_89	98.53		True
relocation, inconsistency = -2249
3897841	3909938	108497	96404	Pseudomonas_aeruginosa_NZ_CP036492.1	scaffold_89	99.5		True
local misassembly
3895621	3897356	110332	108597	Pseudomonas_aeruginosa_NZ_CP036492.1	scaffold_89	99.54		True
CONTIG	scaffold_89	110426	misassembled
1190551	1193447	8520	11416	Pseudomonas_aeruginosa_NZ_CP036492.1	scaffold_91	98.92		True
local misassembly
1193610	1204820	11417	22609	Pseudomonas_aeruginosa_NZ_CP036492.1	scaffold_91	99.21		True
local misassembly
1208505	1221891	27105	40490	Pseudomonas_aeruginosa_NZ_CP036492.1	scaffold_91	99.24		True
local misassembly
1223887	1226783	42525	45421	Pseudomonas_aeruginosa_NZ_CP036492.1	scaffold_91	98.52		True
local misassembly
1226736	1226806	45486	45556	Pseudomonas_aeruginosa_NZ_CP036492.1	scaffold_91	98.59		True
local misassembly
1226735	1249131	45710	68106	Pseudomonas_aeruginosa_NZ_CP036492.1	scaffold_91	98.79		True
local misassembly
1249470	1290849	68256	109642	Pseudomonas_aeruginosa_NZ_CP036492.1	scaffold_91	99.55		True
CONTIG	scaffold_91	109642	correct
908895	975574	66685	1	Pseudomonas_aeruginosa_NZ_CP036492.1	scaffold_95	99.53		True
CONTIG	scaffold_95	66685	correct
5555870	5565236	11	9379	Pseudomonas_aeruginosa_NZ_CP036492.1	scaffold_96	99.18		True
local misassembly
5565445	5574352	9380	18287	Pseudomonas_aeruginosa_NZ_CP036492.1	scaffold_96	99.53		True
local misassembly
5575811	5576057	19828	20074	Pseudomonas_aeruginosa_NZ_CP036492.1	scaffold_96	97.98		True
relocation, inconsistency = 1312
5578951	5589549	21656	32265	Pseudomonas_aeruginosa_NZ_CP036492.1	scaffold_96	98.75		True
relocation, inconsistency = 12130
5601706	5604785	32292	35370	Pseudomonas_aeruginosa_NZ_CP036492.1	scaffold_96	98.29		True
local misassembly
5604917	5622309	35371	52763	Pseudomonas_aeruginosa_NZ_CP036492.1	scaffold_96	99.41		True
local misassembly
5623428	5644809	53900	75289	Pseudomonas_aeruginosa_NZ_CP036492.1	scaffold_96	99.26		True
local misassembly
5645052	5649009	75290	79247	Pseudomonas_aeruginosa_NZ_CP036492.1	scaffold_96	99.14		True
local misassembly
5649403	5652361	79248	82206	Pseudomonas_aeruginosa_NZ_CP036492.1	scaffold_96	99.39		True
local misassembly
5652669	5658176	82207	87714	Pseudomonas_aeruginosa_NZ_CP036492.1	scaffold_96	99.47		True
relocation, inconsistency = 1153
5659370	5669263	87755	97648	Pseudomonas_aeruginosa_NZ_CP036492.1	scaffold_96	99.67		True
local misassembly
5669662	5672897	97783	101024	Pseudomonas_aeruginosa_NZ_CP036492.1	scaffold_96	99.38		True
CONTIG	scaffold_96	101068	misassembled
1488919	1503975	1	15064	Pseudomonas_aeruginosa_NZ_CP036492.1	scaffold_97	99.06		True
local misassembly
1503977	1539974	15166	51172	Pseudomonas_aeruginosa_NZ_CP036492.1	scaffold_97	99.38		True
local misassembly
1540006	1547002	51860	58870	Pseudomonas_aeruginosa_NZ_CP036492.1	scaffold_97	98.25		True
relocation, inconsistency = 12389
1559392	1580767	58871	80247	Pseudomonas_aeruginosa_NZ_CP036492.1	scaffold_97	99.52		True
CONTIG	scaffold_97	80339	misassembled
1811677	1822083	147	10554	Pseudomonas_aeruginosa_NZ_CP036492.1	scaffold_99	99.74		True
relocation, inconsistency = 8950
1831034	1858651	10555	38153	Pseudomonas_aeruginosa_NZ_CP036492.1	scaffold_99	98.95		True
relocation, inconsistency = -13234
1858603	1872032	51339	64775	Pseudomonas_aeruginosa_NZ_CP036492.1	scaffold_99	99.09		True
CONTIG	scaffold_99	64830	misassembled
489621	539044	96	49524	Pseudomonas_aeruginosa_NZ_CP036492.1	scaffold_100	99.53		True
local misassembly
539923	553861	50400	64339	Pseudomonas_aeruginosa_NZ_CP036492.1	scaffold_100	99.4		True
local misassembly
554057	574269	64340	84552	Pseudomonas_aeruginosa_NZ_CP036492.1	scaffold_100	99.76		True
local misassembly
574467	622462	84553	132524	Pseudomonas_aeruginosa_NZ_CP036492.1	scaffold_100	98.77		True
local misassembly
622746	632859	132525	142637	Pseudomonas_aeruginosa_NZ_CP036492.1	scaffold_100	99.8		True
local misassembly
633055	642629	142638	152215	Pseudomonas_aeruginosa_NZ_CP036492.1	scaffold_100	99.62		True
local misassembly
642771	648920	152216	158365	Pseudomonas_aeruginosa_NZ_CP036492.1	scaffold_100	99.48		True
local misassembly
650019	654315	159464	163760	Pseudomonas_aeruginosa_NZ_CP036492.1	scaffold_100	99.63		True
local misassembly
654537	662352	163761	171581	Pseudomonas_aeruginosa_NZ_CP036492.1	scaffold_100	99.59		True
CONTIG	scaffold_100	172070	correct
662423	723847	77	61504	Pseudomonas_aeruginosa_NZ_CP036492.1	scaffold_105	99.55		True
CONTIG	scaffold_105	61504	correct
4339792	4400694	1	60927	Pseudomonas_aeruginosa_NZ_CP036492.1	scaffold_107	99.64		True
local misassembly
4400962	4408174	60928	68140	Pseudomonas_aeruginosa_NZ_CP036492.1	scaffold_107	99.57		True
relocation, inconsistency = -4026
4408273	4411069	72265	75061	Pseudomonas_aeruginosa_NZ_CP036492.1	scaffold_107	99.0		True
CONTIG	scaffold_107	75191	misassembled
4890942	4951153	205	60412	Pseudomonas_aeruginosa_NZ_CP036492.1	scaffold_111	99.72		True
local misassembly
4951437	4956922	60413	65898	Pseudomonas_aeruginosa_NZ_CP036492.1	scaffold_111	99.64		True
local misassembly
4957120	4971065	65993	79870	Pseudomonas_aeruginosa_NZ_CP036492.1	scaffold_111	99.14		True
local misassembly
4971282	4972047	79871	80636	Pseudomonas_aeruginosa_NZ_CP036492.1	scaffold_111	98.7		True
local misassembly
4972685	4987238	81076	95630	Pseudomonas_aeruginosa_NZ_CP036492.1	scaffold_111	99.52		True
relocation, inconsistency = -2081
4987350	4992552	97823	103029	Pseudomonas_aeruginosa_NZ_CP036492.1	scaffold_111	99.29		True
CONTIG	scaffold_111	103029	misassembled
2693445	2696824	3503	123	Pseudomonas_aeruginosa_NZ_CP036492.1	scaffold_113	99.62		True
local misassembly
2644240	2693166	52436	3504	Pseudomonas_aeruginosa_NZ_CP036492.1	scaffold_113	99.34		True
local misassembly
2633331	2644119	63227	52437	Pseudomonas_aeruginosa_NZ_CP036492.1	scaffold_113	99.58		True
local misassembly
2629704	2633187	66809	63321	Pseudomonas_aeruginosa_NZ_CP036492.1	scaffold_113	99.54		True
CONTIG	scaffold_113	66907	correct
2081454	2096507	15151	96	Pseudomonas_aeruginosa_NZ_CP036492.1	scaffold_116	99.37		True
local misassembly
2071977	2081261	24456	15152	Pseudomonas_aeruginosa_NZ_CP036492.1	scaffold_116	99.42		True
local misassembly
2040960	2071702	55187	24457	Pseudomonas_aeruginosa_NZ_CP036492.1	scaffold_116	99.62		True
local misassembly
2016579	2040837	79446	55188	Pseudomonas_aeruginosa_NZ_CP036492.1	scaffold_116	99.61		True
local misassembly
2011531	2016236	84149	79451	Pseudomonas_aeruginosa_NZ_CP036492.1	scaffold_116	99.3		True
relocation, inconsistency = -1080
2007580	2010177	89180	86583	Pseudomonas_aeruginosa_NZ_CP036492.1	scaffold_116	98.77		True
relocation, inconsistency = 2180
2004574	2005027	90006	89553	Pseudomonas_aeruginosa_NZ_CP036492.1	scaffold_116	98.24		True
local misassembly
1994966	2004343	100498	91106	Pseudomonas_aeruginosa_NZ_CP036492.1	scaffold_116	99.02		True
relocation, inconsistency = -1310
1960243	1994806	136532	101968	Pseudomonas_aeruginosa_NZ_CP036492.1	scaffold_116	99.43		True
local misassembly
1943716	1959967	152785	136533	Pseudomonas_aeruginosa_NZ_CP036492.1	scaffold_116	99.45		True
local misassembly
1915151	1943593	181235	152786	Pseudomonas_aeruginosa_NZ_CP036492.1	scaffold_116	99.6		True
local misassembly
1879686	1914774	216325	181236	Pseudomonas_aeruginosa_NZ_CP036492.1	scaffold_116	99.61		True
CONTIG	scaffold_116	216342	misassembled
5756034	5769621	13694	104	Pseudomonas_aeruginosa_NZ_CP036492.1	scaffold_117	99.35		True
local misassembly
5706488	5755762	62974	13695	Pseudomonas_aeruginosa_NZ_CP036492.1	scaffold_117	98.98		True
local misassembly
5699175	5706616	70418	62975	Pseudomonas_aeruginosa_NZ_CP036492.1	scaffold_117	99.43		True
local misassembly
5673618	5698862	95765	70513	Pseudomonas_aeruginosa_NZ_CP036492.1	scaffold_117	99.62		True
CONTIG	scaffold_117	96056	correct
1755027	1811616	1	56579	Pseudomonas_aeruginosa_NZ_CP036492.1	scaffold_118	99.43		True
CONTIG	scaffold_118	56672	correct
6222833	6223478	1	646	Pseudomonas_aeruginosa_NZ_CP036492.1	scaffold_121	99.38		True
local misassembly
6225814	6275467	2361	52004	Pseudomonas_aeruginosa_NZ_CP036492.1	scaffold_121	99.41		True
fake: not a misassembly [linear representation of circular genome]
1	2461	52005	54466	Pseudomonas_aeruginosa_NZ_CP036492.1	scaffold_121	99.88		True
fake: scaffold gap size wrong estimation (local)
2912	17261	54639	68994	Pseudomonas_aeruginosa_NZ_CP036492.1	scaffold_121	99.57		True
CONTIG	scaffold_121	69101	correct
1048496	1088187	39650	13	Pseudomonas_aeruginosa_NZ_CP036492.1	scaffold_122	99.17		True
relocation, inconsistency = 1045
1035382	1047450	51718	39651	Pseudomonas_aeruginosa_NZ_CP036492.1	scaffold_122	99.47		True
relocation, inconsistency = 12070
1017192	1023311	57838	51719	Pseudomonas_aeruginosa_NZ_CP036492.1	scaffold_122	99.52		True
CONTIG	scaffold_122	57838	misassembled
2697583	2728187	1	30603	Pseudomonas_aeruginosa_NZ_CP036492.1	scaffold_132	99.59		True
local misassembly
2728396	2777457	30604	79663	Pseudomonas_aeruginosa_NZ_CP036492.1	scaffold_132	99.63		True
local misassembly
2777553	2796655	79664	98758	Pseudomonas_aeruginosa_NZ_CP036492.1	scaffold_132	99.42		True
local misassembly
2796805	2799103	98759	101056	Pseudomonas_aeruginosa_NZ_CP036492.1	scaffold_132	99.39		True
local misassembly
2799362	2801062	101057	102757	Pseudomonas_aeruginosa_NZ_CP036492.1	scaffold_132	95.16		True
CONTIG	scaffold_132	102757	correct
3484996	3504257	19134	1	Pseudomonas_aeruginosa_NZ_CP036492.1	scaffold_133	98.39		True
local misassembly
3469349	3484393	35480	20435	Pseudomonas_aeruginosa_NZ_CP036492.1	scaffold_133	99.34		True
local misassembly
3468142	3468867	37656	36931	Pseudomonas_aeruginosa_NZ_CP036492.1	scaffold_133	99.86		True
relocation, inconsistency = -10102
3467447	3467986	48453	47914	Pseudomonas_aeruginosa_NZ_CP036492.1	scaffold_133	99.26		True
CONTIG	scaffold_133	48550	misassembled
4412617	4445269	78	32726	Pseudomonas_aeruginosa_NZ_CP036492.1	scaffold_136	99.25		True
local misassembly
4446224	4455969	33681	43424	Pseudomonas_aeruginosa_NZ_CP036492.1	scaffold_136	99.24		True
local misassembly
4456112	4503360	43425	90677	Pseudomonas_aeruginosa_NZ_CP036492.1	scaffold_136	99.66		True
local misassembly
4503526	4546349	90678	133491	Pseudomonas_aeruginosa_NZ_CP036492.1	scaffold_136	99.48		True
local misassembly
4546515	4558708	133492	145689	Pseudomonas_aeruginosa_NZ_CP036492.1	scaffold_136	99.57		True
local misassembly
4558937	4571768	145785	158616	Pseudomonas_aeruginosa_NZ_CP036492.1	scaffold_136	99.65		True
local misassembly
4572045	4583611	158617	170171	Pseudomonas_aeruginosa_NZ_CP036492.1	scaffold_136	99.59		True
local misassembly
4583969	4601442	170368	187875	Pseudomonas_aeruginosa_NZ_CP036492.1	scaffold_136	99.33		True
local misassembly
4601608	4603431	187876	189699	Pseudomonas_aeruginosa_NZ_CP036492.1	scaffold_136	99.51		True
relocation, inconsistency = 1559
4605055	4616456	189764	201167	Pseudomonas_aeruginosa_NZ_CP036492.1	scaffold_136	99.47		True
local misassembly
4616801	4619956	201168	204323	Pseudomonas_aeruginosa_NZ_CP036492.1	scaffold_136	99.59		True
fake: scaffold gap size wrong estimation (local)
4620202	4629817	204501	214207	Pseudomonas_aeruginosa_NZ_CP036492.1	scaffold_136	98.37		True
local misassembly
4630039	4635557	214208	219722	Pseudomonas_aeruginosa_NZ_CP036492.1	scaffold_136	98.97		True
local misassembly
4636018	4650634	219723	234329	Pseudomonas_aeruginosa_NZ_CP036492.1	scaffold_136	99.32		True
relocation, inconsistency = 1504
4652139	4661619	234330	243809	Pseudomonas_aeruginosa_NZ_CP036492.1	scaffold_136	98.91		True
relocation, inconsistency = 7193
4668873	4675793	243870	250788	Pseudomonas_aeruginosa_NZ_CP036492.1	scaffold_136	99.55		True
relocation, inconsistency = 16489
4692429	4702072	250935	260588	Pseudomonas_aeruginosa_NZ_CP036492.1	scaffold_136	99.4		True
local misassembly
4702233	4715848	260589	274209	Pseudomonas_aeruginosa_NZ_CP036492.1	scaffold_136	99.65		True
local misassembly
4715958	4733194	274210	291449	Pseudomonas_aeruginosa_NZ_CP036492.1	scaffold_136	99.8		True
local misassembly
4733595	4750783	291874	308969	Pseudomonas_aeruginosa_NZ_CP036492.1	scaffold_136	97.93		True
local misassembly
4750979	4753984	308970	311975	Pseudomonas_aeruginosa_NZ_CP036492.1	scaffold_136	99.7		True
local misassembly
4754290	4757780	312196	315691	Pseudomonas_aeruginosa_NZ_CP036492.1	scaffold_136	99.54		True
fake: scaffold gap size wrong estimation (local)
4758078	4770712	315910	328573	Pseudomonas_aeruginosa_NZ_CP036492.1	scaffold_136	99.35		True
local misassembly
4771052	4771139	328736	328823	Pseudomonas_aeruginosa_NZ_CP036492.1	scaffold_136	96.59		True
relocation, inconsistency = 1301884
3467643	3467989	330349	330002	Pseudomonas_aeruginosa_NZ_CP036492.1	scaffold_136	96.28		True
CONTIG	scaffold_136	330349	misassembled
333414	380657	1	47247	Pseudomonas_aeruginosa_NZ_CP036492.1	scaffold_137	99.47		True
local misassembly
381069	397393	47248	63578	Pseudomonas_aeruginosa_NZ_CP036492.1	scaffold_137	99.76		True
CONTIG	scaffold_137	63578	correct
1827063	1827439	14930	14554	Pseudomonas_aeruginosa_NZ_CP036492.1	scaffold_139	96.29		True
CONTIG	scaffold_139	58860	correct_unaligned
801694	809715	8023	1	Pseudomonas_aeruginosa_NZ_CP036492.1	scaffold_154	99.58		True
local misassembly
777232	801492	32486	8224	Pseudomonas_aeruginosa_NZ_CP036492.1	scaffold_154	99.62		True
local misassembly
731937	777004	77654	32591	Pseudomonas_aeruginosa_NZ_CP036492.1	scaffold_154	99.43		True
local misassembly
724754	731644	84768	77875	Pseudomonas_aeruginosa_NZ_CP036492.1	scaffold_154	99.62		True
CONTIG	scaffold_154	84777	correct
459624	488848	29312	76	Pseudomonas_aeruginosa_NZ_CP036492.1	scaffold_155	99.62		True
local misassembly
442794	459368	46085	29500	Pseudomonas_aeruginosa_NZ_CP036492.1	scaffold_155	99.5		True
local misassembly
397467	442643	91360	46179	Pseudomonas_aeruginosa_NZ_CP036492.1	scaffold_155	99.6		True
CONTIG	scaffold_155	91360	correct
3651409	3658783	7471	93	Pseudomonas_aeruginosa_NZ_CP036492.1	scaffold_157	99.12		True
local misassembly
3642332	3651231	16461	7563	Pseudomonas_aeruginosa_NZ_CP036492.1	scaffold_157	99.6		True
local misassembly
3631458	3642209	27227	16462	Pseudomonas_aeruginosa_NZ_CP036492.1	scaffold_157	99.06		True
local misassembly
3628678	3631202	29951	27427	Pseudomonas_aeruginosa_NZ_CP036492.1	scaffold_157	99.56		True
fake: scaffold gap size wrong estimation (local)
3583249	3628212	75128	30161	Pseudomonas_aeruginosa_NZ_CP036492.1	scaffold_157	99.54		True
local misassembly
3553734	3583106	104592	75218	Pseudomonas_aeruginosa_NZ_CP036492.1	scaffold_157	99.23		True
local misassembly
3542611	3553632	115615	104593	Pseudomonas_aeruginosa_NZ_CP036492.1	scaffold_157	99.57		True
CONTIG	scaffold_157	118119	correct
5236601	5264105	27514	1	Pseudomonas_aeruginosa_NZ_CP036492.1	scaffold_159	99.56		True
relocation, inconsistency = 1372
5217764	5235228	44982	27515	Pseudomonas_aeruginosa_NZ_CP036492.1	scaffold_159	99.83		True
local misassembly
5210565	5217569	51987	44983	Pseudomonas_aeruginosa_NZ_CP036492.1	scaffold_159	99.66		True
local misassembly
5207955	5210550	55091	52492	Pseudomonas_aeruginosa_NZ_CP036492.1	scaffold_159	99.62		True
local misassembly
5194330	5207735	68503	55095	Pseudomonas_aeruginosa_NZ_CP036492.1	scaffold_159	99.52		True
indel: indel (> 5bp)
5184590	5194205	78178	68562	Pseudomonas_aeruginosa_NZ_CP036492.1	scaffold_159	99.45		True
local misassembly
5135453	5184434	127175	78180	Pseudomonas_aeruginosa_NZ_CP036492.1	scaffold_159	99.48		True
CONTIG	scaffold_159	127310	misassembled
3781543	3786229	4784	98	Pseudomonas_aeruginosa_NZ_CP036492.1	scaffold_167	99.15		True
local misassembly
3771156	3781437	15066	4785	Pseudomonas_aeruginosa_NZ_CP036492.1	scaffold_167	99.81		True
local misassembly
3767273	3770955	18749	15067	Pseudomonas_aeruginosa_NZ_CP036492.1	scaffold_167	99.84		True
fake: scaffold gap size wrong estimation (local)
3760480	3767308	25687	18859	Pseudomonas_aeruginosa_NZ_CP036492.1	scaffold_167	99.81		True
relocation, inconsistency = -1364
3754888	3760338	32635	27193	Pseudomonas_aeruginosa_NZ_CP036492.1	scaffold_167	99.43		True
local misassembly
3730844	3754575	56380	32636	Pseudomonas_aeruginosa_NZ_CP036492.1	scaffold_167	99.34		True
local misassembly
3711831	3730600	75150	56381	Pseudomonas_aeruginosa_NZ_CP036492.1	scaffold_167	99.72		True
local misassembly
3702347	3711708	84513	75151	Pseudomonas_aeruginosa_NZ_CP036492.1	scaffold_167	99.64		True
local misassembly
3663470	3702151	123193	84514	Pseudomonas_aeruginosa_NZ_CP036492.1	scaffold_167	99.5		True
relocation, inconsistency = 2404
3659051	3660769	125205	123490	Pseudomonas_aeruginosa_NZ_CP036492.1	scaffold_167	98.95		True
CONTIG	scaffold_167	125289	misassembled
2138024	2213086	96	75196	Pseudomonas_aeruginosa_NZ_CP036492.1	scaffold_170	99.0		True
local misassembly
2213190	2229113	75291	91214	Pseudomonas_aeruginosa_NZ_CP036492.1	scaffold_170	99.72		True
CONTIG	scaffold_170	91320	correct
1825981	1826753	1467	695	Pseudomonas_aeruginosa_NZ_CP036492.1	scaffold_172	95.99		True
relocation, inconsistency = -6224
1822106	1822870	11567	10802	Pseudomonas_aeruginosa_NZ_CP036492.1	scaffold_172	95.86		True
relocation, inconsistency = 631509
1180083	1190596	22081	11568	Pseudomonas_aeruginosa_NZ_CP036492.1	scaffold_172	99.7		True
local misassembly
1159553	1172533	42608	29628	Pseudomonas_aeruginosa_NZ_CP036492.1	scaffold_172	99.63		True
local misassembly
1156333	1159349	45716	42700	Pseudomonas_aeruginosa_NZ_CP036492.1	scaffold_172	99.07		True
CONTIG	scaffold_172	45852	misassembled
4085034	4087832	2960	157	Pseudomonas_aeruginosa_NZ_CP036492.1	scaffold_176	98.75		True
fake: scaffold gap size wrong estimation (local)
4069991	4084666	17872	3193	Pseudomonas_aeruginosa_NZ_CP036492.1	scaffold_176	99.75		True
local misassembly
4064433	4069644	23098	17873	Pseudomonas_aeruginosa_NZ_CP036492.1	scaffold_176	99.27		True
local misassembly
4026373	4064191	61005	23193	Pseudomonas_aeruginosa_NZ_CP036492.1	scaffold_176	99.54		True
CONTIG	scaffold_176	61085	correct
4309374	4337774	7384	35785	Pseudomonas_aeruginosa_NZ_CP036492.1	scaffold_182	99.42		True
local misassembly
4337935	4339247	35786	37098	Pseudomonas_aeruginosa_NZ_CP036492.1	scaffold_182	99.62		True
relocation, inconsistency = -1054557
3284691	3298666	37099	51082	Pseudomonas_aeruginosa_NZ_CP036492.1	scaffold_182	99.48		True
CONTIG	scaffold_182	51145	misassembled
326327	333151	6825	1	Pseudomonas_aeruginosa_NZ_CP036492.1	scaffold_184	99.62		True
local misassembly
319446	326019	13399	6826	Pseudomonas_aeruginosa_NZ_CP036492.1	scaffold_184	99.73		True
local misassembly
285000	319225	47669	13400	Pseudomonas_aeruginosa_NZ_CP036492.1	scaffold_184	99.43		True
CONTIG	scaffold_184	47669	correct
3799118	3805158	1	6040	Pseudomonas_aeruginosa_NZ_CP036492.1	scaffold_187	99.12		True
relocation, inconsistency = 1372
3806531	3833763	6041	33282	Pseudomonas_aeruginosa_NZ_CP036492.1	scaffold_187	99.59		True
local misassembly
3834114	3841650	33283	40874	Pseudomonas_aeruginosa_NZ_CP036492.1	scaffold_187	98.5		True
local misassembly
3841860	3849222	40902	48264	Pseudomonas_aeruginosa_NZ_CP036492.1	scaffold_187	99.33		True
relocation, inconsistency = -968109
2881114	2881433	48265	48584	Pseudomonas_aeruginosa_NZ_CP036492.1	scaffold_187	97.2		True
relocation, inconsistency = -1065692
1829798	1830248	62641	63091	Pseudomonas_aeruginosa_NZ_CP036492.1	scaffold_187	98.23		True
CONTIG	scaffold_187	63091	misassembled
6189251	6207979	94	18823	Pseudomonas_aeruginosa_NZ_CP036492.1	scaffold_192	99.7		True
local misassembly
6208805	6221421	18931	31539	Pseudomonas_aeruginosa_NZ_CP036492.1	scaffold_192	99.11		True
CONTIG	scaffold_192	31778	correct
3467172	3467669	495	1	Pseudomonas_aeruginosa_NZ_CP036492.1	scaffold_196	97.0		True
relocation, inconsistency = 1303462
4771132	4801222	496	30577	Pseudomonas_aeruginosa_NZ_CP036492.1	scaffold_196	99.08		True
CONTIG	scaffold_196	30577	misassembled
847836	855542	7899	193	Pseudomonas_aeruginosa_NZ_CP036492.1	scaffold_197	99.23		True
local misassembly
845725	847399	9765	8091	Pseudomonas_aeruginosa_NZ_CP036492.1	scaffold_197	100.0		True
local misassembly
815777	845508	39510	9766	Pseudomonas_aeruginosa_NZ_CP036492.1	scaffold_197	99.76		True
local misassembly
811366	815496	43738	39607	Pseudomonas_aeruginosa_NZ_CP036492.1	scaffold_197	99.64		True
CONTIG	scaffold_197	43738	correct
3867195	3895136	28073	119	Pseudomonas_aeruginosa_NZ_CP036492.1	scaffold_202	99.42		True
local misassembly
3860987	3867030	34209	28166	Pseudomonas_aeruginosa_NZ_CP036492.1	scaffold_202	99.14		True
CONTIG	scaffold_202	35144	correct
5385250	5389480	1	4233	Pseudomonas_aeruginosa_NZ_CP036492.1	scaffold_203	99.39		True
local misassembly
5389792	5416823	4423	31462	Pseudomonas_aeruginosa_NZ_CP036492.1	scaffold_203	99.58		True
CONTIG	scaffold_203	31557	correct
1456657	1483338	1	26687	Pseudomonas_aeruginosa_NZ_CP036492.1	scaffold_205	99.5		True
CONTIG	scaffold_205	26697	correct
2406429	2406688	1	260	Pseudomonas_aeruginosa_NZ_CP036492.1	scaffold_206	98.46		True
local misassembly
2406700	2430711	405	24420	Pseudomonas_aeruginosa_NZ_CP036492.1	scaffold_206	99.65		True
CONTIG	scaffold_206	26577	correct
1138564	1154383	15850	28	Pseudomonas_aeruginosa_NZ_CP036492.1	scaffold_207	99.63		True
local misassembly
1131982	1138468	22433	15947	Pseudomonas_aeruginosa_NZ_CP036492.1	scaffold_207	99.17		True
local misassembly
1127576	1131716	26579	22435	Pseudomonas_aeruginosa_NZ_CP036492.1	scaffold_207	99.16		True
local misassembly
1116020	1127382	38038	26674	Pseudomonas_aeruginosa_NZ_CP036492.1	scaffold_207	99.55		True
local misassembly
1089761	1115774	64035	38039	Pseudomonas_aeruginosa_NZ_CP036492.1	scaffold_207	99.01		True
CONTIG	scaffold_207	64071	correct
5454256	5475667	21450	1	Pseudomonas_aeruginosa_NZ_CP036492.1	scaffold_209	99.52		True
local misassembly
5446131	5454060	29388	21451	Pseudomonas_aeruginosa_NZ_CP036492.1	scaffold_209	99.24		True
local misassembly
5434682	5445854	40658	29480	Pseudomonas_aeruginosa_NZ_CP036492.1	scaffold_209	99.12		True
local misassembly
5420667	5434569	54584	40659	Pseudomonas_aeruginosa_NZ_CP036492.1	scaffold_209	99.3		True
local misassembly
5417992	5420315	57015	54679	Pseudomonas_aeruginosa_NZ_CP036492.1	scaffold_209	98.97		True
CONTIG	scaffold_209	57108	correct
5121112	5131132	10167	149	Pseudomonas_aeruginosa_NZ_CP036492.1	scaffold_214	99.24		True
local misassembly
5102817	5121002	28363	10168	Pseudomonas_aeruginosa_NZ_CP036492.1	scaffold_214	99.6		True
local misassembly
5094898	5102470	36099	28497	Pseudomonas_aeruginosa_NZ_CP036492.1	scaffold_214	98.65		True
relocation, inconsistency = 6336
5072389	5088561	52272	36100	Pseudomonas_aeruginosa_NZ_CP036492.1	scaffold_214	99.33		True
CONTIG	scaffold_214	52272	misassembled
1581224	1599687	90	18563	Pseudomonas_aeruginosa_NZ_CP036492.1	scaffold_215	99.6		True
local misassembly
1599916	1623468	18869	42425	Pseudomonas_aeruginosa_NZ_CP036492.1	scaffold_215	99.54		True
CONTIG	scaffold_215	42425	correct
5501643	5529489	27928	55	Pseudomonas_aeruginosa_NZ_CP036492.1	scaffold_218	99.01		True
CONTIG	scaffold_218	28004	correct
147140	170802	1	23649	Pseudomonas_aeruginosa_NZ_CP036492.1	scaffold_220	99.37		True
CONTIG	scaffold_220	23649	correct
4276901	4288398	22208	10707	Pseudomonas_aeruginosa_NZ_CP036492.1	scaffold_227	99.11		True
CONTIG	scaffold_227	22299	correct
2101010	2102415	130	1535	Pseudomonas_aeruginosa_NZ_CP036492.1	scaffold_242	99.36		True
relocation, inconsistency = 2573
2105053	2123907	1600	20458	Pseudomonas_aeruginosa_NZ_CP036492.1	scaffold_242	99.38		True
local misassembly
2124412	2129133	20664	25387	Pseudomonas_aeruginosa_NZ_CP036492.1	scaffold_242	99.49		True
local misassembly
2129558	2136416	25510	32376	Pseudomonas_aeruginosa_NZ_CP036492.1	scaffold_242	98.98		True
CONTIG	scaffold_242	32376	misassembled
2430626	2440052	9464	1	Pseudomonas_aeruginosa_NZ_CP036492.1	scaffold_249	99.19		True
CONTIG	scaffold_249	19636	correct_unaligned
2251299	2254729	3649	228	Pseudomonas_aeruginosa_NZ_CP036492.1	scaffold_255	98.81		True
relocation, inconsistency = 6810
2229150	2242838	19006	5300	Pseudomonas_aeruginosa_NZ_CP036492.1	scaffold_255	98.72		True
CONTIG	scaffold_255	19104	misassembled
3444315	3446020	17212	18917	Pseudomonas_aeruginosa_NZ_CP036492.1	scaffold_257	99.47		True
CONTIG	scaffold_257	18917	correct_unaligned
891713	908000	16292	1	Pseudomonas_aeruginosa_NZ_CP036492.1	scaffold_260	99.66		True
local misassembly
883938	891323	23774	16385	Pseudomonas_aeruginosa_NZ_CP036492.1	scaffold_260	99.73		True
relocation, inconsistency = 1372
871856	882565	34486	23775	Pseudomonas_aeruginosa_NZ_CP036492.1	scaffold_260	99.61		True
local misassembly
865437	871536	40679	34578	Pseudomonas_aeruginosa_NZ_CP036492.1	scaffold_260	99.56		True
local misassembly
862522	864872	43196	40846	Pseudomonas_aeruginosa_NZ_CP036492.1	scaffold_260	99.74		True
CONTIG	scaffold_260	43272	misassembled
3505128	3505577	1	449	Pseudomonas_aeruginosa_NZ_CP036492.1	scaffold_272	97.12		True
local misassembly
3505795	3520830	938	15970	Pseudomonas_aeruginosa_NZ_CP036492.1	scaffold_272	99.24		True
CONTIG	scaffold_272	16832	correct
6165179	6171769	1	6591	Pseudomonas_aeruginosa_NZ_CP036492.1	scaffold_273	99.7		True
local misassembly
6171967	6188274	6592	22916	Pseudomonas_aeruginosa_NZ_CP036492.1	scaffold_273	99.45		True
CONTIG	scaffold_273	23101	correct
283418	285024	1608	1	Pseudomonas_aeruginosa_NZ_CP036492.1	scaffold_276	99.63		True
local misassembly
270012	283266	14955	1701	Pseudomonas_aeruginosa_NZ_CP036492.1	scaffold_276	99.68		True
local misassembly
256098	269674	28531	14956	Pseudomonas_aeruginosa_NZ_CP036492.1	scaffold_276	99.67		True
local misassembly
246398	255783	38010	28624	Pseudomonas_aeruginosa_NZ_CP036492.1	scaffold_276	99.28		True
local misassembly
229833	246237	54423	38011	Pseudomonas_aeruginosa_NZ_CP036492.1	scaffold_276	99.56		True
local misassembly
226841	229478	57234	54597	Pseudomonas_aeruginosa_NZ_CP036492.1	scaffold_276	99.32		True
CONTIG	scaffold_276	57234	correct
1623453	1628367	1	4921	Pseudomonas_aeruginosa_NZ_CP036492.1	scaffold_279	99.43		True
local misassembly
1628699	1642536	4922	18759	Pseudomonas_aeruginosa_NZ_CP036492.1	scaffold_279	99.55		True
local misassembly
1642858	1650294	19059	26494	Pseudomonas_aeruginosa_NZ_CP036492.1	scaffold_279	99.18		True
local misassembly
1650442	1658572	26495	34654	Pseudomonas_aeruginosa_NZ_CP036492.1	scaffold_279	98.14		True
CONTIG	scaffold_279	34751	correct
3243560	3258703	95	15266	Pseudomonas_aeruginosa_NZ_CP036492.1	scaffold_285	99.23		True
local misassembly
3258723	3265556	15492	22326	Pseudomonas_aeruginosa_NZ_CP036492.1	scaffold_285	99.5		True
local misassembly
3265647	3279888	22327	36556	Pseudomonas_aeruginosa_NZ_CP036492.1	scaffold_285	99.36		True
CONTIG	scaffold_285	36556	correct
191814	203290	11810	333	Pseudomonas_aeruginosa_NZ_CP036492.1	scaffold_286	99.72		True
local misassembly
176670	191538	26690	11811	Pseudomonas_aeruginosa_NZ_CP036492.1	scaffold_286	99.38		True
local misassembly
175812	176474	27353	26691	Pseudomonas_aeruginosa_NZ_CP036492.1	scaffold_286	97.89		True
indel: indel (> 5bp)
175665	175735	27491	27421	Pseudomonas_aeruginosa_NZ_CP036492.1	scaffold_286	97.18		True
local misassembly
172217	175356	30937	27797	Pseudomonas_aeruginosa_NZ_CP036492.1	scaffold_286	95.01		True
CONTIG	scaffold_286	30937	correct
3464681	3467175	2658	157	Pseudomonas_aeruginosa_NZ_CP036492.1	scaffold_294	98.44		True
local misassembly
3453773	3464529	14240	3486	Pseudomonas_aeruginosa_NZ_CP036492.1	scaffold_294	98.86		True
CONTIG	scaffold_294	14338	correct
204277	217675	95	13493	Pseudomonas_aeruginosa_NZ_CP036492.1	scaffold_306	99.77		True
CONTIG	scaffold_306	13589	correct
975517	982439	1	6923	Pseudomonas_aeruginosa_NZ_CP036492.1	scaffold_313	99.7		True
relocation, inconsistency = 1851
984385	996895	7018	19529	Pseudomonas_aeruginosa_NZ_CP036492.1	scaffold_313	99.74		True
CONTIG	scaffold_313	19529	misassembled
2803137	2806601	1010	4474	Pseudomonas_aeruginosa_NZ_CP036492.1	scaffold_322	98.76		True
local misassembly
2807011	2818933	4475	16399	Pseudomonas_aeruginosa_NZ_CP036492.1	scaffold_322	99.47		True
relocation, inconsistency = 1454
2821390	2832546	17402	28558	Pseudomonas_aeruginosa_NZ_CP036492.1	scaffold_322	99.65		True
CONTIG	scaffold_322	28558	misassembled
2440854	2452282	1	11429	Pseudomonas_aeruginosa_NZ_CP036492.1	scaffold_338	99.83		True
local misassembly
2452475	2453638	11430	12593	Pseudomonas_aeruginosa_NZ_CP036492.1	scaffold_338	97.51		True
CONTIG	scaffold_338	12593	correct
4011716	4019285	7685	111	Pseudomonas_aeruginosa_NZ_CP036492.1	scaffold_341	99.42		True
local misassembly
4000470	4011472	18681	7686	Pseudomonas_aeruginosa_NZ_CP036492.1	scaffold_341	99.35		True
CONTIG	scaffold_341	18681	correct
1445387	1456623	11236	1	Pseudomonas_aeruginosa_NZ_CP036492.1	scaffold_342	99.43		True
CONTIG	scaffold_342	11236	correct
143065	147156	4092	1	Pseudomonas_aeruginosa_NZ_CP036492.1	scaffold_385	99.71		True
local misassembly
134239	142955	12809	4093	Pseudomonas_aeruginosa_NZ_CP036492.1	scaffold_385	99.68		True
CONTIG	scaffold_385	12809	correct
1011758	1016522	4765	1	Pseudomonas_aeruginosa_NZ_CP036492.1	scaffold_401	99.62		True
relocation, inconsistency = -1006
1009402	1011770	8127	5759	Pseudomonas_aeruginosa_NZ_CP036492.1	scaffold_401	99.41		True
local misassembly
1002229	1008996	15255	8487	Pseudomonas_aeruginosa_NZ_CP036492.1	scaffold_401	99.35		True
CONTIG	scaffold_401	15255	misassembled
5491893	5493863	561	2532	Pseudomonas_aeruginosa_NZ_CP036492.1	scaffold_459	98.58		True
local misassembly
5494387	5500694	2627	8938	Pseudomonas_aeruginosa_NZ_CP036492.1	scaffold_459	99.32		True
CONTIG	scaffold_459	9031	correct
3447252	3453631	1	6379	Pseudomonas_aeruginosa_NZ_CP036492.1	scaffold_472	95.99		True
CONTIG	scaffold_472	6379	correct
2401280	2401901	2247	1626	Pseudomonas_aeruginosa_NZ_CP036492.1	scaffold_478	95.18		True
local misassembly
2397282	2400849	6247	2681	Pseudomonas_aeruginosa_NZ_CP036492.1	scaffold_478	98.91		True
local misassembly
2394436	2397006	8817	6248	Pseudomonas_aeruginosa_NZ_CP036492.1	scaffold_478	99.22		True
CONTIG	scaffold_478	8817	correct
3786226	3792074	96	5941	Pseudomonas_aeruginosa_NZ_CP036492.1	scaffold_499	99.71		True
local misassembly
3792270	3798009	5942	11681	Pseudomonas_aeruginosa_NZ_CP036492.1	scaffold_499	99.63		True
CONTIG	scaffold_499	11681	correct
5540715	5545973	485	5744	Pseudomonas_aeruginosa_NZ_CP036492.1	scaffold_507	99.51		True
CONTIG	scaffold_507	5801	correct
2832979	2838651	1	5673	Pseudomonas_aeruginosa_NZ_CP036492.1	scaffold_512	99.63		True
CONTIG	scaffold_512	5673	correct
2457107	2462527	5515	91	Pseudomonas_aeruginosa_NZ_CP036492.1	scaffold_527	99.45		True
CONTIG	scaffold_527	5515	correct
5481669	5486271	1	4609	Pseudomonas_aeruginosa_NZ_CP036492.1	scaffold_595	98.89		True
local misassembly
5486621	5488017	4610	6005	Pseudomonas_aeruginosa_NZ_CP036492.1	scaffold_595	99.57		True
local misassembly
5488429	5491085	6097	8761	Pseudomonas_aeruginosa_NZ_CP036492.1	scaffold_595	98.76		True
CONTIG	scaffold_595	8844	correct
4019914	4025559	94	5786	Pseudomonas_aeruginosa_NZ_CP036492.1	scaffold_749	97.78		True
CONTIG	scaffold_749	5881	correct
2097114	2100030	3268	353	Pseudomonas_aeruginosa_NZ_CP036492.1	scaffold_751	99.62		True
CONTIG	scaffold_751	3548	correct
6161829	6165247	1	3419	Pseudomonas_aeruginosa_NZ_CP036492.1	scaffold_785	99.44		True
CONTIG	scaffold_785	3419	correct
5531515	5534664	3264	115	Pseudomonas_aeruginosa_NZ_CP036492.1	scaffold_799	99.43		True
CONTIG	scaffold_799	3358	correct
1876367	1879382	3019	1	Pseudomonas_aeruginosa_NZ_CP036492.1	scaffold_852	99.11		True
CONTIG	scaffold_852	3115	correct
5547513	5550324	2952	145	Pseudomonas_aeruginosa_NZ_CP036492.1	scaffold_870	98.61		True
CONTIG	scaffold_870	3025	correct
218573	221453	61	2944	Pseudomonas_aeruginosa_NZ_CP036492.1	scaffold_891	99.58		True
CONTIG	scaffold_891	2944	correct
5132074	5134737	2761	96	Pseudomonas_aeruginosa_NZ_CP036492.1	scaffold_916	99.55		True
CONTIG	scaffold_916	2864	correct
1441698	1444374	2681	1	Pseudomonas_aeruginosa_NZ_CP036492.1	scaffold_969	98.73		True
CONTIG	scaffold_969	2681	correct
2403432	2405996	1	2565	Pseudomonas_aeruginosa_NZ_CP036492.1	scaffold_1013	99.42		True
CONTIG	scaffold_1013	2565	correct
1872677	1875110	96	2529	Pseudomonas_aeruginosa_NZ_CP036492.1	scaffold_1028	99.06		True
CONTIG	scaffold_1028	2529	correct
3280684	3283116	2433	1	Pseudomonas_aeruginosa_NZ_CP036492.1	scaffold_1068	99.79		True
CONTIG	scaffold_1068	2433	correct
2455720	2456953	1234	1	Pseudomonas_aeruginosa_NZ_CP036492.1	scaffold_1135	99.68		True
local misassembly
2453565	2455379	3049	1235	Pseudomonas_aeruginosa_NZ_CP036492.1	scaffold_1135	99.89		True
CONTIG	scaffold_1135	3049	correct
5265378	5267509	2134	1	Pseudomonas_aeruginosa_NZ_CP036492.1	scaffold_1178	99.81		True
CONTIG	scaffold_1178	2134	correct
3445923	3447349	1	1427	Pseudomonas_aeruginosa_NZ_CP036492.1	scaffold_1563	99.44		True
CONTIG	scaffold_1563	1427	correct
810252	811439	1	1188	Pseudomonas_aeruginosa_NZ_CP036492.1	scaffold_1746	99.07		True
CONTIG	scaffold_1746	1188	correct
2880255	2881432	1178	1	Pseudomonas_aeruginosa_NZ_CP036492.1	scaffold_1757	99.58		True
CONTIG	scaffold_1757	1178	correct
1875090	1876166	1	1080	Pseudomonas_aeruginosa_NZ_CP036492.1	scaffold_1765	99.26		True
CONTIG	scaffold_1765	1173	correct
1439475	1440506	98	1128	Pseudomonas_aeruginosa_NZ_CP036492.1	scaffold_1809	96.52		True
CONTIG	scaffold_1809	1133	correct
5267595	5268579	1	986	Pseudomonas_aeruginosa_NZ_CP036492.1	scaffold_1877	99.8		True
CONTIG	scaffold_1877	1077	correct
1753327	1754282	1031	76	Pseudomonas_aeruginosa_NZ_CP036492.1	scaffold_1923	99.58		True
CONTIG	scaffold_1923	1048	correct
4088004	4088821	217	1034	Pseudomonas_aeruginosa_NZ_CP036492.1	scaffold_1948	98.17		True
CONTIG	scaffold_1948	1034	correct
6160845	6161875	1	1031	Pseudomonas_aeruginosa_NZ_CP036492.1	scaffold_1958	98.84		True
CONTIG	scaffold_1958	1031	correct
3798136	3799164	1029	1	Pseudomonas_aeruginosa_NZ_CP036492.1	scaffold_1959	99.32		True
CONTIG	scaffold_1959	1029	correct
