S1	E1	S2	E2	Reference	Contig	IDY	Ambiguous	Best_group
3760480	3786229	25844	77	Pseudomonas_aeruginosa_NZ_CP036492.1	NODE_9_length_415966_cov_0.375614	99.66		True
relocation, inconsistency = -1364
3663470	3760338	124247	27350	Pseudomonas_aeruginosa_NZ_CP036492.1	NODE_9_length_415966_cov_0.375614	99.52		True
relocation, inconsistency = 2404
3659051	3660769	126259	124544	Pseudomonas_aeruginosa_NZ_CP036492.1	NODE_9_length_415966_cov_0.375614	98.95		True
fake: scaffold gap size wrong estimation (local)
3651435	3658782	133661	126310	Pseudomonas_aeruginosa_NZ_CP036492.1	NODE_9_length_415966_cov_0.375614	99.17		True
local misassembly
3631458	3651280	153519	133684	Pseudomonas_aeruginosa_NZ_CP036492.1	NODE_9_length_415966_cov_0.375614	99.31		True
fake: scaffold gap size wrong estimation (local)
3628678	3631202	156318	153794	Pseudomonas_aeruginosa_NZ_CP036492.1	NODE_9_length_415966_cov_0.375614	99.56		True
fake: scaffold gap size wrong estimation (local)
3583249	3628212	201362	156395	Pseudomonas_aeruginosa_NZ_CP036492.1	NODE_9_length_415966_cov_0.375614	99.54		True
fake: scaffold gap size wrong estimation (local)
3542611	3583220	242209	201597	Pseudomonas_aeruginosa_NZ_CP036492.1	NODE_9_length_415966_cov_0.375614	99.32		True
relocation, inconsistency = 18721
3523092	3523248	243006	242851	Pseudomonas_aeruginosa_NZ_CP036492.1	NODE_9_length_415966_cov_0.375614	98.09		True
local misassembly
3505795	3520830	260634	245602	Pseudomonas_aeruginosa_NZ_CP036492.1	NODE_9_length_415966_cov_0.375614	99.24		True
local misassembly
3505145	3505577	261554	261123	Pseudomonas_aeruginosa_NZ_CP036492.1	NODE_9_length_415966_cov_0.375614	97.0		True
relocation, scaffold gap is present, inconsistency = 3333383
78303	171658	354948	261658	Pseudomonas_aeruginosa_NZ_CP036492.1	NODE_9_length_415966_cov_0.375614	99.41		True
local misassembly
63956	78411	369405	354949	Pseudomonas_aeruginosa_NZ_CP036492.1	NODE_9_length_415966_cov_0.375614	99.35		True
local misassembly
57046	63868	376228	369406	Pseudomonas_aeruginosa_NZ_CP036492.1	NODE_9_length_415966_cov_0.375614	99.6		True
relocation, inconsistency = -1197
38121	56972	396367	377499	Pseudomonas_aeruginosa_NZ_CP036492.1	NODE_9_length_415966_cov_0.375614	99.31		True
fake: scaffold gap size wrong estimation (local)
18102	37634	415966	396427	Pseudomonas_aeruginosa_NZ_CP036492.1	NODE_9_length_415966_cov_0.375614	99.64		True
CONTIG	NODE_9_length_415966_cov_0.375614	415966	misassembled
847836	855542	7806	100	Pseudomonas_aeruginosa_NZ_CP036492.1	NODE_10_length_365935_cov_0.372517	99.23		True
fake: scaffold gap size wrong estimation (local)
801694	847599	53859	7913	Pseudomonas_aeruginosa_NZ_CP036492.1	NODE_10_length_365935_cov_0.372517	99.69		True
fake: scaffold gap size wrong estimation (local)
777232	801492	78160	53898	Pseudomonas_aeruginosa_NZ_CP036492.1	NODE_10_length_365935_cov_0.372517	99.62		True
local misassembly
731937	777004	123262	78199	Pseudomonas_aeruginosa_NZ_CP036492.1	NODE_10_length_365935_cov_0.372517	99.43		True
fake: scaffold gap size wrong estimation (local)
662423	731778	192761	123399	Pseudomonas_aeruginosa_NZ_CP036492.1	NODE_10_length_365935_cov_0.372517	99.55		True
fake: scaffold gap size wrong estimation (local)
650019	662352	205505	193167	Pseudomonas_aeruginosa_NZ_CP036492.1	NODE_10_length_365935_cov_0.372517	99.6		True
local misassembly
539923	648920	315631	206604	Pseudomonas_aeruginosa_NZ_CP036492.1	NODE_10_length_365935_cov_0.372517	99.24		True
local misassembly
489621	539044	365935	316507	Pseudomonas_aeruginosa_NZ_CP036492.1	NODE_10_length_365935_cov_0.372517	99.53		True
CONTIG	NODE_10_length_365935_cov_0.372517	365935	correct
5555353	5555417	355649	355585	Pseudomonas_aeruginosa_NZ_CP036492.1	NODE_12_length_355673_cov_0.516990	100.0		True
CONTIG	NODE_12_length_355673_cov_0.516990	355673	correct_unaligned
4771052	4771139	1355	1268	Pseudomonas_aeruginosa_NZ_CP036492.1	NODE_13_length_331965_cov_0.372386	96.59		True
local misassembly
4758078	4770712	14181	1518	Pseudomonas_aeruginosa_NZ_CP036492.1	NODE_13_length_331965_cov_0.372386	99.35		True
local misassembly
4754290	4757780	17723	14228	Pseudomonas_aeruginosa_NZ_CP036492.1	NODE_13_length_331965_cov_0.372386	99.54		True
fake: scaffold gap size wrong estimation (local)
4733595	4753984	38173	17807	Pseudomonas_aeruginosa_NZ_CP036492.1	NODE_13_length_331965_cov_0.372386	98.82		True
fake: scaffold gap size wrong estimation (local)
4692429	4733194	79514	38727	Pseudomonas_aeruginosa_NZ_CP036492.1	NODE_13_length_331965_cov_0.372386	99.65		True
relocation, inconsistency = 16489
4668873	4675793	86579	79661	Pseudomonas_aeruginosa_NZ_CP036492.1	NODE_13_length_331965_cov_0.372386	99.55		True
relocation, inconsistency = 7193
4652139	4661619	96119	86640	Pseudomonas_aeruginosa_NZ_CP036492.1	NODE_13_length_331965_cov_0.372386	98.91		True
relocation, inconsistency = 1504
4636332	4650634	110412	96120	Pseudomonas_aeruginosa_NZ_CP036492.1	NODE_13_length_331965_cov_0.372386	99.32		True
local misassembly
4605055	4635871	141258	110413	Pseudomonas_aeruginosa_NZ_CP036492.1	NODE_13_length_331965_cov_0.372386	98.72		True
relocation, inconsistency = 1574
4583815	4603480	160976	141259	Pseudomonas_aeruginosa_NZ_CP036492.1	NODE_13_length_331965_cov_0.372386	99.23		True
fake: scaffold gap size wrong estimation (local)
4558866	4583611	185867	161115	Pseudomonas_aeruginosa_NZ_CP036492.1	NODE_13_length_331965_cov_0.372386	99.58		True
fake: scaffold gap size wrong estimation (local)
4446224	4558708	298360	185878	Pseudomonas_aeruginosa_NZ_CP036492.1	NODE_13_length_331965_cov_0.372386	99.54		True
local misassembly
4412617	4445269	331963	299315	Pseudomonas_aeruginosa_NZ_CP036492.1	NODE_13_length_331965_cov_0.372386	99.25		True
CONTIG	NODE_13_length_331965_cov_0.372386	331965	misassembled
3237560	3243083	5525	1	Pseudomonas_aeruginosa_NZ_CP036492.1	NODE_15_length_326226_cov_0.377035	99.31		True
fake: scaffold gap size wrong estimation (local)
3213278	3237388	29923	5827	Pseudomonas_aeruginosa_NZ_CP036492.1	NODE_15_length_326226_cov_0.377035	99.53		True
relocation, inconsistency = 8387
3112498	3200785	122263	34029	Pseudomonas_aeruginosa_NZ_CP036492.1	NODE_15_length_326226_cov_0.377035	99.5		True
fake: scaffold gap size wrong estimation (local)
3083468	3112190	151075	122336	Pseudomonas_aeruginosa_NZ_CP036492.1	NODE_15_length_326226_cov_0.377035	99.27		True
fake: scaffold gap size wrong estimation (local)
3079904	3082980	154343	151267	Pseudomonas_aeruginosa_NZ_CP036492.1	NODE_15_length_326226_cov_0.377035	98.9		True
relocation, inconsistency = 6706
3041534	3072788	186008	154753	Pseudomonas_aeruginosa_NZ_CP036492.1	NODE_15_length_326226_cov_0.377035	99.68		True
local misassembly
3041060	3041216	186172	186016	Pseudomonas_aeruginosa_NZ_CP036492.1	NODE_15_length_326226_cov_0.377035	98.09		True
relocation, inconsistency = 1880
3031314	3039177	194038	186175	Pseudomonas_aeruginosa_NZ_CP036492.1	NODE_15_length_326226_cov_0.377035	99.34		True
relocation, inconsistency = 53251
2957138	2978062	214951	194039	Pseudomonas_aeruginosa_NZ_CP036492.1	NODE_15_length_326226_cov_0.377035	99.36		True
fake: scaffold gap size wrong estimation (local)
2948635	2956729	223051	214962	Pseudomonas_aeruginosa_NZ_CP036492.1	NODE_15_length_326226_cov_0.377035	99.53		True
fake: scaffold gap size wrong estimation (local)
2911014	2948600	260832	223247	Pseudomonas_aeruginosa_NZ_CP036492.1	NODE_15_length_326226_cov_0.377035	99.49		True
local misassembly
2884256	2910860	287421	260833	Pseudomonas_aeruginosa_NZ_CP036492.1	NODE_15_length_326226_cov_0.377035	99.28		True
relocation, inconsistency = 1729
2877295	2878289	292655	291659	Pseudomonas_aeruginosa_NZ_CP036492.1	NODE_15_length_326226_cov_0.377035	96.0		True
relocation, inconsistency = 3947
2850162	2873198	315843	292805	Pseudomonas_aeruginosa_NZ_CP036492.1	NODE_15_length_326226_cov_0.377035	99.46		True
relocation, inconsistency = 1435
2838641	2848686	325930	315884	Pseudomonas_aeruginosa_NZ_CP036492.1	NODE_15_length_326226_cov_0.377035	99.49		True
local misassembly
2838575	2838668	326226	326133	Pseudomonas_aeruginosa_NZ_CP036492.1	NODE_15_length_326226_cov_0.377035	98.94		True
CONTIG	NODE_15_length_326226_cov_0.377035	326226	misassembled
1438688	1439211	524	1	Pseudomonas_aeruginosa_NZ_CP036492.1	NODE_20_length_282436_cov_0.371284	96.22		True
local misassembly
1409266	1438366	29629	525	Pseudomonas_aeruginosa_NZ_CP036492.1	NODE_20_length_282436_cov_0.371284	99.39		True
fake: scaffold gap size wrong estimation (local)
1226735	1408902	211976	29771	Pseudomonas_aeruginosa_NZ_CP036492.1	NODE_20_length_282436_cov_0.371284	99.46		True
local misassembly
1226736	1226806	212200	212130	Pseudomonas_aeruginosa_NZ_CP036492.1	NODE_20_length_282436_cov_0.371284	98.59		True
local misassembly
1223887	1226783	215161	212265	Pseudomonas_aeruginosa_NZ_CP036492.1	NODE_20_length_282436_cov_0.371284	98.52		True
local misassembly
1208505	1221891	230581	217196	Pseudomonas_aeruginosa_NZ_CP036492.1	NODE_20_length_282436_cov_0.371284	99.24		True
local misassembly
1193610	1204820	246269	235077	Pseudomonas_aeruginosa_NZ_CP036492.1	NODE_20_length_282436_cov_0.371284	99.21		True
local misassembly
1190551	1193447	249166	246270	Pseudomonas_aeruginosa_NZ_CP036492.1	NODE_20_length_282436_cov_0.371284	98.92		True
relocation, inconsistency = 3869826
5071602	5088561	257495	274454	Pseudomonas_aeruginosa_NZ_CP036492.1	NODE_20_length_282436_cov_0.371284	99.32		True
relocation, inconsistency = 6336
5094898	5102628	274455	282215	Pseudomonas_aeruginosa_NZ_CP036492.1	NODE_20_length_282436_cov_0.371284	98.66		True
CONTIG	NODE_20_length_282436_cov_0.371284	282436	misassembled
4237509	4276406	38918	1	Pseudomonas_aeruginosa_NZ_CP036492.1	NODE_25_length_255405_cov_0.376193	99.42		True
local misassembly
4085034	4237167	191097	38919	Pseudomonas_aeruginosa_NZ_CP036492.1	NODE_25_length_255405_cov_0.376193	99.51		True
local misassembly
4026373	4084661	249339	191098	Pseudomonas_aeruginosa_NZ_CP036492.1	NODE_25_length_255405_cov_0.376193	99.43		True
fake: scaffold gap size wrong estimation (local)
4022331	4025559	252897	249669	Pseudomonas_aeruginosa_NZ_CP036492.1	NODE_25_length_255405_cov_0.376193	99.69		True
fake: scaffold gap size wrong estimation (local)
4019916	4022270	255405	253052	Pseudomonas_aeruginosa_NZ_CP036492.1	NODE_25_length_255405_cov_0.376193	99.07		True
CONTIG	NODE_25_length_255405_cov_0.376193	255405	correct
1879686	1994806	18	115159	Pseudomonas_aeruginosa_NZ_CP036492.1	NODE_26_length_254816_cov_0.371048	99.53		True
relocation, inconsistency = -1310
1994966	2004343	116629	126021	Pseudomonas_aeruginosa_NZ_CP036492.1	NODE_26_length_254816_cov_0.371048	99.02		True
local misassembly
2004574	2005027	127121	127574	Pseudomonas_aeruginosa_NZ_CP036492.1	NODE_26_length_254816_cov_0.371048	98.24		True
relocation, inconsistency = 2180
2007580	2010177	127947	130544	Pseudomonas_aeruginosa_NZ_CP036492.1	NODE_26_length_254816_cov_0.371048	98.77		True
relocation, inconsistency = -1080
2011531	2096507	132978	217962	Pseudomonas_aeruginosa_NZ_CP036492.1	NODE_26_length_254816_cov_0.371048	99.51		True
fake: scaffold gap size wrong estimation (local)
2097114	2100030	218212	221127	Pseudomonas_aeruginosa_NZ_CP036492.1	NODE_26_length_254816_cov_0.371048	99.62		True
fake: scaffold gap size wrong estimation (local)
2101010	2102415	221729	223134	Pseudomonas_aeruginosa_NZ_CP036492.1	NODE_26_length_254816_cov_0.371048	99.36		True
relocation, inconsistency = 2573
2105053	2123907	223199	242057	Pseudomonas_aeruginosa_NZ_CP036492.1	NODE_26_length_254816_cov_0.371048	99.38		True
fake: scaffold gap size wrong estimation (local)
2124412	2136423	242339	254299	Pseudomonas_aeruginosa_NZ_CP036492.1	NODE_26_length_254816_cov_0.371048	98.6		True
fake: scaffold gap size wrong estimation (local)
2136429	2136757	254487	254816	Pseudomonas_aeruginosa_NZ_CP036492.1	NODE_26_length_254816_cov_0.371048	95.76		True
CONTIG	NODE_26_length_254816_cov_0.371048	254816	misassembled
2629704	2633299	3601	1	Pseudomonas_aeruginosa_NZ_CP036492.1	NODE_30_length_248402_cov_0.382728	99.53		True
fake: scaffold gap size wrong estimation (local)
2463069	2629272	170022	3852	Pseudomonas_aeruginosa_NZ_CP036492.1	NODE_30_length_248402_cov_0.382728	99.45		True
fake: scaffold gap size wrong estimation (local)
2453543	2462527	179114	170115	Pseudomonas_aeruginosa_NZ_CP036492.1	NODE_30_length_248402_cov_0.382728	99.56		True
fake: scaffold gap size wrong estimation (local)
2430626	2453446	201981	179125	Pseudomonas_aeruginosa_NZ_CP036492.1	NODE_30_length_248402_cov_0.382728	99.26		True
relocation, inconsistency = -460882
2880198	2881432	213291	212057	Pseudomonas_aeruginosa_NZ_CP036492.1	NODE_30_length_248402_cov_0.382728	99.6		True
relocation, inconsistency = 904793
3786226	3798010	213292	225073	Pseudomonas_aeruginosa_NZ_CP036492.1	NODE_30_length_248402_cov_0.382728	98.7		True
relocation, inconsistency = 2367043
6165054	6188274	225074	248311	Pseudomonas_aeruginosa_NZ_CP036492.1	NODE_30_length_248402_cov_0.382728	99.5		True
CONTIG	NODE_30_length_248402_cov_0.382728	248402	misassembled
3935444	4019285	83864	16	Pseudomonas_aeruginosa_NZ_CP036492.1	NODE_38_length_230023_cov_0.379140	99.5		True
local misassembly
3935219	3935283	83929	83865	Pseudomonas_aeruginosa_NZ_CP036492.1	NODE_38_length_230023_cov_0.379140	100.0		True
relocation, inconsistency = -4872
3910045	3933215	113960	90805	Pseudomonas_aeruginosa_NZ_CP036492.1	NODE_38_length_230023_cov_0.379140	99.02		True
relocation, inconsistency = -2249
3897841	3909938	128409	116316	Pseudomonas_aeruginosa_NZ_CP036492.1	NODE_38_length_230023_cov_0.379140	99.5		True
fake: scaffold gap size wrong estimation (local)
3895621	3897699	130503	128425	Pseudomonas_aeruginosa_NZ_CP036492.1	NODE_38_length_230023_cov_0.379140	99.57		True
fake: scaffold gap size wrong estimation (local)
3860987	3895136	164584	130537	Pseudomonas_aeruginosa_NZ_CP036492.1	NODE_38_length_230023_cov_0.379140	99.03		True
relocation, inconsistency = 2029246
1830610	1831034	165715	165291	Pseudomonas_aeruginosa_NZ_CP036492.1	NODE_38_length_230023_cov_0.379140	99.29		True
local misassembly
1829798	1829959	165877	165716	Pseudomonas_aeruginosa_NZ_CP036492.1	NODE_38_length_230023_cov_0.379140	96.36		True
relocation, inconsistency = -1065692
2881114	2881433	180253	179934	Pseudomonas_aeruginosa_NZ_CP036492.1	NODE_38_length_230023_cov_0.379140	97.51		True
relocation, inconsistency = -968109
3806531	3849222	222980	180254	Pseudomonas_aeruginosa_NZ_CP036492.1	NODE_38_length_230023_cov_0.379140	99.26		True
relocation, inconsistency = 1372
3798115	3805158	230023	222981	Pseudomonas_aeruginosa_NZ_CP036492.1	NODE_38_length_230023_cov_0.379140	99.13		True
CONTIG	NODE_38_length_230023_cov_0.379140	230023	misassembled
1876367	1879382	3019	1	Pseudomonas_aeruginosa_NZ_CP036492.1	NODE_40_length_221817_cov_0.371405	99.11		True
fake: scaffold gap size wrong estimation (local)
1872677	1876166	6523	3031	Pseudomonas_aeruginosa_NZ_CP036492.1	NODE_40_length_221817_cov_0.371405	99.11		True
local misassembly
1858603	1872032	19974	6538	Pseudomonas_aeruginosa_NZ_CP036492.1	NODE_40_length_221817_cov_0.371405	99.09		True
relocation, inconsistency = -13234
1831056	1858651	60736	33160	Pseudomonas_aeruginosa_NZ_CP036492.1	NODE_40_length_221817_cov_0.371405	98.95		True
relocation, inconsistency = 8950
1754503	1822105	128332	60737	Pseudomonas_aeruginosa_NZ_CP036492.1	NODE_40_length_221817_cov_0.371405	99.36		True
fake: scaffold gap size wrong estimation (local)
1661265	1754279	221720	128681	Pseudomonas_aeruginosa_NZ_CP036492.1	NODE_40_length_221817_cov_0.371405	99.54		True
CONTIG	NODE_40_length_221817_cov_0.371405	221817	misassembled
2821390	2833071	11676	1	Pseudomonas_aeruginosa_NZ_CP036492.1	NODE_42_length_196862_cov_0.376088	99.23		True
fake: scaffold gap size wrong estimation (extensive)
2803137	2818920	28684	12899	Pseudomonas_aeruginosa_NZ_CP036492.1	NODE_42_length_196862_cov_0.376088	99.31		True
relocation, inconsistency = 1242
2697162	2799103	133421	31476	Pseudomonas_aeruginosa_NZ_CP036492.1	NODE_42_length_196862_cov_0.376088	99.57		True
fake: scaffold gap size wrong estimation (local)
2644240	2696824	186071	133480	Pseudomonas_aeruginosa_NZ_CP036492.1	NODE_42_length_196862_cov_0.376088	99.36		True
local misassembly
2633331	2644119	196862	186072	Pseudomonas_aeruginosa_NZ_CP036492.1	NODE_42_length_196862_cov_0.376088	99.58		True
CONTIG	NODE_42_length_196862_cov_0.376088	196862	misassembled
6160844	6165269	4426	1	Pseudomonas_aeruginosa_NZ_CP036492.1	NODE_46_length_182679_cov_0.374051	99.3		True
fake: scaffold gap size wrong estimation (local)
6031688	6160699	133326	4437	Pseudomonas_aeruginosa_NZ_CP036492.1	NODE_46_length_182679_cov_0.374051	99.48		True
local misassembly
6017324	6031687	148174	133815	Pseudomonas_aeruginosa_NZ_CP036492.1	NODE_46_length_182679_cov_0.374051	99.61		True
fake: scaffold gap size wrong estimation (local)
6012982	6017046	152315	148299	Pseudomonas_aeruginosa_NZ_CP036492.1	NODE_46_length_182679_cov_0.374051	97.8		True
local misassembly
5991282	6012676	173711	152316	Pseudomonas_aeruginosa_NZ_CP036492.1	NODE_46_length_182679_cov_0.374051	99.6		True
local misassembly
5986444	5991185	179056	174313	Pseudomonas_aeruginosa_NZ_CP036492.1	NODE_46_length_182679_cov_0.374051	96.59		True
local misassembly
5982827	5986119	182679	179387	Pseudomonas_aeruginosa_NZ_CP036492.1	NODE_46_length_182679_cov_0.374051	99.79		True
CONTIG	NODE_46_length_182679_cov_0.374051	182679	correct
4890942	4950099	59158	5	Pseudomonas_aeruginosa_NZ_CP036492.1	NODE_49_length_178911_cov_0.385077	99.72		True
fake: scaffold gap size wrong estimation (local)
4771132	4890236	178463	59399	Pseudomonas_aeruginosa_NZ_CP036492.1	NODE_49_length_178911_cov_0.385077	99.39		True
relocation, inconsistency = 1303509
3467172	3467622	178464	178911	Pseudomonas_aeruginosa_NZ_CP036492.1	NODE_49_length_178911_cov_0.385077	97.12		True
CONTIG	NODE_49_length_178911_cov_0.385077	178911	misassembled
2229150	2242838	94	13800	Pseudomonas_aeruginosa_NZ_CP036492.1	NODE_52_length_158668_cov_0.373555	98.72		True
relocation, inconsistency = 6810
2251299	2254729	15451	18872	Pseudomonas_aeruginosa_NZ_CP036492.1	NODE_52_length_158668_cov_0.373555	98.86		True
relocation, inconsistency = 420266
1829798	1831032	20112	18873	Pseudomonas_aeruginosa_NZ_CP036492.1	NODE_52_length_158668_cov_0.373555	98.62		True
relocation, inconsistency = 417859
2254750	2257171	25971	28392	Pseudomonas_aeruginosa_NZ_CP036492.1	NODE_52_length_158668_cov_0.373555	99.22		True
relocation, inconsistency = -1547
2257262	2258203	30030	30971	Pseudomonas_aeruginosa_NZ_CP036492.1	NODE_52_length_158668_cov_0.373555	98.62		True
relocation, inconsistency = 19284
2277997	2393184	31481	146743	Pseudomonas_aeruginosa_NZ_CP036492.1	NODE_52_length_158668_cov_0.373555	99.51		True
fake: scaffold gap size wrong estimation (local)
2393698	2400849	147085	154236	Pseudomonas_aeruginosa_NZ_CP036492.1	NODE_52_length_158668_cov_0.373555	98.82		True
local misassembly
2401280	2405278	154670	158665	Pseudomonas_aeruginosa_NZ_CP036492.1	NODE_52_length_158668_cov_0.373555	95.86		True
CONTIG	NODE_52_length_158668_cov_0.373555	158668	misassembled
1488459	1539974	1	51575	Pseudomonas_aeruginosa_NZ_CP036492.1	NODE_55_length_158120_cov_0.378794	99.23		True
local misassembly
1540006	1547002	52263	59273	Pseudomonas_aeruginosa_NZ_CP036492.1	NODE_55_length_158120_cov_0.378794	98.25		True
relocation, inconsistency = 12389
1559392	1580767	59274	80650	Pseudomonas_aeruginosa_NZ_CP036492.1	NODE_55_length_158120_cov_0.378794	99.52		True
fake: scaffold gap size wrong estimation (local)
1581224	1599687	80662	99135	Pseudomonas_aeruginosa_NZ_CP036492.1	NODE_55_length_158120_cov_0.378794	99.6		True
fake: scaffold gap size wrong estimation (local)
1599916	1642536	99491	142119	Pseudomonas_aeruginosa_NZ_CP036492.1	NODE_55_length_158120_cov_0.378794	99.53		True
fake: scaffold gap size wrong estimation (local)
1642858	1650294	142409	149844	Pseudomonas_aeruginosa_NZ_CP036492.1	NODE_55_length_158120_cov_0.378794	99.17		True
local misassembly
1650442	1658572	149845	158004	Pseudomonas_aeruginosa_NZ_CP036492.1	NODE_55_length_158120_cov_0.378794	98.14		True
CONTIG	NODE_55_length_158120_cov_0.378794	158120	misassembled
459624	488848	29237	1	Pseudomonas_aeruginosa_NZ_CP036492.1	NODE_56_length_155394_cov_0.381927	99.62		True
fake: scaffold gap size wrong estimation (local)
442794	459367	45850	29266	Pseudomonas_aeruginosa_NZ_CP036492.1	NODE_56_length_155394_cov_0.381927	99.49		True
fake: scaffold gap size wrong estimation (local)
333395	442756	155394	45999	Pseudomonas_aeruginosa_NZ_CP036492.1	NODE_56_length_155394_cov_0.381927	99.56		True
CONTIG	NODE_56_length_155394_cov_0.381927	155394	correct
5290253	5416823	126636	1	Pseudomonas_aeruginosa_NZ_CP036492.1	NODE_59_length_151135_cov_0.376104	99.39		True
local misassembly
5268840	5290139	147932	126637	Pseudomonas_aeruginosa_NZ_CP036492.1	NODE_59_length_151135_cov_0.376104	99.64		True
fake: scaffold gap size wrong estimation (local)
5265406	5268579	151135	147945	Pseudomonas_aeruginosa_NZ_CP036492.1	NODE_59_length_151135_cov_0.376104	99.69		True
CONTIG	NODE_59_length_151135_cov_0.376104	151135	correct
862522	865111	1	2600	Pseudomonas_aeruginosa_NZ_CP036492.1	NODE_69_length_131164_cov_0.376892	99.35		True
fake: scaffold gap size wrong estimation (local)
865437	871703	2683	8954	Pseudomonas_aeruginosa_NZ_CP036492.1	NODE_69_length_131164_cov_0.376892	99.52		True
local misassembly
871857	882565	8955	19665	Pseudomonas_aeruginosa_NZ_CP036492.1	NODE_69_length_131164_cov_0.376892	99.61		True
relocation, inconsistency = 1372
883938	891586	19666	27318	Pseudomonas_aeruginosa_NZ_CP036492.1	NODE_69_length_131164_cov_0.376892	99.67		True
fake: scaffold gap size wrong estimation (local)
891714	982439	27329	118088	Pseudomonas_aeruginosa_NZ_CP036492.1	NODE_69_length_131164_cov_0.376892	99.56		True
fake: scaffold gap size wrong estimation (extensive)
984138	997200	118099	131164	Pseudomonas_aeruginosa_NZ_CP036492.1	NODE_69_length_131164_cov_0.376892	99.72		True
CONTIG	NODE_69_length_131164_cov_0.376892	131164	misassembled
5236601	5264117	27526	1	Pseudomonas_aeruginosa_NZ_CP036492.1	NODE_70_length_130463_cov_0.371515	99.56		True
relocation, inconsistency = 1372
5210565	5235228	52193	27527	Pseudomonas_aeruginosa_NZ_CP036492.1	NODE_70_length_130463_cov_0.371515	99.79		True
fake: scaffold gap size wrong estimation (local)
5194330	5210550	68938	52717	Pseudomonas_aeruginosa_NZ_CP036492.1	NODE_70_length_130463_cov_0.371515	99.49		True
fake: scaffold gap size wrong estimation (local)
5135453	5194205	127749	68951	Pseudomonas_aeruginosa_NZ_CP036492.1	NODE_70_length_130463_cov_0.371515	99.48		True
local misassembly
5132074	5134737	130453	127788	Pseudomonas_aeruginosa_NZ_CP036492.1	NODE_70_length_130463_cov_0.371515	99.55		True
CONTIG	NODE_70_length_130463_cov_0.371515	130463	misassembled
5852984	5888162	35218	42	Pseudomonas_aeruginosa_NZ_CP036492.1	NODE_75_length_118110_cov_0.372374	99.59		True
fake: scaffold gap size wrong estimation (local)
5777690	5852942	110714	35458	Pseudomonas_aeruginosa_NZ_CP036492.1	NODE_75_length_118110_cov_0.372374	99.59		True
relocation, inconsistency = 1473
5769913	5776216	117017	110715	Pseudomonas_aeruginosa_NZ_CP036492.1	NODE_75_length_118110_cov_0.372374	99.76		True
relocation, inconsistency = 818733
4950087	4951152	118110	117045	Pseudomonas_aeruginosa_NZ_CP036492.1	NODE_75_length_118110_cov_0.372374	99.81		True
CONTIG	NODE_75_length_118110_cov_0.372374	118110	misassembled
4408273	4411069	2834	38	Pseudomonas_aeruginosa_NZ_CP036492.1	NODE_77_length_117316_cov_0.377380	99.0		True
relocation, inconsistency = -4026
4337600	4408174	77574	6959	Pseudomonas_aeruginosa_NZ_CP036492.1	NODE_77_length_117316_cov_0.377380	99.63		True
relocation, inconsistency = 1054658
3265569	3282941	94920	77575	Pseudomonas_aeruginosa_NZ_CP036492.1	NODE_77_length_117316_cov_0.377380	99.37		True
fake: scaffold gap size wrong estimation (local)
3258723	3265423	101632	94931	Pseudomonas_aeruginosa_NZ_CP036492.1	NODE_77_length_117316_cov_0.377380	99.52		True
fake: scaffold gap size wrong estimation (local)
3243560	3258703	117316	102145	Pseudomonas_aeruginosa_NZ_CP036492.1	NODE_77_length_117316_cov_0.377380	99.23		True
CONTIG	NODE_77_length_117316_cov_0.377380	117316	misassembled
2405180	2405889	1	710	Pseudomonas_aeruginosa_NZ_CP036492.1	NODE_84_length_107174_cov_0.378037	99.59		True
relocation, inconsistency = 2071610
256098	333569	78219	711	Pseudomonas_aeruginosa_NZ_CP036492.1	NODE_84_length_107174_cov_0.378037	99.52		True
fake: scaffold gap size wrong estimation (local)
229833	255978	104389	78233	Pseudomonas_aeruginosa_NZ_CP036492.1	NODE_84_length_107174_cov_0.378037	99.44		True
fake: scaffold gap size wrong estimation (local)
226862	229478	107174	104558	Pseudomonas_aeruginosa_NZ_CP036492.1	NODE_84_length_107174_cov_0.378037	99.31		True
CONTIG	NODE_84_length_107174_cov_0.378037	107174	misassembled
1827063	1827439	15395	15019	Pseudomonas_aeruginosa_NZ_CP036492.1	NODE_85_length_106766_cov_0.369825	96.29		True
unknown
1825981	1826753	62106	61334	Pseudomonas_aeruginosa_NZ_CP036492.1	NODE_85_length_106766_cov_0.369825	95.99		True
unknown
1822027	1822870	72532	71688	Pseudomonas_aeruginosa_NZ_CP036492.1	NODE_85_length_106766_cov_0.369825	95.86		True
unknown
1180083	1190596	82967	72454	Pseudomonas_aeruginosa_NZ_CP036492.1	NODE_85_length_106766_cov_0.369825	99.71		True
unknown
1156333	1172533	106712	90514	Pseudomonas_aeruginosa_NZ_CP036492.1	NODE_85_length_106766_cov_0.369825	99.51		True
unknown
CONTIG	NODE_85_length_106766_cov_0.369825	106766	mis_unaligned
5659370	5672897	13585	1	Pseudomonas_aeruginosa_NZ_CP036492.1	NODE_88_length_102286_cov_0.358792	99.29		True
relocation, inconsistency = 1153
5649403	5658176	22413	13626	Pseudomonas_aeruginosa_NZ_CP036492.1	NODE_88_length_102286_cov_0.358792	99.41		True
local misassembly
5623428	5649009	48017	22414	Pseudomonas_aeruginosa_NZ_CP036492.1	NODE_88_length_102286_cov_0.358792	99.22		True
local misassembly
5604917	5622309	66546	49154	Pseudomonas_aeruginosa_NZ_CP036492.1	NODE_88_length_102286_cov_0.358792	99.41		True
local misassembly
5601706	5604785	69625	66547	Pseudomonas_aeruginosa_NZ_CP036492.1	NODE_88_length_102286_cov_0.358792	98.29		True
relocation, inconsistency = 12130
5578951	5589549	80261	69652	Pseudomonas_aeruginosa_NZ_CP036492.1	NODE_88_length_102286_cov_0.358792	98.75		True
relocation, inconsistency = 1312
5575811	5576057	82089	81843	Pseudomonas_aeruginosa_NZ_CP036492.1	NODE_88_length_102286_cov_0.358792	97.98		True
local misassembly
5555712	5574352	102286	83630	Pseudomonas_aeruginosa_NZ_CP036492.1	NODE_88_length_102286_cov_0.358792	99.27		True
CONTIG	NODE_88_length_102286_cov_0.358792	102286	misassembled
5673618	5699072	204	25667	Pseudomonas_aeruginosa_NZ_CP036492.1	NODE_93_length_96155_cov_0.367818	99.62		True
fake: scaffold gap size wrong estimation (local)
5699175	5706616	25678	33121	Pseudomonas_aeruginosa_NZ_CP036492.1	NODE_93_length_96155_cov_0.367818	99.43		True
local misassembly
5706488	5756065	33122	82709	Pseudomonas_aeruginosa_NZ_CP036492.1	NODE_93_length_96155_cov_0.367818	98.96		True
local misassembly
5756187	5769621	82710	96146	Pseudomonas_aeruginosa_NZ_CP036492.1	NODE_93_length_96155_cov_0.367818	99.34		True
CONTIG	NODE_93_length_96155_cov_0.367818	96155	correct
5888902	5906811	1	17913	Pseudomonas_aeruginosa_NZ_CP036492.1	NODE_95_length_91726_cov_0.379302	99.53		True
local misassembly
5907031	5979848	18890	91726	Pseudomonas_aeruginosa_NZ_CP036492.1	NODE_95_length_91726_cov_0.379302	99.43		True
CONTIG	NODE_95_length_91726_cov_0.379302	91726	correct
2138024	2229113	91230	105	Pseudomonas_aeruginosa_NZ_CP036492.1	NODE_96_length_91230_cov_0.379205	99.32		True
CONTIG	NODE_96_length_91230_cov_0.379205	91230	correct
4951052	4972047	1	20994	Pseudomonas_aeruginosa_NZ_CP036492.1	NODE_104_length_79505_cov_0.368702	99.5		True
local misassembly
4972685	4987238	21378	35932	Pseudomonas_aeruginosa_NZ_CP036492.1	NODE_104_length_79505_cov_0.368702	99.53		True
relocation, inconsistency = -2081
4987350	5028665	38125	79505	Pseudomonas_aeruginosa_NZ_CP036492.1	NODE_104_length_79505_cov_0.368702	99.18		True
CONTIG	NODE_104_length_79505_cov_0.368702	79505	misassembled
3300287	3318484	1	18198	Pseudomonas_aeruginosa_NZ_CP036492.1	NODE_105_length_77953_cov_0.382490	99.1		True
relocation, inconsistency = 1911
3320396	3330145	18199	27915	Pseudomonas_aeruginosa_NZ_CP036492.1	NODE_105_length_77953_cov_0.382490	98.77		True
local misassembly
3330352	3351997	27916	49563	Pseudomonas_aeruginosa_NZ_CP036492.1	NODE_105_length_77953_cov_0.382490	99.64		True
relocation, inconsistency = 1750807
5102817	5131132	49576	77899	Pseudomonas_aeruginosa_NZ_CP036492.1	NODE_105_length_77953_cov_0.382490	99.48		True
CONTIG	NODE_105_length_77953_cov_0.382490	77953	misassembled
1002011	1008996	1	6987	Pseudomonas_aeruginosa_NZ_CP036492.1	NODE_112_length_74888_cov_0.376369	99.4		True
fake: scaffold gap size wrong estimation (local)
1009402	1011770	7452	9820	Pseudomonas_aeruginosa_NZ_CP036492.1	NODE_112_length_74888_cov_0.376369	99.41		True
relocation, inconsistency = -1006
1011758	1023311	10814	22379	Pseudomonas_aeruginosa_NZ_CP036492.1	NODE_112_length_74888_cov_0.376369	99.51		True
relocation, inconsistency = 12070
1035382	1047450	22380	34447	Pseudomonas_aeruginosa_NZ_CP036492.1	NODE_112_length_74888_cov_0.376369	99.47		True
relocation, inconsistency = 1045
1048496	1088670	34448	74664	Pseudomonas_aeruginosa_NZ_CP036492.1	NODE_112_length_74888_cov_0.376369	99.29		True
CONTIG	NODE_112_length_74888_cov_0.376369	74888	misassembled
3410417	3413847	14387	10957	Pseudomonas_aeruginosa_NZ_CP036492.1	NODE_114_length_73768_cov_0.381944	97.93		True
local misassembly
3403204	3409323	21607	15491	Pseudomonas_aeruginosa_NZ_CP036492.1	NODE_114_length_73768_cov_0.381944	97.0		True
local misassembly
3386063	3401765	38730	23027	Pseudomonas_aeruginosa_NZ_CP036492.1	NODE_114_length_73768_cov_0.381944	97.73		True
local misassembly
3351909	3384945	73768	40731	Pseudomonas_aeruginosa_NZ_CP036492.1	NODE_114_length_73768_cov_0.381944	99.45		True
CONTIG	NODE_114_length_73768_cov_0.381944	73768	correct
1138564	1154382	15822	1	Pseudomonas_aeruginosa_NZ_CP036492.1	NODE_128_length_64636_cov_0.381741	99.63		True
fake: scaffold gap size wrong estimation (local)
1127576	1138490	26940	16007	Pseudomonas_aeruginosa_NZ_CP036492.1	NODE_128_length_64636_cov_0.381741	99.09		True
fake: scaffold gap size wrong estimation (local)
1089761	1127425	64636	26987	Pseudomonas_aeruginosa_NZ_CP036492.1	NODE_128_length_64636_cov_0.381741	99.18		True
CONTIG	NODE_128_length_64636_cov_0.381741	64636	correct
5434552	5475672	41092	1	Pseudomonas_aeruginosa_NZ_CP036492.1	NODE_141_length_57571_cov_0.366754	99.15		True
local misassembly
5417993	5434439	57571	41093	Pseudomonas_aeruginosa_NZ_CP036492.1	NODE_141_length_57571_cov_0.366754	99.23		True
CONTIG	NODE_141_length_57571_cov_0.366754	57571	correct
6223214	6223478	1	265	Pseudomonas_aeruginosa_NZ_CP036492.1	NODE_147_length_54084_cov_0.381354	99.62		True
local misassembly
6225814	6275467	1980	51623	Pseudomonas_aeruginosa_NZ_CP036492.1	NODE_147_length_54084_cov_0.381354	99.41		True
fake: not a misassembly [linear representation of circular genome]
1	2460	51624	54084	Pseudomonas_aeruginosa_NZ_CP036492.1	NODE_147_length_54084_cov_0.381354	99.88		True
CONTIG	NODE_147_length_54084_cov_0.381354	54084	correct
3467447	3467986	108	648	Pseudomonas_aeruginosa_NZ_CP036492.1	NODE_155_length_48598_cov_0.382119	98.15		True
relocation, inconsistency = -10102
3468142	3468867	10906	11631	Pseudomonas_aeruginosa_NZ_CP036492.1	NODE_155_length_48598_cov_0.382119	99.86		True
local misassembly
3469349	3484393	13082	28127	Pseudomonas_aeruginosa_NZ_CP036492.1	NODE_155_length_48598_cov_0.382119	99.34		True
local misassembly
3484996	3504294	29428	48598	Pseudomonas_aeruginosa_NZ_CP036492.1	NODE_155_length_48598_cov_0.382119	98.39		True
CONTIG	NODE_155_length_48598_cov_0.382119	48598	misassembled
1439475	1441090	66	1683	Pseudomonas_aeruginosa_NZ_CP036492.1	NODE_174_length_43621_cov_0.372598	96.85		True
fake: scaffold gap size wrong estimation (local)
1441213	1444709	1698	5203	Pseudomonas_aeruginosa_NZ_CP036492.1	NODE_174_length_43621_cov_0.372598	98.69		True
local misassembly
1444936	1483338	5204	43610	Pseudomonas_aeruginosa_NZ_CP036492.1	NODE_174_length_43621_cov_0.372598	99.48		True
CONTIG	NODE_174_length_43621_cov_0.372598	43621	correct
5028625	5043513	1	14892	Pseudomonas_aeruginosa_NZ_CP036492.1	NODE_190_length_39272_cov_0.390641	99.82		True
local misassembly
5043825	5067061	15906	39149	Pseudomonas_aeruginosa_NZ_CP036492.1	NODE_190_length_39272_cov_0.390641	99.35		True
CONTIG	NODE_190_length_39272_cov_0.390641	39272	correct
4309374	4337754	28382	1	Pseudomonas_aeruginosa_NZ_CP036492.1	NODE_200_length_35766_cov_0.369926	99.43		True
CONTIG	NODE_200_length_35766_cov_0.369926	35766	correct
6189251	6207979	1	18730	Pseudomonas_aeruginosa_NZ_CP036492.1	NODE_210_length_32623_cov_0.372131	99.7		True
local misassembly
6208805	6221421	18838	31446	Pseudomonas_aeruginosa_NZ_CP036492.1	NODE_210_length_32623_cov_0.372131	99.11		True
local misassembly
6222678	6223298	32003	32623	Pseudomonas_aeruginosa_NZ_CP036492.1	NODE_210_length_32623_cov_0.372131	99.52		True
CONTIG	NODE_210_length_32623_cov_0.372131	32623	correct
171952	175356	1	3406	Pseudomonas_aeruginosa_NZ_CP036492.1	NODE_215_length_31594_cov_0.381851	95.19		True
local misassembly
175508	203290	3556	31358	Pseudomonas_aeruginosa_NZ_CP036492.1	NODE_215_length_31594_cov_0.381851	99.24		True
CONTIG	NODE_215_length_31594_cov_0.381851	31594	correct
5501643	5529489	27779	1	Pseudomonas_aeruginosa_NZ_CP036492.1	NODE_228_length_27779_cov_0.389074	99.33		True
CONTIG	NODE_228_length_27779_cov_0.389074	27779	correct
2406303	2406688	1	386	Pseudomonas_aeruginosa_NZ_CP036492.1	NODE_230_length_26705_cov_0.392416	98.96		True
local misassembly
2406700	2430711	531	24546	Pseudomonas_aeruginosa_NZ_CP036492.1	NODE_230_length_26705_cov_0.392416	99.65		True
CONTIG	NODE_230_length_26705_cov_0.392416	26705	correct
5476179	5488016	1	11810	Pseudomonas_aeruginosa_NZ_CP036492.1	NODE_241_length_24148_cov_0.452200	98.99		True
fake: scaffold gap size wrong estimation (local)
5488130	5491085	11821	14784	Pseudomonas_aeruginosa_NZ_CP036492.1	NODE_241_length_24148_cov_0.452200	98.85		True
fake: scaffold gap size wrong estimation (local)
5491893	5493863	15586	17557	Pseudomonas_aeruginosa_NZ_CP036492.1	NODE_241_length_24148_cov_0.452200	98.58		True
fake: scaffold gap size wrong estimation (local)
5494120	5500694	17568	24148	Pseudomonas_aeruginosa_NZ_CP036492.1	NODE_241_length_24148_cov_0.452200	99.3		True
CONTIG	NODE_241_length_24148_cov_0.452200	24148	correct
4276902	4288398	22186	10686	Pseudomonas_aeruginosa_NZ_CP036492.1	NODE_255_length_22186_cov_0.356855	99.11		True
CONTIG	NODE_255_length_22186_cov_0.356855	22186	correct
3447264	3464529	1	17272	Pseudomonas_aeruginosa_NZ_CP036492.1	NODE_264_length_20675_cov_0.357351	97.78		True
local misassembly
3464681	3467175	18100	20601	Pseudomonas_aeruginosa_NZ_CP036492.1	NODE_264_length_20675_cov_0.357351	98.44		True
CONTIG	NODE_264_length_20675_cov_0.357351	20675	correct
3444315	3447380	9694	12759	Pseudomonas_aeruginosa_NZ_CP036492.1	NODE_269_length_20269_cov_0.398104	99.45		True
CONTIG	NODE_269_length_20269_cov_0.398104	20269	correct_unaligned
3284293	3298666	1	14382	Pseudomonas_aeruginosa_NZ_CP036492.1	NODE_318_length_14382_cov_0.364140	99.47		True
CONTIG	NODE_318_length_14382_cov_0.364140	14382	correct
2912	17261	14370	15	Pseudomonas_aeruginosa_NZ_CP036492.1	NODE_319_length_14370_cov_0.378904	99.57		True
CONTIG	NODE_319_length_14370_cov_0.378904	14370	correct
204277	217675	13400	2	Pseudomonas_aeruginosa_NZ_CP036492.1	NODE_332_length_13400_cov_0.373371	99.77		True
CONTIG	NODE_332_length_13400_cov_0.373371	13400	correct
5540715	5545973	5260	1	Pseudomonas_aeruginosa_NZ_CP036492.1	NODE_548_length_5649_cov_0.415521	99.51		True
CONTIG	NODE_548_length_5649_cov_0.415521	5649	correct
5066673	5071905	1	5233	Pseudomonas_aeruginosa_NZ_CP036492.1	NODE_566_length_5233_cov_0.336854	99.52		True
CONTIG	NODE_566_length_5233_cov_0.336854	5233	correct
5531515	5534664	1	3150	Pseudomonas_aeruginosa_NZ_CP036492.1	NODE_686_length_3171_cov_0.294754	99.43		True
CONTIG	NODE_686_length_3171_cov_0.294754	3171	correct
218573	221447	2878	1	Pseudomonas_aeruginosa_NZ_CP036492.1	NODE_708_length_2878_cov_0.398259	99.58		True
CONTIG	NODE_708_length_2878_cov_0.398259	2878	correct
5547513	5550324	2858	51	Pseudomonas_aeruginosa_NZ_CP036492.1	NODE_711_length_2858_cov_0.329558	98.61		True
CONTIG	NODE_711_length_2858_cov_0.329558	2858	correct
2832659	2833552	896	3	Pseudomonas_aeruginosa_NZ_CP036492.1	NODE_954_length_896_cov_0.470968	99.89		True
CONTIG	NODE_954_length_896_cov_0.470968	896	correct
2880196	2880276	81	1	Pseudomonas_aeruginosa_NZ_CP036492.1	NODE_971_length_787_cov_0.330330	100.0		True
unknown
6222677	6222899	565	787	Pseudomonas_aeruginosa_NZ_CP036492.1	NODE_971_length_787_cov_0.330330	99.1		True
unknown
CONTIG	NODE_971_length_787_cov_0.330330	787	mis_unaligned
2801216	2801683	468	1	Pseudomonas_aeruginosa_NZ_CP036492.1	NODE_1019_length_544_cov_0.390071	95.97		True
local misassembly
2801878	2801953	544	469	Pseudomonas_aeruginosa_NZ_CP036492.1	NODE_1019_length_544_cov_0.390071	95.61		True
CONTIG	NODE_1019_length_544_cov_0.390071	544	correct
