S1	E1	S2	E2	Reference	Contig	IDY	Ambiguous	Best_group
1515995	1517683	1689	1	Nautilia_profundicola_NC_012115.1	NODE_2_length_871377_cov_1.172283	100.0		True
relocation, scaffold gap is present, inconsistency = -2621
1517888	1518605	2417	1700	Nautilia_profundicola_NC_012115.1	NODE_2_length_871377_cov_1.172283	99.33		True
relocation, inconsistency = 1680
726072	1516207	792553	2418	Nautilia_profundicola_NC_012115.1	NODE_2_length_871377_cov_1.172283	100.0		True
local misassembly
646989	725806	871377	792560	Nautilia_profundicola_NC_012115.1	NODE_2_length_871377_cov_1.172283	100.0		True
CONTIG	NODE_2_length_871377_cov_1.172283	871377	misassembled
144845	396538	251715	22	Nautilia_profundicola_NC_012115.1	NODE_29_length_251715_cov_1.181697	100.0		True
CONTIG	NODE_29_length_251715_cov_1.181697	251715	correct
396523	641874	1	245352	Nautilia_profundicola_NC_012115.1	NODE_33_length_245352_cov_1.176462	100.0		True
CONTIG	NODE_33_length_245352_cov_1.176462	245352	correct
6	144824	1	144819	Nautilia_profundicola_NC_012115.1	NODE_62_length_144819_cov_1.304434	100.0		True
CONTIG	NODE_62_length_144819_cov_1.304434	144819	correct
1523605	1633651	110047	1	Nautilia_profundicola_NC_012115.1	NODE_80_length_110047_cov_1.162155	100.0		True
CONTIG	NODE_80_length_110047_cov_1.162155	110047	correct
1638897	1676439	1	37543	Nautilia_profundicola_NC_012115.1	NODE_198_length_37543_cov_1.171610	100.0		True
CONTIG	NODE_198_length_37543_cov_1.171610	37543	correct
