S1	E1	S2	E2	Reference	Contig	IDY	Ambiguous	Best_group
32501	59794	1	27285	bacillus_virus_bps13_MW596414.1	scaffold_22	99.92		True
local misassembly
60294	78755	27708	46160	bacillus_virus_bps13_MW596414.1	scaffold_22	99.45		True
inversion
78756	80336	47741	46161	bacillus_virus_bps13_MW596414.1	scaffold_22	100.0		True
inversion
80337	97090	47742	64489	bacillus_virus_bps13_MW596414.1	scaffold_22	99.51		True
local misassembly
100772	104170	68204	71602	bacillus_virus_bps13_MW596414.1	scaffold_22	95.26		True
indel: stretch of mismatches
104188	105245	71620	72677	bacillus_virus_bps13_MW596414.1	scaffold_22	95.09		True
indel: stretch of mismatches
105253	105367	72685	72799	bacillus_virus_bps13_MW596414.1	scaffold_22	95.65		True
local misassembly
105644	107079	73080	74515	bacillus_virus_bps13_MW596414.1	scaffold_22	96.94		True
local misassembly
107719	115462	74532	82283	bacillus_virus_bps13_MW596414.1	scaffold_22	95.25		True
local misassembly
116516	116902	83336	83722	bacillus_virus_bps13_MW596414.1	scaffold_22	96.9		True
local misassembly
117089	120702	84019	87632	bacillus_virus_bps13_MW596414.1	scaffold_22	96.51		True
local misassembly
121406	121908	88330	88832	bacillus_virus_bps13_MW596414.1	scaffold_22	99.41		True
local misassembly
122420	124041	88833	90454	bacillus_virus_bps13_MW596414.1	scaffold_22	97.29		True
local misassembly
124510	125395	90715	91600	bacillus_virus_bps13_MW596414.1	scaffold_22	96.16		True
local misassembly
126068	135311	92675	101937	bacillus_virus_bps13_MW596414.1	scaffold_22	96.03		True
local misassembly
135534	137732	102160	104358	bacillus_virus_bps13_MW596414.1	scaffold_22	96.59		True
local misassembly
137943	159145	104592	125794	bacillus_virus_bps13_MW596414.1	scaffold_22	99.58		True
fake: not a misassembly [linear representation of circular genome]
1	32484	125795	158289	bacillus_virus_bps13_MW596414.1	scaffold_22	99.92		True
CONTIG	scaffold_22	158289	misassembled
