S1	E1	S2	E2	Reference	Contig	IDY	Ambiguous	Best_group
1	32484	32495	1	bacillus_virus_bps13_MW596414.1	NODE_54_length_158289_cov_0.800111	99.92		True
fake: not a misassembly [linear representation of circular genome]
137943	159145	53698	32496	bacillus_virus_bps13_MW596414.1	NODE_54_length_158289_cov_0.800111	99.58		True
local misassembly
135534	137732	56130	53932	bacillus_virus_bps13_MW596414.1	NODE_54_length_158289_cov_0.800111	96.59		True
local misassembly
126068	135311	65615	56353	bacillus_virus_bps13_MW596414.1	NODE_54_length_158289_cov_0.800111	96.03		True
local misassembly
124510	125395	67575	66690	bacillus_virus_bps13_MW596414.1	NODE_54_length_158289_cov_0.800111	96.16		True
local misassembly
122420	124041	69457	67836	bacillus_virus_bps13_MW596414.1	NODE_54_length_158289_cov_0.800111	97.29		True
local misassembly
121406	121908	69960	69458	bacillus_virus_bps13_MW596414.1	NODE_54_length_158289_cov_0.800111	99.41		True
local misassembly
117089	120702	74271	70658	bacillus_virus_bps13_MW596414.1	NODE_54_length_158289_cov_0.800111	96.51		True
local misassembly
116516	116902	74954	74568	bacillus_virus_bps13_MW596414.1	NODE_54_length_158289_cov_0.800111	96.9		True
local misassembly
107719	115462	83758	76007	bacillus_virus_bps13_MW596414.1	NODE_54_length_158289_cov_0.800111	95.25		True
local misassembly
105644	107079	85210	83775	bacillus_virus_bps13_MW596414.1	NODE_54_length_158289_cov_0.800111	96.94		True
local misassembly
105253	105367	85605	85491	bacillus_virus_bps13_MW596414.1	NODE_54_length_158289_cov_0.800111	95.65		True
indel: stretch of mismatches
104188	105245	86670	85613	bacillus_virus_bps13_MW596414.1	NODE_54_length_158289_cov_0.800111	95.09		True
indel: stretch of mismatches
100772	104170	90086	86688	bacillus_virus_bps13_MW596414.1	NODE_54_length_158289_cov_0.800111	95.26		True
local misassembly
80337	97090	110548	93801	bacillus_virus_bps13_MW596414.1	NODE_54_length_158289_cov_0.800111	99.51		True
inversion
78756	80336	110549	112129	bacillus_virus_bps13_MW596414.1	NODE_54_length_158289_cov_0.800111	100.0		True
inversion
60294	78755	130582	112130	bacillus_virus_bps13_MW596414.1	NODE_54_length_158289_cov_0.800111	99.45		True
local misassembly
32501	59794	158289	131005	bacillus_virus_bps13_MW596414.1	NODE_54_length_158289_cov_0.800111	99.92		True
CONTIG	NODE_54_length_158289_cov_0.800111	158289	misassembled
