S1	E1	S2	E2	Reference	Contig	IDY	Ambiguous	Best_group
1016174	1016241	447779	447846	Prochlorococcus_marinus_NZ_JAAORD010000001.1	scaffold_17	100.0		True
CONTIG	scaffold_17	484747	correct_unaligned
389135	389220	65686	65601	Prochlorococcus_marinus_NZ_JAAORD010000001.1	scaffold_71	97.67		True
unknown
389056	389129	65766	65693	Prochlorococcus_marinus_NZ_JAAORD010000001.1	scaffold_71	95.95		True
unknown
CONTIG	scaffold_71	79495	mis_unaligned
319368	319491	268	145	Prochlorococcus_marinus_NZ_JAAORD010000001.1	scaffold_481	95.16		True
local misassembly
318275	319304	1403	374	Prochlorococcus_marinus_NZ_JAAORD010000001.1	scaffold_481	95.63		True
indel: indel (<= 5bp)
317927	318273	1750	1404	Prochlorococcus_marinus_NZ_JAAORD010000001.1	scaffold_481	95.39		True
indel: stretch of mismatches
317622	317922	2055	1755	Prochlorococcus_marinus_NZ_JAAORD010000001.1	scaffold_481	95.35		True
indel: indel (<= 5bp)
316996	317611	2683	2068	Prochlorococcus_marinus_NZ_JAAORD010000001.1	scaffold_481	96.59		True
local misassembly
316092	316176	3820	3736	Prochlorococcus_marinus_NZ_JAAORD010000001.1	scaffold_481	95.29		True
indel: indel (<= 5bp)
316009	316088	3900	3821	Prochlorococcus_marinus_NZ_JAAORD010000001.1	scaffold_481	98.75		True
local misassembly
314404	315903	5561	4062	Prochlorococcus_marinus_NZ_JAAORD010000001.1	scaffold_481	97.27		True
CONTIG	scaffold_481	6177	correct
2051	2127	4468	4392	Prochlorococcus_marinus_NZ_JAAORD010000002.1	scaffold_50	100.0		True
CONTIG	scaffold_50	193275	correct_unaligned
234032	234110	52026	52104	Prochlorococcus_marinus_NZ_JAAORD010000002.1	scaffold_63	100.0		True
CONTIG	scaffold_63	83319	correct_unaligned
491012	491086	56246	56172	Prochlorococcus_marinus_NZ_JAAORD010000002.1	scaffold_66	100.0		True
CONTIG	scaffold_66	170794	correct_unaligned
