S1	E1	S2	E2	Reference	Contig	IDY	Ambiguous	Best_group
2051	2127	545733	545657	Prochlorococcus_marinus_NZ_JAAORD010000002.1	NODE_1_length_1221431_cov_0.752208	100.0		True
CONTIG	NODE_1_length_1221431_cov_0.752208	1221431	correct_unaligned
234032	234110	154145	154223	Prochlorococcus_marinus_NZ_JAAORD010000002.1	NODE_45_length_185439_cov_0.756268	100.0		True
CONTIG	NODE_45_length_185439_cov_0.756268	185439	correct_unaligned
314404	315903	172701	174200	Prochlorococcus_marinus_NZ_JAAORD010000001.1	NODE_14_length_327269_cov_0.766784	97.27		True
unknown
316009	316088	174362	174441	Prochlorococcus_marinus_NZ_JAAORD010000001.1	NODE_14_length_327269_cov_0.766784	98.75		True
unknown
316092	316176	174442	174526	Prochlorococcus_marinus_NZ_JAAORD010000001.1	NODE_14_length_327269_cov_0.766784	95.29		True
unknown
316996	317611	175579	176194	Prochlorococcus_marinus_NZ_JAAORD010000001.1	NODE_14_length_327269_cov_0.766784	96.59		True
unknown
317622	317922	176207	176507	Prochlorococcus_marinus_NZ_JAAORD010000001.1	NODE_14_length_327269_cov_0.766784	95.35		True
unknown
317927	318273	176512	176858	Prochlorococcus_marinus_NZ_JAAORD010000001.1	NODE_14_length_327269_cov_0.766784	95.39		True
unknown
318275	319304	176859	177888	Prochlorococcus_marinus_NZ_JAAORD010000001.1	NODE_14_length_327269_cov_0.766784	95.63		True
unknown
319368	319491	177994	178117	Prochlorococcus_marinus_NZ_JAAORD010000001.1	NODE_14_length_327269_cov_0.766784	95.16		True
unknown
CONTIG	NODE_14_length_327269_cov_0.766784	327269	mis_unaligned
