Assembly	# misassemblies	  # contig misassemblies	    # c. relocations	    # c. translocations	    # c. inversions	  # scaffold misassemblies	    # s. relocations	    # s. translocations	    # s. inversions	# misassembled contigs	Misassembled contigs length	# possibly misassembled contigs	    # possible misassemblies	# local misassemblies	# scaffold gap ext. mis.	# scaffold gap loc. mis.	# unaligned mis. contigs	# mismatches	# indels	    # indels (<= 5 bp)	    # indels (> 5 bp)	Indels length
SPAdes	0	0	0	0	0	0	0	0	0	0	0	2	4	0	0	0	1	148	0	0	0	0
SPAdes.m1000	0	0	0	0	0	0	0	0	0	0	0	2	4	0	0	0	1	148	0	0	0	0
IDBAUD	0	0	0	0	0	0	0	0	0	0	0	5	11	3	0	0	1	167	3	3	0	6
IDBAUD.m1000	0	0	0	0	0	0	0	0	0	0	0	5	11	3	0	0	1	167	3	3	0	6
