S1	E1	S2	E2	Reference	Contig	IDY	Ambiguous	Best_group
4	160829	160826	1	Nitrosomonas_europaea_NC_004757.1	NODE_50_length_160826_cov_1.123338	100.0		True
CONTIG	NODE_50_length_160826_cov_1.123338	160826	correct
609314	767708	158395	1	Nitrosomonas_europaea_NC_004757.1	NODE_53_length_158395_cov_1.135272	100.0		True
CONTIG	NODE_53_length_158395_cov_1.135272	158395	correct
1500366	1654558	1	154193	Nitrosomonas_europaea_NC_004757.1	NODE_58_length_154193_cov_1.119457	100.0		True
CONTIG	NODE_58_length_154193_cov_1.119457	154193	correct
1022032	1024593	2562	1	Nitrosomonas_europaea_NC_004757.1	NODE_65_length_139246_cov_1.330034	100.0		True
fake: scaffold gap size wrong estimation (local)
884978	1021247	139246	2977	Nitrosomonas_europaea_NC_004757.1	NODE_65_length_139246_cov_1.330034	100.0		True
CONTIG	NODE_65_length_139246_cov_1.330034	139246	correct
1763236	1809694	46459	1	Nitrosomonas_europaea_NC_004757.1	NODE_76_length_117873_cov_1.131599	100.0		True
fake: scaffold gap size wrong estimation (local)
1715683	1762820	93630	46493	Nitrosomonas_europaea_NC_004757.1	NODE_76_length_117873_cov_1.131599	100.0		True
fake: scaffold gap size wrong estimation (local)
1690931	1715047	117873	93757	Nitrosomonas_europaea_NC_004757.1	NODE_76_length_117873_cov_1.131599	100.0		True
CONTIG	NODE_76_length_117873_cov_1.131599	117873	correct
2463955	2536174	72220	1	Nitrosomonas_europaea_NC_004757.1	NODE_78_length_115656_cov_1.117194	100.0		True
local misassembly
2419872	2463307	115656	72221	Nitrosomonas_europaea_NC_004757.1	NODE_78_length_115656_cov_1.117194	100.0		True
CONTIG	NODE_78_length_115656_cov_1.117194	115656	correct
381649	491058	109410	1	Nitrosomonas_europaea_NC_004757.1	NODE_81_length_109410_cov_1.136244	100.0		True
CONTIG	NODE_81_length_109410_cov_1.136244	109410	correct
1331790	1379551	47762	1	Nitrosomonas_europaea_NC_004757.1	NODE_91_length_100802_cov_1.113189	100.0		True
fake: scaffold gap size wrong estimation (local)
1278297	1331151	100802	47985	Nitrosomonas_europaea_NC_004757.1	NODE_91_length_100802_cov_1.113189	99.93		True
CONTIG	NODE_91_length_100802_cov_1.113189	100802	correct
1389724	1474924	85201	1	Nitrosomonas_europaea_NC_004757.1	NODE_100_length_85201_cov_1.139951	100.0		True
CONTIG	NODE_100_length_85201_cov_1.139951	85201	correct
1199274	1230615	31342	1	Nitrosomonas_europaea_NC_004757.1	NODE_107_length_77459_cov_1.120044	100.0		True
fake: scaffold gap size wrong estimation (local)
1152910	1198682	77459	31687	Nitrosomonas_europaea_NC_004757.1	NODE_107_length_77459_cov_1.120044	100.0		True
CONTIG	NODE_107_length_77459_cov_1.120044	77459	correct
2540278	2559300	1	19023	Nitrosomonas_europaea_NC_004757.1	NODE_108_length_77448_cov_1.231446	100.0		True
relocation, inconsistency = 7510
2566811	2624513	19024	76726	Nitrosomonas_europaea_NC_004757.1	NODE_108_length_77448_cov_1.231446	100.0		True
fake: scaffold gap size wrong estimation (local)
2625333	2625708	77073	77448	Nitrosomonas_europaea_NC_004757.1	NODE_108_length_77448_cov_1.231446	100.0		True
CONTIG	NODE_108_length_77448_cov_1.231446	77448	misassembled
1048804	1125721	76915	1	Nitrosomonas_europaea_NC_004757.1	NODE_110_length_76915_cov_1.128122	100.0		True
CONTIG	NODE_110_length_76915_cov_1.128122	76915	correct
1876731	1902095	25365	1	Nitrosomonas_europaea_NC_004757.1	NODE_119_length_72233_cov_1.149448	100.0		True
fake: scaffold gap size wrong estimation (local)
1829351	1875949	72233	25635	Nitrosomonas_europaea_NC_004757.1	NODE_119_length_72233_cov_1.149448	100.0		True
CONTIG	NODE_119_length_72233_cov_1.149448	72233	correct
812778	884980	1	72107	Nitrosomonas_europaea_NC_004757.1	NODE_121_length_72107_cov_1.131359	99.87		True
CONTIG	NODE_121_length_72107_cov_1.131359	72107	correct
317183	380066	1	62884	Nitrosomonas_europaea_NC_004757.1	NODE_133_length_62884_cov_1.144321	100.0		True
CONTIG	NODE_133_length_62884_cov_1.144321	62884	correct
495306	555783	60478	1	Nitrosomonas_europaea_NC_004757.1	NODE_137_length_60478_cov_1.126564	100.0		True
CONTIG	NODE_137_length_60478_cov_1.126564	60478	correct
2095729	2151430	55702	1	Nitrosomonas_europaea_NC_004757.1	NODE_144_length_55702_cov_1.112215	100.0		True
CONTIG	NODE_144_length_55702_cov_1.112215	55702	correct
2292916	2340780	1	47865	Nitrosomonas_europaea_NC_004757.1	NODE_150_length_51359_cov_1.708907	100.0		True
relocation, inconsistency = 904405
1385017	1388510	51359	47866	Nitrosomonas_europaea_NC_004757.1	NODE_150_length_51359_cov_1.708907	99.88		True
CONTIG	NODE_150_length_51359_cov_1.708907	51359	misassembled
557021	607682	1	50662	Nitrosomonas_europaea_NC_004757.1	NODE_151_length_50662_cov_1.165588	100.0		True
CONTIG	NODE_151_length_50662_cov_1.165588	50662	correct
1810723	1828410	1	17688	Nitrosomonas_europaea_NC_004757.1	NODE_152_length_49841_cov_1.272647	99.99		True
relocation, inconsistency = -1667700
160711	192863	17689	49841	Nitrosomonas_europaea_NC_004757.1	NODE_152_length_49841_cov_1.272647	100.0		True
CONTIG	NODE_152_length_49841_cov_1.272647	49841	misassembled
1231401	1277410	46010	1	Nitrosomonas_europaea_NC_004757.1	NODE_165_length_46010_cov_1.134411	100.0		True
CONTIG	NODE_165_length_46010_cov_1.134411	46010	correct
227520	273249	45730	1	Nitrosomonas_europaea_NC_004757.1	NODE_166_length_45730_cov_1.115591	100.0		True
CONTIG	NODE_166_length_45730_cov_1.115591	45730	correct
2033095	2078778	1	45684	Nitrosomonas_europaea_NC_004757.1	NODE_168_length_45684_cov_1.129952	100.0		True
CONTIG	NODE_168_length_45684_cov_1.129952	45684	correct
2378142	2415263	37122	1	Nitrosomonas_europaea_NC_004757.1	NODE_175_length_43052_cov_1.252382	100.0		True
relocation, inconsistency = 85105
2287107	2293036	37123	43052	Nitrosomonas_europaea_NC_004757.1	NODE_175_length_43052_cov_1.252382	100.0		True
CONTIG	NODE_175_length_43052_cov_1.252382	43052	misassembled
2711297	2738557	1	27261	Nitrosomonas_europaea_NC_004757.1	NODE_180_length_42612_cov_1.202819	100.0		True
relocation, inconsistency = -43389
2695169	2710519	27262	42612	Nitrosomonas_europaea_NC_004757.1	NODE_180_length_42612_cov_1.202819	100.0		True
CONTIG	NODE_180_length_42612_cov_1.202819	42612	misassembled
2241875	2273205	1	31331	Nitrosomonas_europaea_NC_004757.1	NODE_185_length_41256_cov_1.130157	100.0		True
local misassembly
2273773	2283697	31332	41256	Nitrosomonas_europaea_NC_004757.1	NODE_185_length_41256_cov_1.130157	99.38		True
CONTIG	NODE_185_length_41256_cov_1.130157	41256	correct
2772049	2775873	1	3825	Nitrosomonas_europaea_NC_004757.1	NODE_188_length_39527_cov_1.107268	100.0		True
fake: scaffold gap size wrong estimation (local)
2776654	2812091	4090	39527	Nitrosomonas_europaea_NC_004757.1	NODE_188_length_39527_cov_1.107268	100.0		True
CONTIG	NODE_188_length_39527_cov_1.107268	39527	correct
1993121	2032091	38971	1	Nitrosomonas_europaea_NC_004757.1	NODE_192_length_38971_cov_1.117220	100.0		True
CONTIG	NODE_192_length_38971_cov_1.117220	38971	correct
2627496	2666277	1	38782	Nitrosomonas_europaea_NC_004757.1	NODE_193_length_38782_cov_1.110240	100.0		True
CONTIG	NODE_193_length_38782_cov_1.110240	38782	correct
2340664	2377566	1	36903	Nitrosomonas_europaea_NC_004757.1	NODE_197_length_37570_cov_1.118508	99.75		True
relocation, inconsistency = -1885783
491784	492450	36904	37570	Nitrosomonas_europaea_NC_004757.1	NODE_197_length_37570_cov_1.118508	98.3		True
CONTIG	NODE_197_length_37570_cov_1.118508	37570	misassembled
1655591	1690481	34891	1	Nitrosomonas_europaea_NC_004757.1	NODE_202_length_34891_cov_1.120420	100.0		True
CONTIG	NODE_202_length_34891_cov_1.120420	34891	correct
1932562	1965124	32563	1	Nitrosomonas_europaea_NC_004757.1	NODE_211_length_32563_cov_1.134116	100.0		True
CONTIG	NODE_211_length_32563_cov_1.134116	32563	correct
772916	805317	1	32402	Nitrosomonas_europaea_NC_004757.1	NODE_212_length_32402_cov_1.125833	100.0		True
CONTIG	NODE_212_length_32402_cov_1.125833	32402	correct
1903123	1931998	1	28876	Nitrosomonas_europaea_NC_004757.1	NODE_222_length_28876_cov_1.153539	100.0		True
CONTIG	NODE_222_length_28876_cov_1.153539	28876	correct
200604	200912	1	309	Nitrosomonas_europaea_NC_004757.1	NODE_234_length_25731_cov_1.075439	100.0		True
fake: scaffold gap size wrong estimation (local)
201166	226491	406	25731	Nitrosomonas_europaea_NC_004757.1	NODE_234_length_25731_cov_1.075439	100.0		True
CONTIG	NODE_234_length_25731_cov_1.075439	25731	correct
1125588	1150976	25389	1	Nitrosomonas_europaea_NC_004757.1	NODE_235_length_25389_cov_1.149003	100.0		True
CONTIG	NODE_235_length_25389_cov_1.149003	25389	correct
2672354	2694277	21924	1	Nitrosomonas_europaea_NC_004757.1	NODE_244_length_23778_cov_1.115146	100.0		True
fake: scaffold gap size wrong estimation (local)
2670025	2671739	23778	22064	Nitrosomonas_europaea_NC_004757.1	NODE_244_length_23778_cov_1.115146	100.0		True
CONTIG	NODE_244_length_23778_cov_1.115146	23778	correct
2189770	2212234	22465	1	Nitrosomonas_europaea_NC_004757.1	NODE_252_length_22465_cov_1.127999	100.0		True
CONTIG	NODE_252_length_22465_cov_1.127999	22465	correct
2749687	2770967	21281	1	Nitrosomonas_europaea_NC_004757.1	NODE_260_length_21281_cov_1.157372	100.0		True
CONTIG	NODE_260_length_21281_cov_1.157372	21281	correct
1966224	1986879	20656	1	Nitrosomonas_europaea_NC_004757.1	NODE_265_length_20656_cov_1.149550	100.0		True
CONTIG	NODE_265_length_20656_cov_1.149550	20656	correct
1030866	1048904	1	18039	Nitrosomonas_europaea_NC_004757.1	NODE_289_length_18049_cov_1.596107	100.0		True
CONTIG	NODE_289_length_18049_cov_1.596107	18049	correct
2156716	2172533	1	15818	Nitrosomonas_europaea_NC_004757.1	NODE_302_length_15818_cov_1.124036	100.0		True
CONTIG	NODE_302_length_15818_cov_1.124036	15818	correct
303597	316394	12798	1	Nitrosomonas_europaea_NC_004757.1	NODE_309_length_15214_cov_1.080435	100.0		True
local misassembly
300687	303102	15214	12799	Nitrosomonas_europaea_NC_004757.1	NODE_309_length_15214_cov_1.080435	100.0		True
CONTIG	NODE_309_length_15214_cov_1.080435	15214	correct
2079769	2094130	14362	1	Nitrosomonas_europaea_NC_004757.1	NODE_320_length_14362_cov_1.131943	100.0		True
CONTIG	NODE_320_length_14362_cov_1.131943	14362	correct
2215580	2228256	5	12681	Nitrosomonas_europaea_NC_004757.1	NODE_349_length_12681_cov_1.204936	100.0		True
CONTIG	NODE_349_length_12681_cov_1.204936	12681	correct
2174119	2186655	1	12537	Nitrosomonas_europaea_NC_004757.1	NODE_352_length_12537_cov_1.115657	100.0		True
CONTIG	NODE_352_length_12537_cov_1.115657	12537	correct
2229218	2241207	1	11990	Nitrosomonas_europaea_NC_004757.1	NODE_363_length_11990_cov_1.446626	100.0		True
CONTIG	NODE_363_length_11990_cov_1.446626	11990	correct
2738451	2744916	1	6466	Nitrosomonas_europaea_NC_004757.1	NODE_395_length_10042_cov_1.149179	100.0		True
fake: scaffold gap size wrong estimation (local)
2745288	2748602	6728	10042	Nitrosomonas_europaea_NC_004757.1	NODE_395_length_10042_cov_1.149179	100.0		True
CONTIG	NODE_395_length_10042_cov_1.149179	10042	correct
1478425	1488422	9998	1	Nitrosomonas_europaea_NC_004757.1	NODE_397_length_9998_cov_1.095677	100.0		True
CONTIG	NODE_397_length_9998_cov_1.095677	9998	correct
1489448	1499356	1	9909	Nitrosomonas_europaea_NC_004757.1	NODE_400_length_9909_cov_1.096853	100.0		True
CONTIG	NODE_400_length_9909_cov_1.096853	9909	correct
290247	299701	1	9455	Nitrosomonas_europaea_NC_004757.1	NODE_408_length_9455_cov_1.083994	100.0		True
CONTIG	NODE_408_length_9455_cov_1.083994	9455	correct
281423	287810	6388	1	Nitrosomonas_europaea_NC_004757.1	NODE_513_length_6388_cov_1.064146	100.0		True
CONTIG	NODE_513_length_6388_cov_1.064146	6388	correct
274269	280614	6346	1	Nitrosomonas_europaea_NC_004757.1	NODE_515_length_6346_cov_1.124016	100.0		True
CONTIG	NODE_515_length_6346_cov_1.124016	6346	correct
806149	810527	4379	1	Nitrosomonas_europaea_NC_004757.1	NODE_613_length_4379_cov_1.245420	100.0		True
CONTIG	NODE_613_length_4379_cov_1.245420	4379	correct
2151920	2155618	3699	1	Nitrosomonas_europaea_NC_004757.1	NODE_649_length_3699_cov_1.176356	100.0		True
CONTIG	NODE_649_length_3699_cov_1.176356	3699	correct
1380665	1384003	1	3339	Nitrosomonas_europaea_NC_004757.1	NODE_672_length_3339_cov_1.233686	100.0		True
CONTIG	NODE_672_length_3339_cov_1.233686	3339	correct
1987885	1990616	2732	1	Nitrosomonas_europaea_NC_004757.1	NODE_729_length_2732_cov_1.244734	100.0		True
CONTIG	NODE_729_length_2732_cov_1.244734	2732	correct
2416270	2418862	1	2593	Nitrosomonas_europaea_NC_004757.1	NODE_737_length_2593_cov_1.171117	100.0		True
CONTIG	NODE_737_length_2593_cov_1.171117	2593	correct
768812	771299	2488	1	Nitrosomonas_europaea_NC_004757.1	NODE_746_length_2488_cov_1.118716	100.0		True
CONTIG	NODE_746_length_2488_cov_1.118716	2488	correct
2172413	2174230	1	1818	Nitrosomonas_europaea_NC_004757.1	NODE_812_length_1818_cov_11.691220	100.0		True
CONTIG	NODE_812_length_1818_cov_11.691220	1818	correct
197835	199583	1749	1	Nitrosomonas_europaea_NC_004757.1	NODE_822_length_1749_cov_1.171376	100.0		True
CONTIG	NODE_822_length_1749_cov_1.171376	1749	correct
2667282	2669028	1747	1	Nitrosomonas_europaea_NC_004757.1	NODE_823_length_1747_cov_1.148216	100.0		True
CONTIG	NODE_823_length_1747_cov_1.148216	1747	correct
2187239	2188960	1722	1	Nitrosomonas_europaea_NC_004757.1	NODE_826_length_1722_cov_0.971268	100.0		True
CONTIG	NODE_826_length_1722_cov_0.971268	1722	correct
2376727	2378253	1527	1	Nitrosomonas_europaea_NC_004757.1	NODE_859_length_1527_cov_1.209104	100.0		True
CONTIG	NODE_859_length_1527_cov_1.209104	1527	correct
1475944	1477426	1	1483	Nitrosomonas_europaea_NC_004757.1	NODE_866_length_1483_cov_1.107930	100.0		True
CONTIG	NODE_866_length_1483_cov_1.107930	1483	correct
1025605	1027045	1441	1	Nitrosomonas_europaea_NC_004757.1	NODE_874_length_1441_cov_1.223485	100.0		True
CONTIG	NODE_874_length_1441_cov_1.223485	1441	correct
493526	494518	1	993	Nitrosomonas_europaea_NC_004757.1	NODE_934_length_993_cov_1.146789	100.0		True
CONTIG	NODE_934_length_993_cov_1.146789	993	correct
1991430	1992100	671	1	Nitrosomonas_europaea_NC_004757.1	NODE_984_length_671_cov_1.172727	100.0		True
CONTIG	NODE_984_length_671_cov_1.172727	671	correct
