Assembly	# misassemblies	  # contig misassemblies	    # c. relocations	    # c. translocations	    # c. inversions	  # scaffold misassemblies	    # s. relocations	    # s. translocations	    # s. inversions	# misassembled contigs	Misassembled contigs length	# possibly misassembled contigs	    # possible misassemblies	# local misassemblies	# scaffold gap ext. mis.	# scaffold gap loc. mis.	# unaligned mis. contigs	# mismatches	# indels	    # indels (<= 5 bp)	    # indels (> 5 bp)	Indels length
SPAdes	6	6	6	0	0	0	0	0	0	6	301882	0	0	3	0	11	0	98	4	2	2	136
SPAdes.m1000	6	6	6	0	0	0	0	0	0	6	301882	0	0	3	0	11	0	98	4	2	2	136
IDBAUD	1	1	1	0	0	0	0	0	0	1	76722	0	0	13	0	10	0	2	4	2	2	163
IDBAUD.m1000	1	1	1	0	0	0	0	0	0	1	76722	0	0	13	0	10	0	0	4	2	2	163
