S1	E1	S2	E2	Reference	Contig	IDY	Ambiguous	Best_group
1426669	1515008	88340	1	Nautilia_profundicola_NC_012115.1	scaffold_0	100.0		True
local misassembly
1300093	1426426	214674	88341	Nautilia_profundicola_NC_012115.1	scaffold_0	100.0		True
local misassembly
1293009	1299902	221568	214675	Nautilia_profundicola_NC_012115.1	scaffold_0	100.0		True
local misassembly
726078	1292696	788187	221569	Nautilia_profundicola_NC_012115.1	scaffold_0	100.0		True
local misassembly
725635	725770	788323	788188	Nautilia_profundicola_NC_012115.1	scaffold_0	100.0		True
indel: stretch of mismatches
647010	725601	866948	788357	Nautilia_profundicola_NC_012115.1	scaffold_0	100.0		True
CONTIG	scaffold_0	866948	correct
144846	376167	1	231322	Nautilia_profundicola_NC_012115.1	scaffold_5	100.0		True
local misassembly
376290	396516	231323	251549	Nautilia_profundicola_NC_012115.1	scaffold_5	100.0		True
local misassembly
396792	567477	251550	422235	Nautilia_profundicola_NC_012115.1	scaffold_5	100.0		True
local misassembly
567667	641872	422236	496441	Nautilia_profundicola_NC_012115.1	scaffold_5	100.0		True
CONTIG	scaffold_5	496441	correct
6	139552	1	139547	Nautilia_profundicola_NC_012115.1	scaffold_29	100.0		True
CONTIG	scaffold_29	139547	correct
1523609	1633639	1	110031	Nautilia_profundicola_NC_012115.1	scaffold_38	100.0		True
CONTIG	scaffold_38	110031	correct
1638933	1676439	1	37507	Nautilia_profundicola_NC_012115.1	scaffold_178	100.0		True
CONTIG	scaffold_178	37507	correct
1519016	1523706	4691	1	Nautilia_profundicola_NC_012115.1	scaffold_587	100.0		True
CONTIG	scaffold_587	4691	correct
CONTIG	scaffold_1156	3149	unaligned
1514918	1516002	1085	1	Nautilia_profundicola_NC_012115.1	scaffold_1863	100.0		True
CONTIG	scaffold_1863	1085	correct
1516610	1517682	1073	1	Nautilia_profundicola_NC_012115.1	scaffold_1888	100.0		True
CONTIG	scaffold_1888	1073	correct
