S1	E1	S2	E2	Reference	Contig	IDY	Ambiguous	Best_group
646989	725806	1	78818	Nautilia_profundicola_NC_012115.1	NODE_2_length_869699_cov_1.172445	100.0		True
local misassembly
726051	1516207	78825	868981	Nautilia_profundicola_NC_012115.1	NODE_2_length_869699_cov_1.172445	100.0		True
relocation, inconsistency = 1680
1517888	1518605	868982	869699	Nautilia_profundicola_NC_012115.1	NODE_2_length_869699_cov_1.172445	99.33		True
CONTIG	NODE_2_length_869699_cov_1.172445	869699	misassembled
144845	396538	1	251694	Nautilia_profundicola_NC_012115.1	NODE_29_length_251715_cov_1.181646	100.0		True
CONTIG	NODE_29_length_251715_cov_1.181646	251715	correct
396523	641874	1	245352	Nautilia_profundicola_NC_012115.1	NODE_33_length_245352_cov_1.176462	100.0		True
CONTIG	NODE_33_length_245352_cov_1.176462	245352	correct
CONTIG	NODE_43_length_203748_cov_0.601065	203748	unaligned
6	139671	1	139666	Nautilia_profundicola_NC_012115.1	NODE_66_length_139666_cov_1.181913	100.0		True
CONTIG	NODE_66_length_139666_cov_1.181913	139666	correct
1523605	1633651	110047	1	Nautilia_profundicola_NC_012115.1	NODE_83_length_110047_cov_1.162155	100.0		True
CONTIG	NODE_83_length_110047_cov_1.162155	110047	correct
1633661	1676439	42779	1	Nautilia_profundicola_NC_012115.1	NODE_182_length_42779_cov_1.585353	100.0		True
CONTIG	NODE_182_length_42779_cov_1.585353	42779	correct
1515995	1517683	1	1689	Nautilia_profundicola_NC_012115.1	NODE_845_length_1689_cov_1.173469	100.0		True
CONTIG	NODE_845_length_1689_cov_1.173469	1689	correct
