Assembly	# misassemblies	  # contig misassemblies	    # c. relocations	    # c. translocations	    # c. inversions	  # scaffold misassemblies	    # s. relocations	    # s. translocations	    # s. inversions	# misassembled contigs	Misassembled contigs length	# possibly misassembled contigs	    # possible misassemblies	# local misassemblies	# scaffold gap ext. mis.	# scaffold gap loc. mis.	# unaligned mis. contigs	# mismatches	# indels	    # indels (<= 5 bp)	    # indels (> 5 bp)	Indels length
spades_assembly	1	1	1	0	0	0	0	0	0	1	869699	0	0	1	0	0	0	5	0	0	0	0
spades_assembly.m1000	1	1	1	0	0	0	0	0	0	1	869699	0	0	1	0	0	0	5	0	0	0	0
idbaud_assembly	0	0	0	0	0	0	0	0	0	0	0	0	0	7	0	0	0	33	0	0	0	0
idbaud_assembly.m1000	0	0	0	0	0	0	0	0	0	0	0	0	0	7	0	0	0	33	0	0	0	0
