Assemblies	SPAdes	SPAdes.m1000	IDBAUD	IDBAUD.m1000
Arcobacter_nitrofigilis	607162	607162	416193	416193
Desulfovibrio_desulfuricans	835083	835083	349674	349674
Nautilia_profundicola	871377	871377	866948	866948
Nitrobacter_winogradskyi	252961	252961	224974	224974
Nitrosomonas_europaea	160826	160826	160549	160549
Prochlorococcus_marinus	1221431	1221431	484747	484747
Pseudomonas_aeruginosa	415966	415966	330349	330349
Staphylococcus_aureus	186282	186282	48097	48097
Vibrio_cholerae	803085	803085	534889	534889
achromobacter_virus_83_24	45694	45694	45671	45671
archaeal_bj1_virus	42263	42263	42261	42261
bacillus_virus_bps13	158289	158289	158289	158289
corynebacterium_phage_bfk20	42967	42967	42967	42967
methanobacterium_phage_psim2	26191	26191	25903	25903
prochlorococcus_phage_p_ssp10	47019	47019	46996	46996
pseudomonas_phage_pabg	258125	258125	258125	258125
ralstonia_virus_rs603	7678	7678	7678	7678
staphylococcus_phage_dw2	73675	73675	31309	31309
streptococcus_phage_tp_778l	41752	41752	41751	41751
vibrio_virus_ksf1	7106	7106	7106	7106
not_aligned	242776	242776	506175	506175
