Assemblies	SPAdes	SPAdes.m1000	IDBAUD	IDBAUD.m1000
Arcobacter_nitrofigilis	3144377	3144377	3083383	3083383
Desulfovibrio_desulfuricans	3377476	3377476	3352267	3352267
Nautilia_profundicola	1660853	1660853	1650474	1650474
Nitrobacter_winogradskyi	3185513	3185513	3036439	3036439
Nitrosomonas_europaea	2646609	2646609	2599943	2599943
Prochlorococcus_marinus	1734139	1734139	1011630	1011630
Pseudomonas_aeruginosa	6460616	6460616	6184058	6184058
Staphylococcus_aureus	2805887	2805887	1691909	1691909
Vibrio_cholerae	3869519	3869519	3802771	3802771
achromobacter_virus_83_24	45694	45694	45671	45671
archaeal_bj1_virus	42263	42263	42261	42261
bacillus_virus_bps13	158289	158289	158289	158289
corynebacterium_phage_bfk20	42967	42967	42967	42967
methanobacterium_phage_psim2	26191	26191	25903	25903
prochlorococcus_phage_p_ssp10	47019	47019	46996	46996
pseudomonas_phage_pabg	258125	258125	258125	258125
ralstonia_virus_rs603	0	0	0	0
staphylococcus_phage_dw2	126775	126775	31309	31309
streptococcus_phage_tp_778l	41752	41752	41751	41751
vibrio_virus_ksf1	0	0	0	0
