Assemblies	SPAdes	SPAdes.m1000	IDBAUD	IDBAUD.m1000
Arcobacter_nitrofigilis	3152060	3150392	3146337	3132367
Desulfovibrio_desulfuricans	2706138	2706138	2670437	2668531
Nautilia_profundicola	1660482	1660482	1659251	1657289
Nitrobacter_winogradskyi	3284335	3283032	3273357	3261035
Nitrosomonas_europaea	2718558	2716894	2707235	2701519
Prochlorococcus_marinus	4239	4239	4542	4542
Pseudomonas_aeruginosa	5845118	5843376	5810094	5796025
Staphylococcus_aureus	2635482	2633546	2597002	2538455
Vibrio_cholerae	3665322	3663941	3663810	3651678
achromobacter_virus_83_24	45694	45694	45671	45671
archaeal_bj1_virus	42263	42263	42261	42261
bacillus_virus_bps13	149999	149999	149997	149997
corynebacterium_phage_bfk20	42967	42967	42967	42967
methanobacterium_phage_psim2	26191	26191	25903	25903
prochlorococcus_phage_p_ssp10	47019	47019	46996	46996
pseudomonas_phage_pabg	258125	258125	258125	258125
ralstonia_virus_rs603	7678	7678	7678	7678
staphylococcus_phage_dw2	42809	42809	40999	40229
streptococcus_phage_tp_778l	41752	41752	41751	41751
vibrio_virus_ksf1	7106	7106	7106	7106
