Assemblies	SPAdes	SPAdes.m1000	IDBAUD	IDBAUD.m1000
Arcobacter_nitrofigilis	3155235	3155235	3132828	3132828
Desulfovibrio_desulfuricans	3385048	3385048	3364116	3364116
Nautilia_profundicola	1660853	1660853	1657323	1657323
Nitrobacter_winogradskyi	3287348	3287348	3262809	3262809
Nitrosomonas_europaea	2719422	2719422	2704186	2704186
Prochlorococcus_marinus	1734139	1734139	1017807	1017807
Pseudomonas_aeruginosa	6480405	6480405	6288981	6288981
Staphylococcus_aureus	2891525	2891525	2722765	2722765
Vibrio_cholerae	3957474	3957474	3914629	3914629
achromobacter_virus_83_24	45694	45694	45671	45671
archaeal_bj1_virus	42263	42263	42261	42261
bacillus_virus_bps13	158289	158289	158289	158289
corynebacterium_phage_bfk20	42967	42967	42967	42967
methanobacterium_phage_psim2	26191	26191	25903	25903
prochlorococcus_phage_p_ssp10	47019	47019	46996	46996
pseudomonas_phage_pabg	258125	258125	258125	258125
ralstonia_virus_rs603	7678	7678	7678	7678
staphylococcus_phage_dw2	126775	126775	51294	51294
streptococcus_phage_tp_778l	41752	41752	41751	41751
vibrio_virus_ksf1	7106	7106	7106	7106
