Assembly	spades_assembly	spades_assembly.m1000	idbaud_assembly	idbaud_assembly.m1000
# contigs (>= 1000 bp)	522	522	1104	1104
# contigs (>= 5000 bp)	252	252	57	57
# contigs (>= 10000 bp)	107	107	1	1
# contigs (>= 25000 bp)	15	15	0	0
# contigs (>= 50000 bp)	0	0	0	0
Total length (>= 1000 bp)	3544075	3544075	2625434	2625434
Total length (>= 5000 bp)	2834848	2834848	370511	370511
Total length (>= 10000 bp)	1787723	1787723	10334	10334
Total length (>= 25000 bp)	457853	457853	0	0
Total length (>= 50000 bp)	0	0	0	0
# contigs	596	522	1922	1104
Largest contig	39469	39469	10334	10334
Total length	3596735	3544075	3210176	2625434
Reference length	4334932	4334932	4334932	4334932
GC (%)	40.86	40.87	40.86	40.92
Reference GC (%)	41.03	41.03	41.03	41.03
N50	9917	10044	2345	2802
NG50	8175	8175	1525	1525
N75	5660	5858	1210	1768
NG75	2802	2802	-	-
L50	109	106	429	316
LG50	150	150	731	731
L75	227	220	906	609
LG75	362	362	-	-
# misassemblies	118	111	174	108
# misassembled contigs	99	92	163	101
Misassembled contigs length	913561	908879	302791	259062
# local misassemblies	157	150	97	86
# scaffold gap ext. mis.	16	16	0	0
# scaffold gap loc. mis.	386	385	11	11
# unaligned mis. contigs	17	14	16	12
# unaligned contigs	1 + 83 part	1 + 80 part	3 + 86 part	2 + 73 part
Unaligned length	291280	289165	139030	128824
Genome fraction (%)	74.800	73.733	69.555	56.835
Duplication ratio	1.019	1.018	1.019	1.013
# N's per 100 kbp	1239.18	1246.53	69.22	84.63
# mismatches per 100 kbp	431.82	432.38	424.16	439.49
# indels per 100 kbp	51.04	51.34	29.42	30.48
Largest alignment	33343	33343	10334	10334
Total aligned length	3236994	3188623	3035285	2470813
NA50	7517	7688	1997	2517
NGA50	5645	5645	1258	1258
NA75	3232	3434	992	1527
LA50	143	140	476	346
LGA50	200	200	827	827
LA75	321	309	1043	684
