Prochlorococcus_marinus_GL947594.1	NODE_171_length_45298_cov_0.355380	NODE_43_length_203748_cov_0.601065	NODE_47_length_185439_cov_0.756359	NODE_16_length_327269_cov_0.766775	NODE_1_length_1043932_cov_0.753616
Nautilia_profundicola_NC_012115.1	NODE_845_length_1689_cov_1.173469	NODE_29_length_251715_cov_1.181646	NODE_83_length_110047_cov_1.162155	NODE_43_length_203748_cov_0.601065	NODE_33_length_245352_cov_1.176462	NODE_2_length_869699_cov_1.172445	NODE_182_length_42779_cov_1.585353	NODE_66_length_139666_cov_1.181913
Desulfovibrio_desulfuricans_NZ_CP036295.1	NODE_43_length_203748_cov_0.601065	NODE_127_length_65775_cov_0.378880	NODE_24_length_266838_cov_0.371397	NODE_171_length_45298_cov_0.355380	NODE_3_length_835083_cov_0.372460	NODE_138_length_60339_cov_0.372879	NODE_90_length_101450_cov_0.372499	NODE_124_length_67970_cov_0.373358	NODE_155_length_49090_cov_0.374706	NODE_41_length_220355_cov_0.372849	NODE_19_length_292112_cov_0.373169	NODE_289_length_17843_cov_0.378174	NODE_31_length_247431_cov_0.373159	NODE_81_length_113601_cov_0.374471	NODE_49_length_179785_cov_0.373141	NODE_65_length_140217_cov_0.374044	NODE_6_length_586102_cov_0.372614	NODE_130_length_64344_cov_0.365477	NODE_158_length_47956_cov_0.381603
Vibrio_cholerae_NZ_CP060094.1	NODE_496_length_6921_cov_0.713824	NODE_14_length_341762_cov_0.535951	NODE_32_length_246376_cov_0.518280	NODE_171_length_45298_cov_0.355380	NODE_702_length_3018_cov_0.598550	NODE_43_length_203748_cov_0.601065	NODE_166_length_46001_cov_0.503989	NODE_269_length_19967_cov_0.534163	NODE_522_length_6224_cov_0.524660	NODE_12_length_355268_cov_0.517256	NODE_149_length_53783_cov_0.529704	NODE_23_length_272567_cov_0.520243	NODE_136_length_60578_cov_0.534214	NODE_13_length_349653_cov_0.524032	NODE_4_length_793571_cov_0.517196	NODE_20_length_283234_cov_0.520015	NODE_254_length_22045_cov_0.518062	NODE_7_length_451440_cov_0.520754
Arcobacter_nitrofigilis_NC_014166.1	NODE_30_length_250319_cov_0.996846	NODE_93_length_96868_cov_0.989085	NODE_174_length_44294_cov_1.043081	NODE_88_length_103162_cov_0.990538	NODE_122_length_70145_cov_1.006926	NODE_492_length_7094_cov_0.981213	NODE_171_length_45298_cov_0.355380	NODE_76_length_120051_cov_0.999250	NODE_844_length_1691_cov_0.905732	NODE_63_length_148210_cov_0.989520	NODE_299_length_16153_cov_0.948353	NODE_810_length_1952_cov_1.976516	NODE_11_length_361162_cov_0.994737	NODE_5_length_607162_cov_1.000802	NODE_22_length_276589_cov_1.002243	NODE_690_length_3198_cov_1.000650	NODE_9_length_392609_cov_1.038712	NODE_36_length_237323_cov_1.010459	NODE_811_length_1951_cov_1.404918	NODE_45_length_195603_cov_0.998394	NODE_125_length_67569_cov_0.966048	NODE_64_length_140564_cov_0.998099	NODE_320_length_14272_cov_0.964313
Pseudomonas_aeruginosa_NZ_CP063237.1	NODE_17_length_326226_cov_0.377035	NODE_87_length_106766_cov_0.369825	NODE_192_length_39272_cov_0.390641	NODE_713_length_2878_cov_0.398259	NODE_129_length_64636_cov_0.381663	NODE_96_length_91230_cov_0.379205	NODE_43_length_203748_cov_0.601065	NODE_692_length_3171_cov_0.294754	NODE_42_length_212155_cov_0.374426	NODE_114_length_73768_cov_0.381944	NODE_71_length_131164_cov_0.376892	NODE_920_length_1212_cov_0.428964	NODE_227_length_27779_cov_0.389074	NODE_8_length_415966_cov_0.375614	NODE_316_length_14382_cov_0.364140	NODE_201_length_35766_cov_0.369926	NODE_171_length_45298_cov_0.355380	NODE_332_length_13400_cov_0.373371	NODE_112_length_74888_cov_0.376329	NODE_140_length_58456_cov_0.402966	NODE_95_length_91726_cov_0.379357	NODE_148_length_54084_cov_0.381354	NODE_156_length_48598_cov_0.382119	NODE_44_length_196862_cov_0.376088	NODE_21_length_281912_cov_0.371300	NODE_176_length_44035_cov_0.373412	NODE_105_length_77953_cov_0.382490	NODE_57_length_158120_cov_0.378762	NODE_94_length_96155_cov_0.367818	NODE_230_length_26705_cov_0.392416	NODE_86_length_107174_cov_0.378037	NODE_51_length_178911_cov_0.385077	NODE_10_length_365935_cov_0.372504	NODE_89_length_102286_cov_0.358743	NODE_40_length_221629_cov_0.371404	NODE_142_length_57571_cov_0.366754	NODE_553_length_5649_cov_0.415521	NODE_573_length_5233_cov_0.336854	NODE_77_length_118110_cov_0.372382	NODE_26_length_255405_cov_0.376185	NODE_15_length_331965_cov_0.372371	NODE_59_length_155394_cov_0.381927	NODE_317_length_14370_cov_0.378904	NODE_104_length_79505_cov_0.368702	NODE_72_length_130463_cov_0.371515	NODE_79_length_117316_cov_0.377380	NODE_210_length_32623_cov_0.372131	NODE_261_length_20675_cov_0.357351	NODE_241_length_24148_cov_0.452200	NODE_39_length_230023_cov_0.379140	NODE_215_length_31594_cov_0.381851	NODE_61_length_151134_cov_0.376107	NODE_58_length_156922_cov_0.372051	NODE_717_length_2858_cov_0.329558	NODE_27_length_254816_cov_0.371048	NODE_48_length_184430_cov_0.375261
Vibrio_cholerae_NZ_CP060095.1	NODE_859_length_1600_cov_0.476673	NODE_43_length_203748_cov_0.601065	NODE_444_length_8600_cov_0.576365	NODE_587_length_4973_cov_0.720322	NODE_346_length_12860_cov_0.582777	NODE_18_length_299325_cov_0.521995	NODE_901_length_1363_cov_0.457327	NODE_489_length_7182_cov_0.662088	NODE_804_length_2016_cov_0.687599	NODE_529_length_6135_cov_0.495012	NODE_136_length_60578_cov_0.534214	NODE_13_length_349653_cov_0.524032	NODE_684_length_3272_cov_0.434465	NODE_615_length_4550_cov_0.547528	NODE_943_length_1051_cov_0.526882	NODE_836_length_1720_cov_0.550969	NODE_355_length_12378_cov_0.548911	NODE_403_length_9827_cov_0.567381	NODE_681_length_3295_cov_0.474795	NODE_387_length_10484_cov_0.541253	NODE_497_length_6883_cov_0.617865	NODE_14_length_341762_cov_0.535951	NODE_428_length_8989_cov_0.517140	NODE_759_length_2415_cov_0.492589	NODE_23_length_272567_cov_0.520243	NODE_824_length_1814_cov_0.701713	NODE_270_length_19743_cov_0.514474	NODE_727_length_2791_cov_0.619476	NODE_539_length_5932_cov_0.509207
Nitrobacter_winogradskyi_NC_007406.1	NODE_131_length_63249_cov_0.755513	NODE_487_length_7213_cov_0.655245	NODE_109_length_77276_cov_0.646711	NODE_184_length_42399_cov_0.636241	NODE_37_length_235394_cov_0.656998	NODE_586_length_5008_cov_0.589114	NODE_163_length_46347_cov_0.665015	NODE_874_length_1527_cov_0.531294	NODE_763_length_2384_cov_0.714096	NODE_216_length_31224_cov_0.659261	NODE_312_length_14750_cov_0.656846	NODE_330_length_13531_cov_0.653020	NODE_856_length_1612_cov_0.522468	NODE_274_length_19590_cov_0.661205	NODE_733_length_2733_cov_0.634380	NODE_161_length_47222_cov_0.637736	NODE_303_length_15612_cov_0.629591	NODE_348_length_12801_cov_0.639274	NODE_263_length_20578_cov_1.061544	NODE_268_length_19975_cov_0.659766	NODE_432_length_8864_cov_0.670708	NODE_542_length_5867_cov_0.627915	NODE_219_length_30036_cov_0.639211	NODE_426_length_9025_cov_0.655099	NODE_769_length_2338_cov_0.752819	NODE_147_length_54334_cov_0.676609	NODE_278_length_19196_cov_0.650223	NODE_575_length_5166_cov_0.687215	NODE_62_length_149231_cov_0.651754	NODE_247_length_23297_cov_0.639368	NODE_133_length_63091_cov_0.667032	NODE_933_length_1116_cov_0.641206	NODE_624_length_4333_cov_0.594255	NODE_139_length_60037_cov_0.664981	NODE_313_length_14708_cov_0.675327	NODE_277_length_19199_cov_0.663854	NODE_73_length_130154_cov_0.648889	NODE_50_length_179569_cov_0.671208	NODE_286_length_18075_cov_0.634789	NODE_28_length_252961_cov_0.642691	NODE_98_length_86068_cov_0.665480	NODE_255_length_21639_cov_1.522307	NODE_173_length_44491_cov_0.787131	NODE_283_length_18217_cov_0.645557	NODE_170_length_45316_cov_0.671114	NODE_646_length_3827_cov_0.636805	NODE_656_length_3686_cov_0.674334	NODE_326_length_13938_cov_0.650069	NODE_229_length_26894_cov_0.661562	NODE_101_length_84984_cov_0.656399	NODE_281_length_18545_cov_1.327508	NODE_97_length_88288_cov_0.655154	NODE_221_length_28929_cov_0.624965	NODE_85_length_108052_cov_0.656679	NODE_246_length_23439_cov_0.645253	NODE_328_length_13609_cov_0.667408	NODE_172_length_44579_cov_0.673107	NODE_642_length_3904_cov_0.656093	NODE_839_length_1702_cov_0.616698	NODE_409_length_9461_cov_0.661028	NODE_685_length_3259_cov_0.558636	NODE_821_length_1822_cov_0.584950	NODE_310_length_14852_cov_0.617066	NODE_69_length_134144_cov_0.671056	NODE_421_length_9163_cov_0.668436	NODE_171_length_45298_cov_0.355380	NODE_132_length_63235_cov_0.653579	NODE_157_length_48369_cov_0.640524	NODE_200_length_36887_cov_0.626530	NODE_842_length_1699_cov_1.045627	NODE_35_length_238022_cov_0.671082	NODE_99_length_85236_cov_0.659801	NODE_118_length_72463_cov_0.641052	NODE_120_length_72161_cov_0.701916	NODE_141_length_57604_cov_0.665605	NODE_405_length_9752_cov_0.696086	NODE_581_length_5073_cov_0.693457	NODE_342_length_13023_cov_0.615718
Staphylococcus_aureus_CP062279.1	NODE_198_length_37670_cov_0.253589	NODE_70_length_132434_cov_0.251200	NODE_177_length_43750_cov_0.261844	NODE_181_length_42830_cov_0.260741	NODE_74_length_129650_cov_0.256977	NODE_102_length_83100_cov_0.261512	NODE_43_length_203748_cov_0.601065	NODE_242_length_24094_cov_0.269386	NODE_175_length_44237_cov_0.287084	NODE_128_length_64640_cov_0.259040	NODE_196_length_38552_cov_0.269626	NODE_159_length_47599_cov_0.258562	NODE_150_length_53555_cov_0.264532	NODE_179_length_43047_cov_0.253529	NODE_243_length_23996_cov_0.244188	NODE_197_length_37892_cov_0.244923	NODE_584_length_5049_cov_0.218953	NODE_224_length_28591_cov_0.245030	NODE_536_length_6002_cov_0.277164	NODE_291_length_17785_cov_0.253680	NODE_111_length_74909_cov_0.249840	NODE_75_length_121437_cov_0.254006	NODE_113_length_74692_cov_0.258210	NODE_84_length_109185_cov_0.252613	NODE_193_length_39011_cov_0.266470	NODE_115_length_73675_cov_0.282282	NODE_525_length_6183_cov_0.233421	NODE_580_length_5117_cov_0.267214	NODE_171_length_45298_cov_0.355380	NODE_206_length_33425_cov_0.269847	NODE_272_length_19679_cov_0.245117	NODE_323_length_14184_cov_0.269146	NODE_574_length_5179_cov_0.254053	NODE_106_length_77638_cov_0.262265	NODE_116_length_73068_cov_0.246878	NODE_666_length_3559_cov_0.242292	NODE_91_length_101427_cov_0.259728	NODE_160_length_47482_cov_0.264458	NODE_144_length_56620_cov_0.242376	NODE_146_length_54614_cov_0.257042	NODE_231_length_26581_cov_0.259675	NODE_267_length_20074_cov_0.256453	NODE_779_length_2214_cov_0.277114	NODE_126_length_65956_cov_0.269416	NODE_46_length_186282_cov_0.255381	NODE_297_length_16653_cov_0.234031	NODE_154_length_49278_cov_0.256159	NODE_103_length_82994_cov_0.290155	NODE_720_length_2843_cov_1.095885	NODE_285_length_18142_cov_0.257255	NODE_333_length_13317_cov_0.274704	NODE_164_length_46235_cov_0.246693	NODE_265_length_20399_cov_0.295690	NODE_213_length_32360_cov_0.264524	NODE_240_length_24240_cov_0.245118	NODE_275_length_19509_cov_0.238808	NODE_189_length_40938_cov_0.240660	NODE_53_length_163349_cov_0.252555	NODE_453_length_8220_cov_0.241264	NODE_308_length_15216_cov_0.248824	NODE_368_length_11804_cov_0.265257	NODE_279_length_19119_cov_0.259554
Nitrosomonas_europaea_NC_004757.1	NODE_262_length_20656_cov_1.149550	NODE_137_length_60478_cov_1.126564	NODE_199_length_37590_cov_1.124690	NODE_119_length_72233_cov_1.149406	NODE_110_length_76915_cov_1.128122	NODE_78_length_117844_cov_1.131988	NODE_107_length_77458_cov_1.120059	NODE_743_length_2593_cov_1.171117	NODE_301_length_15818_cov_1.124036	NODE_881_length_1483_cov_1.107930	NODE_80_length_115656_cov_1.117194	NODE_514_length_6346_cov_1.124016	NODE_234_length_25726_cov_1.075259	NODE_309_length_15214_cov_1.080435	NODE_621_length_4379_cov_1.245420	NODE_108_length_77448_cov_1.231446	NODE_822_length_1818_cov_11.691220	NODE_835_length_1722_cov_0.971268	NODE_288_length_18049_cov_1.596107	NODE_171_length_45298_cov_0.355380	NODE_351_length_12681_cov_1.204936	NODE_151_length_51359_cov_1.708907	NODE_194_length_38971_cov_1.117143	NODE_55_length_158395_cov_1.135272	NODE_211_length_32563_cov_1.134116	NODE_60_length_154193_cov_1.119457	NODE_145_length_55702_cov_1.112215	NODE_244_length_23778_cov_1.115146	NODE_190_length_39527_cov_1.107268	NODE_178_length_43052_cov_1.252382	NODE_397_length_9998_cov_1.096689	NODE_400_length_9909_cov_1.096853	NODE_82_length_110802_cov_1.134820	NODE_365_length_11994_cov_1.445549	NODE_188_length_41256_cov_1.130157	NODE_831_length_1749_cov_1.171376	NODE_167_length_45730_cov_1.115591	NODE_655_length_3699_cov_1.176356	NODE_100_length_85201_cov_1.139951	NODE_258_length_21281_cov_1.157372	NODE_395_length_10042_cov_1.149179	NODE_678_length_3339_cov_1.233686	NODE_319_length_14362_cov_1.131943	NODE_92_length_100802_cov_1.113189	NODE_67_length_139246_cov_1.330013	NODE_54_length_160826_cov_1.123462	NODE_195_length_38782_cov_1.110240	NODE_410_length_9455_cov_1.083994	NODE_734_length_2732_cov_1.244734	NODE_512_length_6388_cov_1.064146	NODE_165_length_46010_cov_1.134411	NODE_153_length_49841_cov_1.272647	NODE_890_length_1441_cov_1.223485	NODE_235_length_25389_cov_1.149003	NODE_752_length_2488_cov_1.118716	NODE_183_length_42612_cov_1.202819	NODE_354_length_12537_cov_1.115657	NODE_121_length_72107_cov_1.130734	NODE_134_length_62884_cov_1.144321	NODE_169_length_45684_cov_1.129952	NODE_202_length_34891_cov_1.120420	NODE_251_length_22465_cov_1.127999	NODE_222_length_28876_cov_1.153643	NODE_212_length_32402_cov_1.125833	NODE_152_length_50662_cov_1.165588	NODE_832_length_1747_cov_1.148216
bacillus_virus_bps13_NC_018857.1	NODE_56_length_158289_cov_0.800111
staphylococcus_phage_dw2_NC_024391.1	NODE_115_length_73675_cov_0.282282	NODE_186_length_41931_cov_1.272016	NODE_374_length_11169_cov_0.264301	NODE_556_length_5569_cov_0.253855
prochlorococcus_phage_p_ssp10_NC_020835.1	NODE_162_length_47019_cov_4.246151
achromobacter_virus_83_24_NC_028834.1	NODE_168_length_45694_cov_5.344502
corynebacterium_phage_bfk20_NC_009799.3	NODE_180_length_42967_cov_4.109275
archaeal_bj1_virus_NC_008695.1	NODE_185_length_42263_cov_3.484790
streptococcus_phage_tp_778l_NC_022776.1	NODE_187_length_41752_cov_3.907329
Kuenenia_stuttgartiensis_NZ_CP049055.1	NODE_385_length_10657_cov_0.188497	NODE_638_length_3958_cov_0.226740	NODE_805_length_2000_cov_0.186269	NODE_661_length_3625_cov_0.175514	NODE_239_length_24406_cov_0.186329	NODE_895_length_1421_cov_0.223077	NODE_609_length_4604_cov_0.213027	NODE_505_length_6661_cov_0.175841	NODE_566_length_5355_cov_0.198128	NODE_745_length_2565_cov_0.184124	NODE_858_length_1608_cov_0.330195	NODE_350_length_12764_cov_0.198054	NODE_508_length_6587_cov_0.184349	NODE_594_length_4860_cov_0.748892	NODE_425_length_9047_cov_0.176115	NODE_510_length_6456_cov_0.162273	NODE_876_length_1521_cov_0.160714	NODE_414_length_9424_cov_0.200365	NODE_533_length_6086_cov_0.197988	NODE_667_length_3540_cov_0.166715	NODE_484_length_7317_cov_0.174680	NODE_812_length_1951_cov_0.180328	NODE_547_length_5712_cov_0.175282	NODE_314_length_14661_cov_0.331155	NODE_650_length_3782_cov_0.154329	NODE_703_length_2993_cov_0.164694	NODE_640_length_3918_cov_0.173821	NODE_324_length_14168_cov_0.178615	NODE_598_length_4835_cov_0.170768	NODE_578_length_5125_cov_0.194644	NODE_791_length_2140_cov_0.503715	NODE_816_length_1928_cov_1.805755	NODE_423_length_9142_cov_0.188560	NODE_248_length_23252_cov_0.183390	NODE_726_length_2802_cov_0.176800	NODE_429_length_8964_cov_0.170530	NODE_590_length_4914_cov_0.155644	NODE_825_length_1813_cov_0.195035	NODE_780_length_2214_cov_0.148113	NODE_379_length_11011_cov_0.197521	NODE_384_length_10779_cov_0.178082	NODE_511_length_6426_cov_0.190325	NODE_552_length_5654_cov_0.176577	NODE_870_length_1558_cov_0.233820	NODE_535_length_6021_cov_0.172034	NODE_458_length_8098_cov_0.163470	NODE_558_length_5528_cov_0.187720	NODE_606_length_4679_cov_0.190654	NODE_851_length_1680_cov_0.146248	NODE_611_length_4578_cov_0.238950	NODE_781_length_2203_cov_0.134486	NODE_761_length_2394_cov_0.156181	NODE_676_length_3368_cov_0.133354	NODE_724_length_2810_cov_0.177761	NODE_770_length_2322_cov_0.181736	NODE_252_length_22446_cov_0.183203	NODE_523_length_6208_cov_0.197141	NODE_785_length_2169_cov_0.210449	NODE_451_length_8278_cov_0.170283	NODE_427_length_9006_cov_0.169274	NODE_399_length_9917_cov_0.190384	NODE_665_length_3566_cov_0.198839	NODE_929_length_1138_cov_0.127827	NODE_782_length_2200_cov_0.237133	NODE_284_length_18151_cov_0.175818	NODE_475_length_7527_cov_0.190656	NODE_754_length_2483_cov_0.209992	NODE_315_length_14589_cov_0.186481	NODE_735_length_2718_cov_0.213323	NODE_296_length_16979_cov_0.182406	NODE_669_length_3452_cov_0.160012	NODE_792_length_2138_cov_0.757561	NODE_815_length_1930_cov_0.216142	NODE_572_length_5264_cov_0.201633	NODE_589_length_4921_cov_0.167083	NODE_576_length_5138_cov_0.161451	NODE_218_length_30151_cov_0.191675	NODE_220_length_29835_cov_0.192233	NODE_707_length_2921_cov_0.158214	NODE_728_length_2789_cov_0.170165	NODE_659_length_3657_cov_0.186652	NODE_623_length_4343_cov_0.171720	NODE_583_length_5064_cov_0.192393	NODE_434_length_8802_cov_0.688400	NODE_753_length_2484_cov_0.158273	NODE_711_length_2911_cov_0.198925	NODE_838_length_1706_cov_0.176656	NODE_719_length_2845_cov_0.144640	NODE_721_length_2842_cov_0.210217	NODE_718_length_2852_cov_0.206884	NODE_626_length_4259_cov_0.165297	NODE_921_length_1209_cov_0.906250	NODE_673_length_3385_cov_0.181985	NODE_696_length_3099_cov_0.182673	NODE_321_length_14244_cov_0.188345	NODE_465_length_7734_cov_0.171549	NODE_370_length_11767_cov_0.200670	NODE_862_length_1592_cov_0.214140	NODE_689_length_3217_cov_0.188953	NODE_630_length_4189_cov_0.162979	NODE_866_length_1583_cov_0.171683	NODE_418_length_9253_cov_0.199956	NODE_731_length_2763_cov_0.160106	NODE_306_length_15236_cov_0.162157	NODE_636_length_3974_cov_0.808980	NODE_392_length_10173_cov_0.163649	NODE_588_length_4933_cov_0.181837	NODE_521_length_6291_cov_0.416207	NODE_564_length_5447_cov_0.212730	NODE_802_length_2020_cov_0.200105	NODE_912_length_1283_cov_0.208262	NODE_648_length_3785_cov_0.192959	NODE_898_length_1386_cov_0.126482	NODE_765_length_2368_cov_0.133956	NODE_447_length_8520_cov_0.167758	NODE_742_length_2601_cov_0.183871	NODE_823_length_1816_cov_0.211799	NODE_357_length_12312_cov_0.184152	NODE_776_length_2247_cov_0.131232	NODE_884_length_1480_cov_0.228109	NODE_307_length_15229_cov_0.175073	NODE_226_length_28416_cov_0.177028	NODE_419_length_9195_cov_0.160238	NODE_404_length_9796_cov_0.190491	NODE_408_length_9646_cov_0.196535	NODE_380_length_10997_cov_0.177179	NODE_435_length_8778_cov_0.177660	NODE_340_length_13031_cov_0.202711	NODE_457_length_8129_cov_0.187937	NODE_767_length_2355_cov_0.132050	NODE_335_length_13229_cov_0.158987	NODE_651_length_3754_cov_0.205065	NODE_554_length_5583_cov_0.186928	NODE_463_length_7794_cov_0.208263	NODE_748_length_2553_cov_0.172286	NODE_367_length_11923_cov_0.177597	NODE_473_length_7555_cov_0.162631	NODE_524_length_6187_cov_0.162545	NODE_922_length_1209_cov_0.160846	NODE_459_length_7861_cov_0.200646	NODE_939_length_1069_cov_0.168776	NODE_675_length_3377_cov_0.247850	NODE_325_length_14081_cov_0.188682	NODE_422_length_9143_cov_0.181556	NODE_687_length_3224_cov_0.643571	NODE_705_length_2929_cov_0.199430	NODE_603_length_4751_cov_0.189201	NODE_904_length_1339_cov_0.149425	NODE_568_length_5337_cov_0.169287	NODE_538_length_5959_cov_0.179000	NODE_629_length_4236_cov_0.212394	NODE_546_length_5728_cov_0.182094	NODE_820_length_1844_cov_0.194428	NODE_891_length_1441_cov_0.178030	NODE_295_length_17093_cov_0.180297	NODE_293_length_17261_cov_0.176371	NODE_466_length_7730_cov_0.184124	NODE_614_length_4558_cov_0.169033	NODE_697_length_3090_cov_0.198720	NODE_446_length_8540_cov_0.206794	NODE_334_length_13286_cov_0.199468	NODE_888_length_1461_cov_0.167910	NODE_710_length_2917_cov_0.139485	NODE_744_length_2582_cov_0.177570	NODE_228_length_27646_cov_0.186848	NODE_938_length_1070_cov_0.244468	NODE_431_length_8892_cov_0.180937	NODE_207_length_33338_cov_0.193214	NODE_860_length_1596_cov_0.189831	NODE_868_length_1567_cov_0.168050	NODE_793_length_2132_cov_0.190453	NODE_381_length_10944_cov_0.180726	NODE_653_length_3737_cov_0.196903	NODE_607_length_4665_cov_0.200704	NODE_551_length_5660_cov_0.165914	NODE_223_length_28632_cov_0.175441	NODE_331_length_13413_cov_0.179958	NODE_582_length_5071_cov_0.200808	NODE_339_length_13044_cov_0.178442	NODE_327_length_13707_cov_0.193434	NODE_493_length_7071_cov_0.157410	NODE_813_length_1942_cov_0.170236	NODE_641_length_3918_cov_0.171188	NODE_916_length_1239_cov_0.263864	NODE_500_length_6785_cov_0.166867	NODE_716_length_2859_cov_0.190285	NODE_827_length_1779_cov_0.196019	NODE_918_length_1229_cov_0.157942	NODE_217_length_30305_cov_0.179797	NODE_680_length_3310_cov_0.138915	NODE_483_length_7363_cov_0.179785	NODE_361_length_12020_cov_0.222120	NODE_722_length_2836_cov_0.184530	NODE_834_length_1733_cov_0.179901	NODE_907_length_1327_cov_0.145108	NODE_877_length_1516_cov_0.714695	NODE_857_length_1609_cov_0.199597	NODE_509_length_6522_cov_0.184971	NODE_747_length_2557_cov_0.174056	NODE_897_length_1404_cov_0.155885	NODE_796_length_2113_cov_0.197791	NODE_871_length_1548_cov_0.094604	NODE_502_length_6728_cov_0.192372	NODE_830_length_1752_cov_0.200490	NODE_378_length_11021_cov_0.183578	NODE_439_length_8656_cov_0.169420	NODE_282_length_18317_cov_0.197626	NODE_441_length_8616_cov_0.172454	NODE_604_length_4724_cov_0.156202	NODE_712_length_2894_cov_0.198341	NODE_264_length_20519_cov_0.173595	NODE_528_length_6166_cov_0.143755	NODE_910_length_1306_cov_0.400844	NODE_437_length_8716_cov_0.198371	NODE_467_length_7707_cov_0.177564	NODE_738_length_2683_cov_0.222482	NODE_657_length_3683_cov_0.194273	NODE_391_length_10280_cov_0.218427	NODE_762_length_2391_cov_0.160793	NODE_204_length_34506_cov_0.174175	NODE_913_length_1274_cov_0.180399	NODE_570_length_5327_cov_0.208605	NODE_709_length_2918_cov_0.171255	NODE_941_length_1057_cov_0.229701	NODE_345_length_12918_cov_0.181214	NODE_383_length_10805_cov_0.159678	NODE_714_length_2867_cov_0.182083	NODE_865_length_1584_cov_0.201640	NODE_905_length_1337_cov_0.167763	NODE_245_length_23622_cov_0.170716	NODE_488_length_7186_cov_0.195895	NODE_833_length_1739_cov_0.213226	NODE_449_length_8443_cov_0.196828	NODE_774_length_2287_cov_0.210065	NODE_928_length_1141_cov_0.165686	NODE_610_length_4603_cov_0.191432	NODE_616_length_4545_cov_0.175859	NODE_363_length_12006_cov_0.184518	NODE_900_length_1371_cov_0.199200	NODE_861_length_1593_cov_0.144701	NODE_249_length_22733_cov_0.185831	NODE_599_length_4835_cov_0.169707	NODE_430_length_8934_cov_0.175536	NODE_507_length_6603_cov_0.170935	NODE_504_length_6662_cov_0.178719	NODE_605_length_4689_cov_0.187172	NODE_557_length_5544_cov_0.187719	NODE_415_length_9334_cov_0.195810	NODE_376_length_11072_cov_0.208200	NODE_903_length_1348_cov_0.199674	NODE_518_length_6325_cov_0.176338	NODE_736_length_2707_cov_0.265275	NODE_854_length_1640_cov_0.220540	NODE_855_length_1625_cov_0.123005	NODE_519_length_6324_cov_0.185394	NODE_682_length_3295_cov_0.168557	NODE_209_length_33142_cov_0.179340	NODE_911_length_1290_cov_0.149701	NODE_440_length_8640_cov_0.185585	NODE_448_length_8460_cov_0.185154	NODE_771_length_2318_cov_0.213928	NODE_541_length_5901_cov_0.197059	NODE_516_length_6342_cov_0.186626	NODE_462_length_7829_cov_0.168007	NODE_698_length_3069_cov_0.172659	NODE_273_length_19626_cov_0.192310	NODE_671_length_3423_cov_0.154755	NODE_632_length_4126_cov_0.191760	NODE_352_length_12676_cov_0.193070	NODE_909_length_1321_cov_0.199167	NODE_875_length_1525_cov_0.202991	NODE_784_length_2179_cov_0.166667	NODE_560_length_5476_cov_0.192530	NODE_398_length_9927_cov_0.816031	NODE_464_length_7740_cov_0.187557	NODE_878_length_1510_cov_0.151188	NODE_885_length_1479_cov_0.143594	NODE_343_length_13010_cov_0.175731	NODE_751_length_2490_cov_0.503166	NODE_287_length_18059_cov_0.173598	NODE_777_length_2236_cov_0.191489	NODE_545_length_5783_cov_0.275521	NODE_679_length_3337_cov_0.189677	NODE_662_length_3619_cov_0.163522	NODE_480_length_7388_cov_0.176689	NODE_371_length_11698_cov_0.209640	NODE_879_length_1495_cov_0.192868	NODE_633_length_4114_cov_0.175307	NODE_290_length_17829_cov_0.170149	NODE_486_length_7240_cov_0.166877	NODE_639_length_3949_cov_0.169279	NODE_899_length_1382_cov_0.126883	NODE_276_length_19295_cov_0.187024	NODE_382_length_10841_cov_0.159422	NODE_341_length_13028_cov_0.192531	NODE_737_length_2686_cov_0.165692	NODE_618_length_4517_cov_0.186306	NODE_613_length_4574_cov_0.167528	NODE_652_length_3743_cov_0.218388	NODE_548_length_5698_cov_0.201721	NODE_739_length_2642_cov_2.282428	NODE_775_length_2257_cov_0.154494	NODE_305_length_15236_cov_0.179821	NODE_461_length_7835_cov_0.170729	NODE_654_length_3711_cov_0.188022	NODE_730_length_2765_cov_0.158850	NODE_699_length_3062_cov_0.201292	NODE_886_length_1476_cov_0.236162	NODE_896_length_1411_cov_0.151163	NODE_329_length_13605_cov_0.177247	NODE_366_length_11966_cov_0.195188	NODE_559_length_5509_cov_0.197661	NODE_452_length_8270_cov_0.201006	NODE_302_length_15764_cov_0.183852	NODE_506_length_6616_cov_0.202156	NODE_413_length_9434_cov_0.168367	NODE_257_length_21396_cov_0.192996	NODE_322_length_14217_cov_0.192608	NODE_600_length_4822_cov_0.153159	NODE_469_length_7688_cov_0.198361	NODE_592_length_4871_cov_0.181053	NODE_596_length_4846_cov_0.177778	NODE_894_length_1426_cov_0.145594	NODE_501_length_6736_cov_0.182313	NODE_318_length_14369_cov_0.189079	NODE_794_length_2125_cov_0.173154	NODE_760_length_2401_cov_0.170614	NODE_311_length_14768_cov_0.202635	NODE_869_length_1565_cov_0.155817	NODE_579_length_5124_cov_0.187088	NODE_336_length_13183_cov_0.199127	NODE_543_length_5858_cov_0.154610	NODE_806_length_1994_cov_0.167645	NODE_649_length_3783_cov_0.212452	NODE_443_length_8611_cov_0.177856	NODE_433_length_8824_cov_0.169826	NODE_945_length_1013_cov_0.197309	NODE_932_length_1117_cov_0.135542	NODE_725_length_2808_cov_0.162263	NODE_848_length_1686_cov_0.184026	NODE_526_length_6180_cov_0.198218	NODE_416_length_9329_cov_0.184839	NODE_936_length_1084_cov_0.197300	NODE_389_length_10326_cov_0.179814	NODE_396_length_10027_cov_0.192812	NODE_549_length_5674_cov_0.160814	NODE_412_length_9441_cov_0.178648	NODE_826_length_1788_cov_0.154169	NODE_723_length_2825_cov_0.173817	NODE_472_length_7566_cov_0.196373	NODE_232_length_26513_cov_0.194150	NODE_620_length_4384_cov_0.155993	NODE_758_length_2420_cov_0.200522	NODE_537_length_5964_cov_0.157282	NODE_534_length_6060_cov_0.166358	NODE_530_length_6123_cov_0.193102	NODE_544_length_5791_cov_0.350088	NODE_924_length_1179_cov_0.174858	NODE_280_length_18914_cov_0.182728	NODE_631_length_4159_cov_0.226102	NODE_691_length_3189_cov_0.141786	NODE_847_length_1686_cov_0.232588	NODE_706_length_2923_cov_0.238758	NODE_627_length_4257_cov_0.152079	NODE_256_length_21611_cov_0.199581	NODE_887_length_1462_cov_0.208799	NODE_567_length_5351_cov_0.214340	NODE_442_length_8611_cov_0.195289	NODE_424_length_9121_cov_0.186889	NODE_481_length_7375_cov_0.181004	NODE_208_length_33270_cov_0.181091	NODE_593_length_4864_cov_0.192494	NODE_688_length_3222_cov_0.192519	NODE_628_length_4253_cov_0.196515	NODE_715_length_2867_cov_0.180262	NODE_602_length_4796_cov_0.228021	NODE_693_length_3164_cov_0.189944	NODE_436_length_8758_cov_0.200069	NODE_482_length_7368_cov_0.206154	NODE_520_length_6310_cov_0.175957	NODE_843_length_1699_cov_0.230672	NODE_401_length_9880_cov_0.165283	NODE_565_length_5410_cov_0.166383	NODE_585_length_5015_cov_0.196363	NODE_337_length_13067_cov_0.174340	NODE_238_length_24829_cov_0.185284	NODE_375_length_11140_cov_0.168436	NODE_837_length_1719_cov_0.146433	NODE_808_length_1973_cov_0.184665	NODE_695_length_3116_cov_0.170284	NODE_892_length_1438_cov_0.162491	NODE_495_length_6999_cov_0.199767	NODE_617_length_4542_cov_0.177109	NODE_625_length_4276_cov_0.202166	NODE_740_length_2625_cov_0.179313	NODE_347_length_12843_cov_0.187392	NODE_562_length_5461_cov_0.198876	NODE_700_length_3028_cov_0.154111	NODE_390_length_10311_cov_0.180177	NODE_801_length_2035_cov_0.216301	NODE_450_length_8393_cov_0.187258	NODE_756_length_2425_cov_0.201823	NODE_795_length_2123_cov_0.176823	NODE_540_length_5917_cov_0.178916	NODE_454_length_8175_cov_0.219022	NODE_863_length_1590_cov_0.176991	NODE_683_length_3279_cov_0.180494	NODE_800_length_2040_cov_0.177176	NODE_852_length_1668_cov_0.155139	NODE_686_length_3238_cov_0.194418	NODE_601_length_4812_cov_0.188872	NODE_591_length_4887_cov_0.151909	NODE_561_length_5476_cov_0.170121	NODE_477_length_7497_cov_0.188991	NODE_362_length_12013_cov_0.181046	NODE_674_length_3385_cov_0.151654	NODE_455_length_8163_cov_0.197339	NODE_478_length_7437_cov_0.180837	NODE_555_length_5572_cov_0.179233	NODE_577_length_5126_cov_0.185614	NODE_764_length_2383_cov_0.163572	NODE_373_length_11564_cov_0.179149	NODE_867_length_1579_cov_0.189986	NODE_292_length_17335_cov_0.182468	NODE_608_length_4654_cov_0.176042	NODE_386_length_10534_cov_0.221742	NODE_788_length_2156_cov_0.162162	NODE_372_length_11652_cov_0.184893	NODE_438_length_8657_cov_0.172798	NODE_358_length_12297_cov_0.192263	NODE_191_length_39469_cov_0.189717	NODE_476_length_7499_cov_0.157766	NODE_930_length_1129_cov_0.095238	NODE_236_length_25266_cov_0.191450	NODE_471_length_7601_cov_0.196524	NODE_817_length_1920_cov_0.219566	NODE_563_length_5459_cov_0.188273	NODE_915_length_1244_cov_0.204809	NODE_456_length_8130_cov_0.177550	NODE_880_length_1489_cov_0.192251	NODE_300_length_16010_cov_0.161684	NODE_622_length_4367_cov_0.158738	NODE_670_length_3449_cov_0.150240	NODE_445_length_8574_cov_0.174494	NODE_783_length_2181_cov_0.171359	NODE_658_length_3664_cov_0.225515	NODE_349_length_12775_cov_0.191086	NODE_359_length_12085_cov_0.193414	NODE_778_length_2229_cov_0.185009	NODE_517_length_6341_cov_0.354341	NODE_766_length_2365_cov_0.202763	NODE_485_length_7316_cov_0.198888	NODE_846_length_1689_cov_0.686862	NODE_619_length_4465_cov_0.187615	NODE_660_length_3632_cov_0.178012	NODE_931_length_1127_cov_0.211730	NODE_304_length_15325_cov_0.141476	NODE_494_length_7011_cov_0.178810	NODE_259_length_21213_cov_0.189029	NODE_411_length_9442_cov_0.177663	NODE_407_length_9650_cov_0.254276	NODE_849_length_1686_cov_0.175080	NODE_612_length_4575_cov_0.183655	NODE_513_length_6351_cov_0.202247	NODE_338_length_13054_cov_0.180778	NODE_637_length_3970_cov_2.994284	NODE_377_length_11032_cov_0.174319	NODE_944_length_1030_cov_0.137514	NODE_925_length_1164_cov_0.268456	NODE_889_length_1447_cov_0.165913	NODE_468_length_7691_cov_0.177807	NODE_773_length_2294_cov_0.204786	NODE_809_length_1954_cov_0.207310	NODE_750_length_2506_cov_0.184486	NODE_672_length_3399_cov_0.188530	NODE_532_length_6097_cov_0.182564	NODE_474_length_7530_cov_0.170468	NODE_393_length_10047_cov_0.199375	NODE_926_length_1163_cov_1.204415	NODE_498_length_6812_cov_0.170826	NODE_935_length_1096_cov_0.174359	NODE_732_length_2736_cov_0.199618	NODE_772_length_2304_cov_0.162620	NODE_786_length_2168_cov_0.151441	NODE_356_length_12320_cov_0.196655	NODE_741_length_2625_cov_0.164936	NODE_893_length_1429_cov_0.237003	NODE_531_length_6112_cov_0.169922	NODE_803_length_2018_cov_0.208224	NODE_841_length_1700_cov_0.107663	NODE_237_length_25256_cov_0.180545	NODE_344_length_12932_cov_0.190149	NODE_647_length_3788_cov_0.234524	NODE_828_length_1760_cov_0.242221	NODE_883_length_1481_cov_0.157353	NODE_298_length_16222_cov_0.187380	NODE_406_length_9749_cov_0.203469	NODE_829_length_1754_cov_0.167177	NODE_388_length_10458_cov_0.188643	NODE_749_length_2524_cov_3.070329	NODE_757_length_2424_cov_0.178897	NODE_394_length_10044_cov_0.184319	NODE_360_length_12032_cov_0.182688	NODE_768_length_2341_cov_0.168018	NODE_694_length_3156_cov_0.170346	NODE_353_length_12659_cov_0.187430	NODE_214_length_32108_cov_0.175634	NODE_260_length_20961_cov_0.190259	NODE_491_length_7099_cov_0.183720	NODE_807_length_1984_cov_0.657542	NODE_271_length_19724_cov_0.176504	NODE_499_length_6788_cov_0.169492	NODE_882_length_1481_cov_0.158088	NODE_902_length_1350_cov_0.170871	NODE_550_length_5660_cov_0.184871	NODE_369_length_11802_cov_0.187227	NODE_634_length_4059_cov_0.163535	NODE_704_length_2981_cov_0.177273	NODE_645_length_3883_cov_0.188729	NODE_908_length_1325_cov_0.201827	NODE_479_length_7436_cov_0.268489	NODE_914_length_1266_cov_0.240175
methanobacterium_phage_psim2_NC_001902.1	NODE_233_length_26191_cov_7.448830
ralstonia_virus_rs603_NC_025454.1	NODE_470_length_7678_cov_27.727670
vibrio_virus_ksf1_NC_006294.1	NODE_490_length_7106_cov_29.421761
