Nautilia_profundicola_NC_012115.1	scaffold_178	scaffold_5	scaffold_1156	scaffold_38	scaffold_1888	scaffold_587	scaffold_0	scaffold_1863	scaffold_29
Vibrio_cholerae_NZ_CP060094.1	scaffold_9	scaffold_41	scaffold_14	scaffold_112	scaffold_4	scaffold_49	scaffold_1764	scaffold_56	scaffold_585	scaffold_128	scaffold_18	scaffold_259	scaffold_230	scaffold_1156	scaffold_1194	scaffold_24	scaffold_152	scaffold_1753	scaffold_1803	scaffold_125	scaffold_1	scaffold_51	scaffold_491	scaffold_13	scaffold_54
Prochlorococcus_marinus_GL947594.1	scaffold_482	scaffold_2	scaffold_1156	scaffold_66	scaffold_63	scaffold_71	scaffold_17
Nitrobacter_winogradskyi_NC_007406.1	scaffold_334	scaffold_199	scaffold_311	scaffold_1816	scaffold_446	scaffold_104	scaffold_204	scaffold_301	scaffold_150	scaffold_678	scaffold_490	scaffold_844	scaffold_134	scaffold_1846	scaffold_175	scaffold_1084	scaffold_376	scaffold_588	scaffold_1951	scaffold_359	scaffold_1190	scaffold_623	scaffold_278	scaffold_534	scaffold_389	scaffold_1570	scaffold_1312	scaffold_716	scaffold_335	scaffold_500	scaffold_102	scaffold_349	scaffold_562	scaffold_309	scaffold_12	scaffold_252	scaffold_348	scaffold_384	scaffold_16	scaffold_701	scaffold_1418	scaffold_740	scaffold_101	scaffold_244	scaffold_247	scaffold_171	scaffold_1379	scaffold_840	scaffold_138	scaffold_386	scaffold_1756	scaffold_1857	scaffold_419	scaffold_198	scaffold_375	scaffold_254	scaffold_394	scaffold_213	scaffold_296	scaffold_166	scaffold_1917	scaffold_455	scaffold_103	scaffold_1978	scaffold_168	scaffold_427	scaffold_52	scaffold_315	scaffold_194	scaffold_224	scaffold_225	scaffold_398	scaffold_264	scaffold_1197	scaffold_1638	scaffold_1437	scaffold_6	scaffold_246	scaffold_65	scaffold_1254	scaffold_720	scaffold_383	scaffold_31	scaffold_25	scaffold_59	scaffold_253	scaffold_115	scaffold_553	scaffold_106	scaffold_124	scaffold_42	scaffold_119	scaffold_575	scaffold_413	scaffold_114	scaffold_523	scaffold_378	scaffold_555	scaffold_1571	scaffold_262	scaffold_328	scaffold_495	scaffold_503	scaffold_263	scaffold_81	scaffold_156	scaffold_179
Arcobacter_nitrofigilis_NC_014166.1	scaffold_7	scaffold_20	scaffold_193	scaffold_1742	scaffold_77	scaffold_567	scaffold_1383	scaffold_33	scaffold_169	scaffold_60	scaffold_123	scaffold_454	scaffold_219	scaffold_572	scaffold_32	scaffold_8	scaffold_53	scaffold_151	scaffold_30	scaffold_1156	scaffold_27	scaffold_37	scaffold_62	scaffold_573	scaffold_1386	scaffold_10	scaffold_93	scaffold_1517	scaffold_36	scaffold_363	scaffold_1719	scaffold_669	scaffold_47	scaffold_1743	scaffold_909
Vibrio_cholerae_NZ_CP060095.1	scaffold_9	scaffold_41	scaffold_112	scaffold_1877	scaffold_948	scaffold_1763	scaffold_1313	scaffold_1349	scaffold_1518	scaffold_1123	scaffold_1591	scaffold_629	scaffold_1597	scaffold_1668	scaffold_713	scaffold_19	scaffold_380	scaffold_634	scaffold_979	scaffold_1293	scaffold_1303	scaffold_834	scaffold_545	scaffold_1887	scaffold_18	scaffold_1451	scaffold_1842	scaffold_882	scaffold_1405	scaffold_1000	scaffold_395	scaffold_1733	scaffold_1753	scaffold_1433	scaffold_879	scaffold_873	scaffold_895	scaffold_910	scaffold_1082	scaffold_1802	scaffold_15	scaffold_86	scaffold_26	scaffold_1057	scaffold_484	scaffold_248
Nitrosomonas_europaea_NC_004757.1	scaffold_222	scaffold_208	scaffold_181	scaffold_1376	scaffold_84	scaffold_234	scaffold_1739	scaffold_1986	scaffold_147	scaffold_149	scaffold_174	scaffold_131	scaffold_703	scaffold_183	scaffold_831	scaffold_144	scaffold_126	scaffold_445	scaffold_475	scaffold_61	scaffold_83	scaffold_312	scaffold_189	scaffold_409	scaffold_135	scaffold_226	scaffold_73	scaffold_1563	scaffold_617	scaffold_525	scaffold_74	scaffold_153	scaffold_236	scaffold_1535	scaffold_320	scaffold_370	scaffold_21	scaffold_177	scaffold_173	scaffold_200	scaffold_1014	scaffold_1972	scaffold_1049	scaffold_110	scaffold_1124	scaffold_141	scaffold_283	scaffold_747	scaffold_267	scaffold_1992	scaffold_241	scaffold_190	scaffold_195	scaffold_23	scaffold_1899	scaffold_295	scaffold_146	scaffold_1921	scaffold_492	scaffold_211	scaffold_269	scaffold_1360	scaffold_161	scaffold_627	scaffold_316	scaffold_82	scaffold_210	scaffold_955	scaffold_355	scaffold_145	scaffold_88	scaffold_813	scaffold_120	scaffold_129	scaffold_217	scaffold_143	scaffold_1378	scaffold_314	scaffold_473	scaffold_802
bacillus_virus_bps13_NC_018857.1	scaffold_22
Desulfovibrio_desulfuricans_NZ_CP036295.1	scaffold_268	scaffold_233	scaffold_44	scaffold_185	scaffold_127	scaffold_180	scaffold_58	scaffold_158	scaffold_305	scaffold_282	scaffold_201	scaffold_43	scaffold_69	scaffold_75	scaffold_162	scaffold_1156	scaffold_34	scaffold_130	scaffold_291	scaffold_35	scaffold_45	scaffold_94	scaffold_90	scaffold_528	scaffold_48	scaffold_28	scaffold_68
Pseudomonas_aeruginosa_NZ_CP063237.1	scaffold_285	scaffold_220	scaffold_203	scaffold_749	scaffold_1957	scaffold_96	scaffold_159	scaffold_122	scaffold_276	scaffold_1923	scaffold_249	scaffold_273	scaffold_338	scaffold_64	scaffold_214	scaffold_133	scaffold_512	scaffold_751	scaffold_1068	scaffold_595	scaffold_118	scaffold_113	scaffold_132	scaffold_279	scaffold_969	scaffold_255	scaffold_342	scaffold_242	scaffold_105	scaffold_80	scaffold_40	scaffold_209	scaffold_196	scaffold_78	scaffold_76	scaffold_507	scaffold_478	scaffold_207	scaffold_215	scaffold_155	scaffold_172	scaffold_260	scaffold_1758	scaffold_192	scaffold_206	scaffold_218	scaffold_385	scaffold_91	scaffold_1028	scaffold_116	scaffold_1135	scaffold_97	scaffold_202	scaffold_95	scaffold_322	scaffold_205	scaffold_55	scaffold_100	scaffold_154	scaffold_1948	scaffold_99	scaffold_111	scaffold_286	scaffold_871	scaffold_891	scaffold_70	scaffold_87	scaffold_401	scaffold_1013	scaffold_136	scaffold_459	scaffold_785	scaffold_1156	scaffold_499	scaffold_79	scaffold_197	scaffold_170	scaffold_272	scaffold_1876	scaffold_1746	scaffold_57	scaffold_1959	scaffold_472	scaffold_72	scaffold_799	scaffold_1711	scaffold_527	scaffold_227	scaffold_916	scaffold_182	scaffold_306	scaffold_313	scaffold_176	scaffold_39	scaffold_121	scaffold_187	scaffold_1765	scaffold_167	scaffold_294	scaffold_1178	scaffold_107	scaffold_117	scaffold_184	scaffold_137	scaffold_89	scaffold_1809	scaffold_67	scaffold_157	scaffold_852	scaffold_139	scaffold_341
prochlorococcus_phage_p_ssp10_NC_020835.1	scaffold_140
achromobacter_virus_83_24_NC_028834.1	scaffold_148
corynebacterium_phage_bfk20_NC_009799.3	scaffold_163
archaeal_bj1_virus_NC_008695.1	scaffold_164
streptococcus_phage_tp_778l_NC_022776.1	scaffold_165
Staphylococcus_aureus_CP062279.1	scaffold_261	scaffold_289	scaffold_1874	scaffold_266	scaffold_340	scaffold_842	scaffold_429	scaffold_330	scaffold_684	scaffold_361	scaffold_258	scaffold_321	scaffold_240	scaffold_358	scaffold_477	scaffold_598	scaffold_351	scaffold_403	scaffold_546	scaffold_656	scaffold_324	scaffold_667	scaffold_1325	scaffold_270	scaffold_271	scaffold_610	scaffold_1051	scaffold_1074	scaffold_407	scaffold_377	scaffold_635	scaffold_1759	scaffold_336	scaffold_919	scaffold_517	scaffold_1791	scaffold_1858	scaffold_496	scaffold_243	scaffold_299	scaffold_345	scaffold_453	scaffold_228	scaffold_648	scaffold_508	scaffold_602	scaffold_1508	scaffold_381	scaffold_216	scaffold_818	scaffold_1165	scaffold_851	scaffold_809	scaffold_557	scaffold_649	scaffold_365	scaffold_329	scaffold_486	scaffold_1096	scaffold_547	scaffold_344	scaffold_501	scaffold_801	scaffold_593	scaffold_393	scaffold_732	scaffold_1006	scaffold_1134	scaffold_237	scaffold_411	scaffold_538	scaffold_807	scaffold_549	scaffold_331	scaffold_591	scaffold_433	scaffold_437	scaffold_1220	scaffold_1395	scaffold_250	scaffold_387	scaffold_622	scaffold_1430	scaffold_212	scaffold_1174	scaffold_392	scaffold_626	scaffold_1740	scaffold_483	scaffold_350	scaffold_406	scaffold_332	scaffold_981	scaffold_352	scaffold_1233	scaffold_1539	scaffold_457	scaffold_604	scaffold_835	scaffold_618	scaffold_443	scaffold_596	scaffold_521	scaffold_601	scaffold_938	scaffold_509	scaffold_1193	scaffold_356	scaffold_423	scaffold_415	scaffold_1241	scaffold_999	scaffold_583	scaffold_1671	scaffold_1701	scaffold_1780	scaffold_231	scaffold_368	scaffold_288	scaffold_906	scaffold_571	scaffold_308	scaffold_943	scaffold_1212	scaffold_1116	scaffold_1200	scaffold_399	scaffold_1146	scaffold_310	scaffold_885	scaffold_1478	scaffold_390	scaffold_1245	scaffold_1947	scaffold_337	scaffold_552	scaffold_1161	scaffold_926	scaffold_435	scaffold_239	scaffold_469	scaffold_848	scaffold_464	scaffold_493	scaffold_374	scaffold_391	scaffold_245	scaffold_505	scaffold_643	scaffold_1772	scaffold_304	scaffold_1745	scaffold_1903	scaffold_460	scaffold_372	scaffold_1568	scaffold_456	scaffold_465	scaffold_1849	scaffold_280	scaffold_284	scaffold_417	scaffold_223	scaffold_426	scaffold_431	scaffold_471	scaffold_569	scaffold_581	scaffold_300	scaffold_362	scaffold_494	scaffold_690	scaffold_1283	scaffold_371	scaffold_1133	scaffold_235	scaffold_1001	scaffold_343	scaffold_424	scaffold_592	scaffold_489	scaffold_221	scaffold_302	scaffold_522	scaffold_1173	scaffold_1412	scaffold_1761	scaffold_815	scaffold_874	scaffold_354	scaffold_364	scaffold_412	scaffold_578	scaffold_1156	scaffold_1828	scaffold_307	scaffold_397	scaffold_570	scaffold_561	scaffold_1653	scaffold_440	scaffold_323	scaffold_434	scaffold_463	scaffold_277	scaffold_438	scaffold_408	scaffold_1559	scaffold_754	scaffold_526	scaffold_597	scaffold_611	scaffold_274	scaffold_326	scaffold_673	scaffold_1853	scaffold_414	scaffold_531	scaffold_1540	scaffold_619	scaffold_388	scaffold_663	scaffold_1491	scaffold_191	scaffold_577	scaffold_558	scaffold_677	scaffold_1833	scaffold_1355	scaffold_1385	scaffold_396	scaffold_405	scaffold_360	scaffold_530	scaffold_789	scaffold_1034	scaffold_1934	scaffold_400	scaffold_641	scaffold_442	scaffold_416	scaffold_548	scaffold_1128	scaffold_458	scaffold_1880	scaffold_319	scaffold_281	scaffold_256	scaffold_432	scaffold_333	scaffold_448	scaffold_1956	scaffold_251	scaffold_290	scaffold_651	scaffold_642	scaffold_1827	scaffold_786	scaffold_574	scaffold_996	scaffold_428	scaffold_1905	scaffold_298	scaffold_303	scaffold_238	scaffold_367	scaffold_425	scaffold_551	scaffold_232	scaffold_357	scaffold_584	scaffold_1143	scaffold_1215	scaffold_1435	scaffold_1895	scaffold_410	scaffold_1534	scaffold_921	scaffold_382	scaffold_565	scaffold_1714	scaffold_318	scaffold_346	scaffold_369	scaffold_366	scaffold_502	scaffold_297	scaffold_421	scaffold_516	scaffold_717	scaffold_1100	scaffold_339	scaffold_1636	scaffold_929
methanobacterium_phage_psim2_NC_001902.1	scaffold_275
staphylococcus_phage_dw2_NC_024391.1	scaffold_292	scaffold_481	scaffold_1162	scaffold_510	scaffold_857
Kuenenia_stuttgartiensis_NZ_CP049055.1	scaffold_1810	scaffold_750	scaffold_830	scaffold_781	scaffold_1335	scaffold_1646	scaffold_1801	scaffold_1065	scaffold_892	scaffold_1107	scaffold_1448	scaffold_1736	scaffold_1777	scaffold_620	scaffold_1882	scaffold_1627	scaffold_519	scaffold_847	scaffold_1652	scaffold_1314	scaffold_603	scaffold_966	scaffold_1288	scaffold_1407	scaffold_1427	scaffold_671	scaffold_761	scaffold_1648	scaffold_1706	scaffold_1225	scaffold_1224	scaffold_1953	scaffold_1829	scaffold_1444	scaffold_1681	scaffold_689	scaffold_1752	scaffold_1108	scaffold_1602	scaffold_1206	scaffold_1625	scaffold_1547	scaffold_1966	scaffold_800	scaffold_822	scaffold_1229	scaffold_524	scaffold_923	scaffold_1130	scaffold_1093	scaffold_1246	scaffold_1502	scaffold_1042	scaffold_1738	scaffold_1924	scaffold_1370	scaffold_1388	scaffold_1529	scaffold_666	scaffold_1894	scaffold_927	scaffold_504	scaffold_823	scaffold_544	scaffold_1664	scaffold_1270	scaffold_760	scaffold_1067	scaffold_1601	scaffold_858	scaffold_1552	scaffold_1697	scaffold_1778	scaffold_1054	scaffold_1047	scaffold_1397	scaffold_1884	scaffold_1885	scaffold_1198	scaffold_1577	scaffold_1338	scaffold_1922	scaffold_702	scaffold_932	scaffold_1373	scaffold_795	scaffold_1442	scaffold_1662	scaffold_1080	scaffold_1754	scaffold_1682	scaffold_1305	scaffold_1322	scaffold_856	scaffold_1247	scaffold_379	scaffold_1285	scaffold_1640	scaffold_1441	scaffold_1868	scaffold_1447	scaffold_1666	scaffold_1432	scaffold_1968	scaffold_1255	scaffold_1617	scaffold_838	scaffold_513	scaffold_1218	scaffold_1148	scaffold_1237	scaffold_876	scaffold_1267	scaffold_1663	scaffold_1730	scaffold_1453	scaffold_1239	scaffold_580	scaffold_1070	scaffold_1045	scaffold_1514	scaffold_1954	scaffold_1984	scaffold_952	scaffold_1694	scaffold_628	scaffold_1328	scaffold_1565	scaffold_1025	scaffold_1445	scaffold_1184	scaffold_1281	scaffold_1462	scaffold_902	scaffold_1493	scaffold_646	scaffold_752	scaffold_1501	scaffold_655	scaffold_832	scaffold_1929	scaffold_1077	scaffold_1893	scaffold_825	scaffold_668	scaffold_1933	scaffold_863	scaffold_1308	scaffold_951	scaffold_778	scaffold_925	scaffold_1113	scaffold_864	scaffold_1309	scaffold_1317	scaffold_1320	scaffold_1340	scaffold_1053	scaffold_905	scaffold_1189	scaffold_839	scaffold_625	scaffold_985	scaffold_1289	scaffold_1560	scaffold_1656	scaffold_953	scaffold_1030	scaffold_1179	scaffold_449	scaffold_1572	scaffold_1751	scaffold_1044	scaffold_1677	scaffold_1244	scaffold_728	scaffold_1734	scaffold_590	scaffold_995	scaffold_1119	scaffold_1226	scaffold_1345	scaffold_1710	scaffold_1748	scaffold_917	scaffold_1717	scaffold_1716	scaffold_1265	scaffold_589	scaffold_924	scaffold_1728	scaffold_1236	scaffold_961	scaffold_766	scaffold_1420	scaffold_1410	scaffold_1688	scaffold_608	scaffold_693	scaffold_727	scaffold_972	scaffold_612	scaffold_600	scaffold_1050	scaffold_1205	scaffold_1248	scaffold_1496	scaffold_1867	scaffold_1871	scaffold_1431	scaffold_1374	scaffold_1793	scaffold_887	scaffold_1120	scaffold_1826	scaffold_599	scaffold_1676	scaffold_914	scaffold_1555	scaffold_1402	scaffold_1692	scaffold_1527	scaffold_418	scaffold_711	scaffold_1715	scaffold_1940	scaffold_615	scaffold_949	scaffold_1486	scaffold_1421	scaffold_1300	scaffold_1931	scaffold_912	scaffold_1620	scaffold_630	scaffold_1403	scaffold_725	scaffold_794	scaffold_1472	scaffold_1915	scaffold_1859	scaffold_1073	scaffold_1297	scaffold_1031	scaffold_515	scaffold_1832	scaffold_959	scaffold_738	scaffold_1268	scaffold_1641	scaffold_586	scaffold_1732	scaffold_970	scaffold_991	scaffold_1489	scaffold_1977	scaffold_1020	scaffold_1186	scaffold_1188	scaffold_1473	scaffold_1426	scaffold_1865	scaffold_1487	scaffold_1271	scaffold_1250	scaffold_1722	scaffold_1159	scaffold_1428	scaffold_843	scaffold_1284	scaffold_1817	scaffold_1512	scaffold_1768	scaffold_777	scaffold_1007	scaffold_722	scaffold_1799	scaffold_1060	scaffold_1585	scaffold_724	scaffold_1845	scaffold_687	scaffold_691	scaffold_1592	scaffold_1815	scaffold_861	scaffold_958	scaffold_1354	scaffold_894	scaffold_1687	scaffold_1380	scaffold_1147	scaffold_1470	scaffold_1216	scaffold_1452	scaffold_1342	scaffold_1639	scaffold_1896	scaffold_783	scaffold_613	scaffold_1048	scaffold_452	scaffold_805	scaffold_997	scaffold_1122	scaffold_1575	scaffold_675	scaffold_990	scaffold_1071	scaffold_770	scaffold_543	scaffold_1952	scaffold_1960	scaffold_640	scaffold_672	scaffold_1578	scaffold_662	scaffold_541	scaffold_1651	scaffold_758	scaffold_1524	scaffold_1089	scaffold_1967	scaffold_1105	scaffold_1019	scaffold_1321	scaffold_1520	scaffold_862	scaffold_1121	scaffold_1272	scaffold_1346	scaffold_814	scaffold_1058	scaffold_1480	scaffold_1812	scaffold_1928	scaffold_1307	scaffold_1818	scaffold_1145	scaffold_1579	scaffold_705	scaffold_1400	scaffold_768	scaffold_1296	scaffold_1114	scaffold_1413	scaffold_1770	scaffold_1911	scaffold_775	scaffold_1851	scaffold_745	scaffold_1762	scaffold_1918	scaffold_1011	scaffold_1713	scaffold_769	scaffold_1852	scaffold_1005	scaffold_1926	scaffold_1769	scaffold_639	scaffold_837	scaffold_1995	scaffold_1521	scaffold_697	scaffold_1586	scaffold_922	scaffold_1483	scaffold_1459	scaffold_886	scaffold_1230	scaffold_1149	scaffold_1574	scaffold_1594	scaffold_1779	scaffold_1786	scaffold_896	scaffold_880	scaffold_1343	scaffold_1658	scaffold_1838	scaffold_1919	scaffold_1223	scaffold_1914	scaffold_1168	scaffold_1976	scaffold_792	scaffold_1203	scaffold_788	scaffold_1631	scaffold_1038	scaffold_1649	scaffold_1384	scaffold_1718	scaffold_638	scaffold_1180	scaffold_682	scaffold_1889	scaffold_1614	scaffold_1619	scaffold_1337	scaffold_1366	scaffold_850	scaffold_1720	scaffold_817	scaffold_1551	scaffold_1789	scaffold_1615	scaffold_1804	scaffold_964	scaffold_900	scaffold_461	scaffold_1202	scaffold_1782	scaffold_1979	scaffold_444	scaffold_1091	scaffold_1872	scaffold_1153	scaffold_1256	scaffold_1468	scaffold_1404	scaffold_1805	scaffold_1463	scaffold_771	scaffold_884	scaffold_936	scaffold_1017	scaffold_1965	scaffold_709	scaffold_556	scaffold_872	scaffold_1558	scaffold_1946	scaffold_1187	scaffold_476	scaffold_665	scaffold_1299	scaffold_1550	scaffold_1533	scaffold_1127	scaffold_901	scaffold_945	scaffold_963	scaffold_1516	scaffold_1367	scaffold_520	scaffold_1375	scaffold_1490	scaffold_594	scaffold_1155	scaffold_1726	scaffold_1485	scaffold_1910	scaffold_1944	scaffold_1955	scaffold_1492	scaffold_1850	scaffold_1422	scaffold_1606	scaffold_1626	scaffold_1862	scaffold_1377	scaffold_1554	scaffold_742	scaffold_1536	scaffold_1069	scaffold_1983	scaffold_819	scaffold_1621	scaffold_1210	scaffold_723	scaffold_1301	scaffold_1234	scaffold_1275	scaffold_676	scaffold_1393	scaffold_1443	scaffold_1624	scaffold_1670	scaffold_1861	scaffold_1913	scaffold_1027	scaffold_529	scaffold_977	scaffold_1484	scaffold_787	scaffold_1417	scaffold_1825	scaffold_1008	scaffold_1500	scaffold_644	scaffold_450	scaffold_1261	scaffold_1292	scaffold_974	scaffold_1958	scaffold_1509	scaffold_1873	scaffold_699	scaffold_1582	scaffold_763	scaffold_1781	scaffold_1564	scaffold_1541	scaffold_1932	scaffold_971	scaffold_657	scaffold_1504	scaffold_1608	scaffold_514	scaffold_1790	scaffold_1723	scaffold_1757	scaffold_918	scaffold_1037	scaffold_988	scaffold_1650	scaffold_1097	scaffold_1240	scaffold_1026	scaffold_698	scaffold_904	scaffold_984	scaffold_1249	scaffold_1398	scaffold_1494	scaffold_1644	scaffold_1878	scaffold_1935	scaffold_772	scaffold_1466	scaffold_696	scaffold_931	scaffold_1696	scaffold_898	scaffold_1290	scaffold_1368	scaffold_1659	scaffold_1152	scaffold_664	scaffold_1528	scaffold_748	scaffold_1183	scaffold_1891	scaffold_1221	scaffold_1333	scaffold_1883	scaffold_1258	scaffold_373	scaffold_913	scaffold_1450	scaffold_1573	scaffold_1712	scaffold_915	scaffold_1214	scaffold_1352	scaffold_1167	scaffold_1964	scaffold_967	scaffold_533	scaffold_681	scaffold_1419	scaffold_1604	scaffold_1669	scaffold_1700	scaffold_1823	scaffold_1424	scaffold_1059	scaffold_1287	scaffold_636	scaffold_1392	scaffold_1628	scaffold_1822	scaffold_726	scaffold_532	scaffold_1824	scaffold_1982	scaffold_1262	scaffold_1294	scaffold_1204	scaffold_1434	scaffold_466	scaffold_1622	scaffold_1055	scaffold_1460	scaffold_1755	scaffold_1635	scaffold_731	scaffold_1332	scaffold_941	scaffold_889	scaffold_1455	scaffold_1411	scaffold_1458	scaffold_498	scaffold_1150	scaffold_845	scaffold_1783	scaffold_829	scaffold_975	scaffold_759	scaffold_1347	scaffold_1613	scaffold_1099	scaffold_537	scaffold_935	scaffold_1076	scaffold_1276	scaffold_1543	scaffold_1095	scaffold_1102	scaffold_1416	scaffold_624	scaffold_1709	scaffold_993	scaffold_645	scaffold_1104	scaffold_1440	scaffold_1879	scaffold_1660	scaffold_1855	scaffold_1474	scaffold_1364	scaffold_1689	scaffold_1273	scaffold_780	scaffold_1052	scaffold_908	scaffold_1243	scaffold_1072	scaffold_1094	scaffold_1253	scaffold_1260	scaffold_1362	scaffold_1390	scaffold_1464	scaffold_1394	scaffold_1654	scaffold_1329	scaffold_1015	scaffold_1339	scaffold_821	scaffold_1844	scaffold_1870	scaffold_1083	scaffold_1252	scaffold_1185	scaffold_1465	scaffold_756	scaffold_1881	scaffold_1744	scaffold_1350	scaffold_1274	scaffold_631	scaffold_568	scaffold_1154	scaffold_1542	scaffold_1043	scaffold_712	scaffold_1634	scaffold_824	scaffold_1238	scaffold_1157	scaffold_1963	scaffold_1981	scaffold_1643	scaffold_1331	scaffold_1344	scaffold_660	scaffold_816	scaffold_1707	scaffold_1830	scaffold_1510	scaffold_692	scaffold_836	scaffold_1499	scaffold_1616	scaffold_1680	scaffold_1747	scaffold_1228	scaffold_743	scaffold_1721	scaffold_658	scaffold_954	scaffold_730	scaffold_1163	scaffold_1784	scaffold_741	scaffold_854	scaffold_976	scaffold_798	scaffold_1046	scaffold_1286	scaffold_1549	scaffold_1208	scaffold_1336	scaffold_803	scaffold_1519	scaffold_1593	scaffold_1062	scaffold_1166	scaffold_1837	scaffold_1023	scaffold_1684	scaffold_1949	scaffold_1693	scaffold_986	scaffold_1557	scaffold_1975	scaffold_1201	scaffold_1302	scaffold_1035	scaffold_1546	scaffold_1969	scaffold_1106	scaffold_1326	scaffold_1612	scaffold_933	scaffold_1985	scaffold_1029	scaffold_605	scaffold_1548	scaffold_1814	scaffold_1488	scaffold_1131	scaffold_1708	scaffold_1280	scaffold_903	scaffold_1690	scaffold_911	scaffold_1040	scaffold_1438	scaffold_765	scaffold_1295	scaffold_647	scaffold_683	scaffold_715	scaffold_737	scaffold_579	scaffold_1399	scaffold_1596	scaffold_1101	scaffold_1771	scaffold_1843	scaffold_944	scaffold_1036	scaffold_1304	scaffold_1010	scaffold_1158	scaffold_1525	scaffold_1389	scaffold_1142	scaffold_1481	scaffold_1515	scaffold_564	scaffold_718	scaffold_735	scaffold_1177	scaffold_1242	scaffold_1446	scaffold_1192	scaffold_721	scaffold_719	scaffold_950	scaffold_1425	scaffold_1371	scaffold_1886	scaffold_1109	scaffold_1741	scaffold_1111	scaffold_994	scaffold_637	scaffold_1132	scaffold_1439	scaffold_1942	scaffold_1890	scaffold_940	scaffold_868	scaffold_1482	scaffold_1589	scaffold_1994	scaffold_1581	scaffold_1171	scaffold_679	scaffold_811	scaffold_1785	scaffold_1538	scaffold_1590	scaffold_441	scaffold_808	scaffold_1396	scaffold_890	scaffold_1461	scaffold_1655	scaffold_1800	scaffold_1820	scaffold_1291	scaffold_869	scaffold_1702	scaffold_1506	scaffold_1901	scaffold_1251	scaffold_1553	scaffold_1176	scaffold_1807	scaffold_1576	scaffold_878	scaffold_1900	scaffold_1361	scaffold_942	scaffold_1503	scaffold_1311	scaffold_1087	scaffold_480	scaffold_1222	scaffold_841	scaffold_402	scaffold_1117	scaffold_1906	scaffold_1569	scaffold_576	scaffold_1138	scaffold_1160	scaffold_1727	scaffold_1607	scaffold_1039	scaffold_729	scaffold_1141	scaffold_1531	scaffold_497	scaffold_1003	scaffold_1199	scaffold_1724	scaffold_1993	scaffold_1760	scaffold_1683	scaffold_1497	scaffold_1476	scaffold_1750	scaffold_883	scaffold_1776	scaffold_670	scaffold_937	scaffold_1315	scaffold_1507	scaffold_1561	scaffold_1703	scaffold_978	scaffold_1866	scaffold_736	scaffold_962	scaffold_1263	scaffold_1327	scaffold_1834	scaffold_1618	scaffold_1679	scaffold_734	scaffold_607	scaffold_653	scaffold_907	scaffold_1864	scaffold_867	scaffold_1941	scaffold_1353	scaffold_1847	scaffold_1456	scaffold_1348	scaffold_1588	scaffold_1629	scaffold_1907	scaffold_1642	scaffold_1235	scaffold_1795	scaffold_1725	scaffold_1009	scaffold_606	scaffold_1522	scaffold_511	scaffold_1129	scaffold_1595	scaffold_1840	scaffold_1974	scaffold_1505	scaffold_1282	scaffold_849	scaffold_1382	scaffold_1316	scaffold_1211	scaffold_1973	scaffold_855	scaffold_1735	scaffold_1231	scaffold_1365	scaffold_1033	scaffold_774	scaffold_791	scaffold_762	scaffold_965	scaffold_987	scaffold_790	scaffold_1140	scaffold_1609	scaffold_1610	scaffold_989	scaffold_518	scaffold_1103	scaffold_1526	scaffold_1927	scaffold_614	scaffold_700	scaffold_1063	scaffold_1811	scaffold_1207	scaffold_1064	scaffold_733	scaffold_1323	scaffold_739	scaffold_1567	scaffold_1632	scaffold_621	scaffold_1908	scaffold_1831	scaffold_764	scaffold_1792	scaffold_1330	scaffold_1773	scaffold_1457	scaffold_680	scaffold_1341	scaffold_767	scaffold_870	scaffold_616	scaffold_1545	scaffold_559	scaffold_1118	scaffold_893	scaffold_1195	scaffold_1737	scaffold_1798	scaffold_1085	scaffold_710	scaffold_1227	scaffold_1363	scaffold_1774	scaffold_1359	scaffold_1869	scaffold_1232	scaffold_797	scaffold_1675	scaffold_1495	scaffold_650	scaffold_1266	scaffold_947	scaffold_1391	scaffold_888	scaffold_686	scaffold_1511	scaffold_1875	scaffold_846	scaffold_1939	scaffold_1699	scaffold_1081	scaffold_877	scaffold_1698	scaffold_804	scaffold_1021	scaffold_1704	scaffold_1429	scaffold_1467	scaffold_1806	scaffold_1217	scaffold_860	scaffold_706	scaffold_1532	scaffold_1310	scaffold_632	scaffold_1537	scaffold_1950	scaffold_1264	scaffold_757	scaffold_998	scaffold_1172	scaffold_1471	scaffold_1665	scaffold_1920	scaffold_828	scaffold_1988	scaffold_1151	scaffold_1056	scaffold_746	scaffold_875	scaffold_1351	scaffold_1513	scaffold_1841	scaffold_1897	scaffold_1667	scaffold_554	scaffold_1686	scaffold_1269	scaffold_566	scaffold_1016	scaffold_1369	scaffold_659	scaffold_881	scaffold_956	scaffold_957	scaffold_609	scaffold_1623	scaffold_1749	scaffold_960	scaffold_1298	scaffold_708	scaffold_1587	scaffold_1848	scaffold_1962	scaffold_1729	scaffold_1319	scaffold_1209	scaffold_430	scaffold_1259	scaffold_1705	scaffold_973	scaffold_582	scaffold_694	scaffold_1436	scaffold_1530	scaffold_685	scaffold_1423	scaffold_1409	scaffold_1219	scaffold_1414	scaffold_1454	scaffold_1556	scaffold_1904	scaffold_1584	scaffold_1645	scaffold_1112	scaffold_1603	scaffold_968	scaffold_1909	scaffold_773	scaffold_866	scaffold_1600	scaffold_1182	scaffold_1387	scaffold_1191	scaffold_1583	scaffold_1061	scaffold_1408	scaffold_506	scaffold_1691	scaffold_487	scaffold_1937	scaffold_1990	scaffold_1092	scaffold_1110	scaffold_1819	scaffold_1925	scaffold_1961	scaffold_1164	scaffold_779	scaffold_1126	scaffold_1136	scaffold_782	scaffold_1479	scaffold_633	scaffold_753	scaffold_535	scaffold_920	scaffold_1971	scaffold_1357	scaffold_1633	scaffold_1196	scaffold_1306	scaffold_1278	scaffold_859	scaffold_1406	scaffold_1661	scaffold_1334	scaffold_946	scaffold_980	scaffold_1002	scaffold_1137	scaffold_1836	scaffold_1808	scaffold_652	scaffold_1672	scaffold_1125	scaffold_827	scaffold_1892	scaffold_404	scaffold_1936	scaffold_661	scaffold_1775	scaffold_1580	scaffold_812	scaffold_755	scaffold_1821	scaffold_1989	scaffold_695	scaffold_1090	scaffold_1381	scaffold_1144
ralstonia_virus_rs603_NC_025454.1	scaffold_422
vibrio_virus_ksf1_NC_006294.1	scaffold_451
