Assembly	# misassemblies	  # contig misassemblies	    # c. relocations	    # c. translocations	    # c. inversions	    # c. interspecies translocations	  # scaffold misassemblies	    # s. relocations	    # s. translocations	    # s. inversions	    # s. interspecies translocations	# misassembled contigs	Misassembled contigs length	# possibly misassembled contigs	    # possible misassemblies	# local misassemblies	# scaffold gap ext. mis.	# scaffold gap loc. mis.	# unaligned mis. contigs	# mismatches	# indels	    # indels (<= 5 bp)	    # indels (> 5 bp)	Indels length
spades_assembly	353	336	335	1	0	0	17	17	0	0	0	209	12683879	147	459	413	35	527	40	135762	10331	8502	1829	54657
spades_assembly.m1000	343	326	325	1	0	0	17	17	0	0	0	200	12677758	146	458	405	35	526	34	135390	10298	8479	1819	54316
idbaud_assembly	355	355	335	1	19	0	0	0	0	0	0	301	5548016	209	388	635	1	42	60	101588	7258	6664	594	24177
idbaud_assembly.m1000	275	275	267	0	8	0	0	0	0	0	0	225	5494462	192	371	618	1	42	50	98006	7016	6446	570	23044
