Nautilia_profundicola	1739716	1.172445
Nautilia_profundicola	251694	1.181646
Nautilia_profundicola	245352	1.176462
Nautilia_profundicola	139666	1.181913
Nautilia_profundicola	110047	1.162155
Nautilia_profundicola	42779	1.585353
Nautilia_profundicola	1689	1.173469
Vibrio_cholerae	793561	0.517196
Vibrio_cholerae	451440	0.520754
Vibrio_cholerae	355268	0.517256
Vibrio_cholerae	625988	0.524032
Vibrio_cholerae	283234	0.520015
Vibrio_cholerae	246376	0.518280
Vibrio_cholerae	103037	0.534214
Vibrio_cholerae	53783	0.529704
Vibrio_cholerae	46001	0.503989
Vibrio_cholerae	22045	0.518062
Vibrio_cholerae	39592	0.534163
Vibrio_cholerae	6921	0.713824
Vibrio_cholerae	6224	0.524660
Vibrio_cholerae	6886	0.598550
Vibrio_cholerae	760	0.446009
Vibrio_cholerae	725	0.504967
Arcobacter_nitrofigilis	607162	1.000802
Arcobacter_nitrofigilis	392609	1.038712
Arcobacter_nitrofigilis	361152	0.994737
Arcobacter_nitrofigilis	276589	1.002243
Arcobacter_nitrofigilis	250319	0.996846
Arcobacter_nitrofigilis	237323	1.010459
Arcobacter_nitrofigilis	195601	0.998394
Arcobacter_nitrofigilis	148200	0.989520
Arcobacter_nitrofigilis	140564	0.998099
Arcobacter_nitrofigilis	120051	0.999250
Arcobacter_nitrofigilis	103162	0.990538
Arcobacter_nitrofigilis	96868	0.989085
Arcobacter_nitrofigilis	70145	1.006926
Arcobacter_nitrofigilis	67569	0.966048
Arcobacter_nitrofigilis	90144	1.043081
Arcobacter_nitrofigilis	16153	0.948353
Arcobacter_nitrofigilis	13997	0.964313
Arcobacter_nitrofigilis	7094	0.981213
Arcobacter_nitrofigilis	3198	1.000650
Arcobacter_nitrofigilis	1952	1.976516
Arcobacter_nitrofigilis	1949	1.404918
Arcobacter_nitrofigilis	1691	0.905732
Arcobacter_nitrofigilis	801	1.007353
Arcobacter_nitrofigilis	522	1.094763
Pseudomonas_aeruginosa	820761	0.375614
Pseudomonas_aeruginosa	362900	0.372504
Pseudomonas_aeruginosa	329775	0.372371
Pseudomonas_aeruginosa	639848	0.377035
Pseudomonas_aeruginosa	554192	0.371300
Pseudomonas_aeruginosa	254922	0.376185
Pseudomonas_aeruginosa	246000	0.371048
Pseudomonas_aeruginosa	426535	0.379140
Pseudomonas_aeruginosa	208009	0.371404
Pseudomonas_aeruginosa	403377	0.374426
Pseudomonas_aeruginosa	393076	0.376088
Pseudomonas_aeruginosa	347270	0.375261
Pseudomonas_aeruginosa	178667	0.385077
Pseudomonas_aeruginosa	312480	0.378762
Pseudomonas_aeruginosa	288614	0.372051
Pseudomonas_aeruginosa	310270	0.381927
Pseudomonas_aeruginosa	150544	0.376107
Pseudomonas_aeruginosa	131025	0.376892
Pseudomonas_aeruginosa	259650	0.371515
Pseudomonas_aeruginosa	117803	0.372382
Pseudomonas_aeruginosa	225665	0.377380
Pseudomonas_aeruginosa	214063	0.378037
Pseudomonas_aeruginosa	164815	0.369825
Pseudomonas_aeruginosa	176877	0.358743
Pseudomonas_aeruginosa	95933	0.367818
Pseudomonas_aeruginosa	91251	0.379357
Pseudomonas_aeruginosa	182361	0.379205
Pseudomonas_aeruginosa	153973	0.368702
Pseudomonas_aeruginosa	77899	0.382490
Pseudomonas_aeruginosa	74059	0.376329
Pseudomonas_aeruginosa	64406	0.381663
Pseudomonas_aeruginosa	57489	0.366754
Pseudomonas_aeruginosa	105464	0.381354
Pseudomonas_aeruginosa	74674	0.382119
Pseudomonas_aeruginosa	85229	0.373412
Pseudomonas_aeruginosa	36161	0.390641
Pseudomonas_aeruginosa	56959	0.369926
Pseudomonas_aeruginosa	32067	0.372131
Pseudomonas_aeruginosa	62506	0.381851
Pseudomonas_aeruginosa	27779	0.389074
Pseudomonas_aeruginosa	48837	0.392416
Pseudomonas_aeruginosa	23258	0.452200
Pseudomonas_aeruginosa	14382	0.364140
Pseudomonas_aeruginosa	14370	0.378904
Pseudomonas_aeruginosa	13399	0.373371
Pseudomonas_aeruginosa	5260	0.415521
Pseudomonas_aeruginosa	5233	0.336854
Pseudomonas_aeruginosa	3150	0.294754
Pseudomonas_aeruginosa	2804	0.398259
Pseudomonas_aeruginosa	2694	0.329558
Pseudomonas_aeruginosa	851	0.470968
Pseudomonas_aeruginosa	544	0.390071
Vibrio_cholerae	299325	0.521995
Vibrio_cholerae	19743	0.514474
Vibrio_cholerae	12487	0.582777
Vibrio_cholerae	43038	0.548911
Vibrio_cholerae	10484	0.541253
Vibrio_cholerae	9344	0.567381
Vibrio_cholerae	8989	0.517140
Vibrio_cholerae	9748	0.576365
Vibrio_cholerae	13901	0.662088
Vibrio_cholerae	13532	0.617865
Vibrio_cholerae	5580	0.495012
Vibrio_cholerae	7061	0.509207
Vibrio_cholerae	4973	0.720322
Vibrio_cholerae	3295	0.474795
Vibrio_cholerae	3272	0.434465
Vibrio_cholerae	3082	0.619476
Vibrio_cholerae	2415	0.492589
Vibrio_cholerae	1925	0.687599
Vibrio_cholerae	2895	0.701713
Vibrio_cholerae	1710	0.550969
Vibrio_cholerae	1600	0.476673
Vibrio_cholerae	991	0.591954
Vibrio_cholerae	837	0.480501
Vibrio_cholerae	637	0.496479
Nitrobacter_winogradskyi	252595	0.642691
Nitrobacter_winogradskyi	479733	0.671082
Nitrobacter_winogradskyi	235388	0.656998
Nitrobacter_winogradskyi	179569	0.671208
Nitrobacter_winogradskyi	149231	0.651754
Nitrobacter_winogradskyi	134144	0.671056
Nitrobacter_winogradskyi	130154	0.648889
Nitrobacter_winogradskyi	108052	0.656679
Nitrobacter_winogradskyi	88288	0.655154
Nitrobacter_winogradskyi	85769	0.665480
Nitrobacter_winogradskyi	85236	0.659801
Nitrobacter_winogradskyi	84974	0.656399
Nitrobacter_winogradskyi	77276	0.646711
Nitrobacter_winogradskyi	72463	0.641052
Nitrobacter_winogradskyi	71746	0.701916
Nitrobacter_winogradskyi	63249	0.755513
Nitrobacter_winogradskyi	63235	0.653579
Nitrobacter_winogradskyi	63091	0.667032
Nitrobacter_winogradskyi	60037	0.664981
Nitrobacter_winogradskyi	57604	0.665605
Nitrobacter_winogradskyi	54334	0.676609
Nitrobacter_winogradskyi	48369	0.640524
Nitrobacter_winogradskyi	47222	0.637736
Nitrobacter_winogradskyi	46347	0.665015
Nitrobacter_winogradskyi	45311	0.671114
Nitrobacter_winogradskyi	44579	0.673107
Nitrobacter_winogradskyi	44345	0.787131
Nitrobacter_winogradskyi	41927	0.636241
Nitrobacter_winogradskyi	36887	0.626530
Nitrobacter_winogradskyi	31224	0.659261
Nitrobacter_winogradskyi	29835	0.639211
Nitrobacter_winogradskyi	28929	0.624965
Nitrobacter_winogradskyi	26894	0.661562
Nitrobacter_winogradskyi	23125	0.645253
Nitrobacter_winogradskyi	23297	0.639368
Nitrobacter_winogradskyi	21639	1.522307
Nitrobacter_winogradskyi	20578	1.061544
Nitrobacter_winogradskyi	19975	0.659766
Nitrobacter_winogradskyi	19580	0.661205
Nitrobacter_winogradskyi	19199	0.663854
Nitrobacter_winogradskyi	19196	0.650223
Nitrobacter_winogradskyi	18545	1.327508
Nitrobacter_winogradskyi	18217	0.645557
Nitrobacter_winogradskyi	18075	0.634789
Nitrobacter_winogradskyi	15612	0.629591
Nitrobacter_winogradskyi	14559	0.617066
Nitrobacter_winogradskyi	14750	0.656846
Nitrobacter_winogradskyi	14476	0.675327
Nitrobacter_winogradskyi	13938	0.650069
Nitrobacter_winogradskyi	13609	0.667408
Nitrobacter_winogradskyi	13531	0.653020
Nitrobacter_winogradskyi	13023	0.615718
Nitrobacter_winogradskyi	12801	0.639274
Nitrobacter_winogradskyi	9742	0.696086
Nitrobacter_winogradskyi	9457	0.661028
Nitrobacter_winogradskyi	9163	0.668436
Nitrobacter_winogradskyi	9025	0.655099
Nitrobacter_winogradskyi	8864	0.670708
Nitrobacter_winogradskyi	7213	0.655245
Nitrobacter_winogradskyi	5867	0.627915
Nitrobacter_winogradskyi	5166	0.687215
Nitrobacter_winogradskyi	5073	0.693457
Nitrobacter_winogradskyi	5008	0.589114
Nitrobacter_winogradskyi	4333	0.594255
Nitrobacter_winogradskyi	3904	0.656093
Nitrobacter_winogradskyi	3827	0.636805
Nitrobacter_winogradskyi	3686	0.674334
Nitrobacter_winogradskyi	3259	0.558636
Nitrobacter_winogradskyi	2733	0.634380
Nitrobacter_winogradskyi	2384	0.714096
Nitrobacter_winogradskyi	2338	0.752819
Nitrobacter_winogradskyi	1822	0.584950
Nitrobacter_winogradskyi	1702	0.616698
Nitrobacter_winogradskyi	1699	1.045627
Nitrobacter_winogradskyi	1612	0.522468
Nitrobacter_winogradskyi	1527	0.531294
Nitrobacter_winogradskyi	1116	0.641206
Nitrobacter_winogradskyi	745	0.737179
Nitrobacter_winogradskyi	558	0.775744
Staphylococcus_aureus	339889	0.255381
Staphylococcus_aureus	281651	0.252555
Staphylococcus_aureus	234462	0.251200
Staphylococcus_aureus	237927	0.256977
Staphylococcus_aureus	143492	0.254006
Staphylococcus_aureus	187308	0.252613
Staphylococcus_aureus	192918	0.259728
Staphylococcus_aureus	135539	0.261512
Staphylococcus_aureus	73534	0.262265
Staphylococcus_aureus	72158	0.249840
Staphylococcus_aureus	74471	0.258210
Staphylococcus_aureus	72607	0.246878
Staphylococcus_aureus	101165	0.269416
Staphylococcus_aureus	111466	0.242376
Staphylococcus_aureus	102901	0.257042
Staphylococcus_aureus	100068	0.264532
Staphylococcus_aureus	99355	0.256159
Staphylococcus_aureus	47396	0.258562
Staphylococcus_aureus	60439	0.264458
Staphylococcus_aureus	42814	0.287084
Staphylococcus_aureus	43058	0.261844
Staphylococcus_aureus	80266	0.253529
Staphylococcus_aureus	79046	0.266470
Staphylococcus_aureus	62668	0.269626
Staphylococcus_aureus	75703	0.244923
Staphylococcus_aureus	36226	0.253589
Staphylococcus_aureus	32215	0.269847
Staphylococcus_aureus	32354	0.264524
Staphylococcus_aureus	39219	0.259675
Staphylococcus_aureus	22026	0.269386
Staphylococcus_aureus	23588	0.244188
Staphylococcus_aureus	46892	0.295690
Staphylococcus_aureus	40204	0.256453
Staphylococcus_aureus	19679	0.245117
Staphylococcus_aureus	18303	0.238808
Staphylococcus_aureus	35002	0.259554
Staphylococcus_aureus	17076	0.257255
Staphylococcus_aureus	17644	0.253680
Staphylococcus_aureus	32962	0.234031
Staphylococcus_aureus	14439	0.248824
Staphylococcus_aureus	10977	0.265257
Staphylococcus_aureus	8185	0.241264
Staphylococcus_aureus	12125	0.233421
Staphylococcus_aureus	5946	0.277164
Staphylococcus_aureus	5179	0.254053
Staphylococcus_aureus	4999	0.267214
Staphylococcus_aureus	4963	0.218953
Staphylococcus_aureus	2214	0.277114
Staphylococcus_aureus	665	0.155963
Staphylococcus_aureus	602	0.253638
Staphylococcus_aureus	512	0.518987
Nitrosomonas_europaea	160826	1.123462
Nitrosomonas_europaea	158395	1.135272
Nitrosomonas_europaea	154193	1.119457
Nitrosomonas_europaea	138832	1.330013
Nitrosomonas_europaea	117685	1.131988
Nitrosomonas_europaea	115656	1.117194
Nitrosomonas_europaea	110802	1.134820
Nitrosomonas_europaea	100580	1.113189
Nitrosomonas_europaea	85201	1.139951
Nitrosomonas_europaea	77115	1.120059
Nitrosomonas_europaea	157718	1.231446
Nitrosomonas_europaea	76915	1.128122
Nitrosomonas_europaea	71964	1.149406
Nitrosomonas_europaea	72107	1.130734
Nitrosomonas_europaea	62884	1.144321
Nitrosomonas_europaea	60478	1.126564
Nitrosomonas_europaea	55702	1.112215
Nitrosomonas_europaea	51359	1.708907
Nitrosomonas_europaea	50662	1.165588
Nitrosomonas_europaea	49841	1.272647
Nitrosomonas_europaea	46010	1.134411
Nitrosomonas_europaea	45730	1.115591
Nitrosomonas_europaea	45684	1.129952
Nitrosomonas_europaea	43052	1.252382
Nitrosomonas_europaea	42612	1.202819
Nitrosomonas_europaea	41256	1.130157
Nitrosomonas_europaea	39263	1.107268
Nitrosomonas_europaea	38971	1.117143
Nitrosomonas_europaea	38782	1.110240
Nitrosomonas_europaea	37590	1.124690
Nitrosomonas_europaea	34891	1.120420
Nitrosomonas_europaea	32563	1.134116
Nitrosomonas_europaea	32402	1.125833
Nitrosomonas_europaea	28876	1.153643
Nitrosomonas_europaea	25630	1.075259
Nitrosomonas_europaea	25389	1.149003
Nitrosomonas_europaea	23639	1.115146
Nitrosomonas_europaea	22465	1.127999
Nitrosomonas_europaea	21281	1.157372
Nitrosomonas_europaea	20656	1.149550
Nitrosomonas_europaea	18039	1.596107
Nitrosomonas_europaea	15818	1.124036
Nitrosomonas_europaea	15214	1.080435
Nitrosomonas_europaea	14362	1.131943
Nitrosomonas_europaea	12677	1.204936
Nitrosomonas_europaea	12537	1.115657
Nitrosomonas_europaea	11994	1.445549
Nitrosomonas_europaea	9781	1.149179
Nitrosomonas_europaea	9998	1.096689
Nitrosomonas_europaea	9909	1.096853
Nitrosomonas_europaea	9455	1.083994
Nitrosomonas_europaea	6388	1.064146
Nitrosomonas_europaea	6346	1.124016
Nitrosomonas_europaea	4379	1.245420
Nitrosomonas_europaea	3699	1.176356
Nitrosomonas_europaea	3339	1.233686
Nitrosomonas_europaea	2732	1.244734
Nitrosomonas_europaea	2593	1.171117
Nitrosomonas_europaea	2488	1.118716
Nitrosomonas_europaea	3636	11.691220
Nitrosomonas_europaea	1749	1.171376
Nitrosomonas_europaea	1747	1.148216
Nitrosomonas_europaea	1722	0.971268
Nitrosomonas_europaea	1483	1.107930
Nitrosomonas_europaea	1441	1.223485
Nitrosomonas_europaea	993	1.146789
Nitrosomonas_europaea	671	1.172727
bacillus_virus_bps13	158289	0.800111
staphylococcus_phage_dw2	41931	1.272016
prochlorococcus_phage_p_ssp10	47019	4.246151
achromobacter_virus_83_24	45694	5.344502
corynebacterium_phage_bfk20	42967	4.109275
archaeal_bj1_virus	42263	3.484790
streptococcus_phage_tp_778l	41752	3.907329
Kuenenia_stuttgartiensis	79016	0.189717
Kuenenia_stuttgartiensis	67603	0.174175
Kuenenia_stuttgartiensis	36667	0.181091
Kuenenia_stuttgartiensis	32854	0.179340
Kuenenia_stuttgartiensis	31758	0.175634
Kuenenia_stuttgartiensis	65559	0.179797
Kuenenia_stuttgartiensis	30012	0.191675
Kuenenia_stuttgartiensis	28788	0.192233
Kuenenia_stuttgartiensis	55846	0.175441
Kuenenia_stuttgartiensis	57681	0.177028
Kuenenia_stuttgartiensis	54243	0.186848
Kuenenia_stuttgartiensis	25256	0.191450
Kuenenia_stuttgartiensis	25092	0.180545
Kuenenia_stuttgartiensis	24351	0.185284
Kuenenia_stuttgartiensis	50573	0.186329
Kuenenia_stuttgartiensis	23036	0.170716
Kuenenia_stuttgartiensis	22952	0.183390
Kuenenia_stuttgartiensis	40948	0.185831
Kuenenia_stuttgartiensis	22371	0.183203
Kuenenia_stuttgartiensis	35118	0.199581
Kuenenia_stuttgartiensis	21183	0.189029
Kuenenia_stuttgartiensis	20901	0.190259
Kuenenia_stuttgartiensis	18913	0.176504
Kuenenia_stuttgartiensis	41979	0.192310
Kuenenia_stuttgartiensis	18765	0.187024
Kuenenia_stuttgartiensis	18156	0.182728
Kuenenia_stuttgartiensis	17979	0.175818
Kuenenia_stuttgartiensis	18015	0.173598
Kuenenia_stuttgartiensis	19793	0.170149
Kuenenia_stuttgartiensis	16860	0.182468
Kuenenia_stuttgartiensis	16785	0.176371
Kuenenia_stuttgartiensis	17005	0.180297
Kuenenia_stuttgartiensis	16919	0.182406
Kuenenia_stuttgartiensis	16212	0.187380
Kuenenia_stuttgartiensis	15754	0.183852
Kuenenia_stuttgartiensis	14596	0.141476
Kuenenia_stuttgartiensis	14684	0.162157
Kuenenia_stuttgartiensis	15029	0.175073
Kuenenia_stuttgartiensis	14426	0.202635
Kuenenia_stuttgartiensis	14627	0.331155
Kuenenia_stuttgartiensis	13799	0.189079
Kuenenia_stuttgartiensis	14216	0.188345
Kuenenia_stuttgartiensis	14207	0.192608
Kuenenia_stuttgartiensis	13859	0.178615
Kuenenia_stuttgartiensis	13991	0.188682
Kuenenia_stuttgartiensis	13707	0.193434
Kuenenia_stuttgartiensis	13241	0.177247
Kuenenia_stuttgartiensis	13098	0.158987
Kuenenia_stuttgartiensis	13183	0.199127
Kuenenia_stuttgartiensis	13054	0.180778
Kuenenia_stuttgartiensis	12965	0.178442
Kuenenia_stuttgartiensis	13011	0.202711
Kuenenia_stuttgartiensis	27117	0.192531
Kuenenia_stuttgartiensis	12935	0.175731
Kuenenia_stuttgartiensis	12922	0.190149
Kuenenia_stuttgartiensis	12889	0.181214
Kuenenia_stuttgartiensis	12698	0.187392
Kuenenia_stuttgartiensis	12775	0.191086
Kuenenia_stuttgartiensis	23619	0.198054
Kuenenia_stuttgartiensis	12654	0.193070
Kuenenia_stuttgartiensis	12659	0.187430
Kuenenia_stuttgartiensis	12271	0.196655
Kuenenia_stuttgartiensis	11770	0.184152
Kuenenia_stuttgartiensis	12075	0.193414
Kuenenia_stuttgartiensis	12022	0.182688
Kuenenia_stuttgartiensis	10925	0.222120
Kuenenia_stuttgartiensis	24566	0.181046
Kuenenia_stuttgartiensis	12006	0.184518
Kuenenia_stuttgartiensis	11857	0.195188
Kuenenia_stuttgartiensis	11716	0.187227
Kuenenia_stuttgartiensis	11527	0.200670
Kuenenia_stuttgartiensis	11671	0.209640
Kuenenia_stuttgartiensis	11194	0.184893
Kuenenia_stuttgartiensis	11140	0.168436
Kuenenia_stuttgartiensis	11072	0.208200
Kuenenia_stuttgartiensis	10580	0.174319
Kuenenia_stuttgartiensis	10859	0.183578
Kuenenia_stuttgartiensis	21916	0.197521
Kuenenia_stuttgartiensis	10957	0.177179
Kuenenia_stuttgartiensis	10589	0.180726
Kuenenia_stuttgartiensis	20773	0.159422
Kuenenia_stuttgartiensis	10785	0.159678
Kuenenia_stuttgartiensis	10779	0.178082
Kuenenia_stuttgartiensis	10151	0.221742
Kuenenia_stuttgartiensis	10385	0.188643
Kuenenia_stuttgartiensis	10021	0.179814
Kuenenia_stuttgartiensis	10036	0.180177
Kuenenia_stuttgartiensis	10280	0.218427
Kuenenia_stuttgartiensis	9867	0.163649
Kuenenia_stuttgartiensis	10017	0.199375
Kuenenia_stuttgartiensis	9930	0.184319
Kuenenia_stuttgartiensis	10012	0.192812
Kuenenia_stuttgartiensis	51003	0.816031
Kuenenia_stuttgartiensis	9907	0.190384
Kuenenia_stuttgartiensis	9268	0.165283
Kuenenia_stuttgartiensis	19062	0.190491
Kuenenia_stuttgartiensis	9749	0.203469
Kuenenia_stuttgartiensis	21650	0.254276
Kuenenia_stuttgartiensis	9636	0.196535
Kuenenia_stuttgartiensis	9139	0.177663
Kuenenia_stuttgartiensis	9431	0.178648
Kuenenia_stuttgartiensis	8663	0.168367
Kuenenia_stuttgartiensis	9424	0.200365
Kuenenia_stuttgartiensis	9119	0.184839
Kuenenia_stuttgartiensis	8618	0.199956
Kuenenia_stuttgartiensis	8979	0.160238
Kuenenia_stuttgartiensis	9142	0.188560
Kuenenia_stuttgartiensis	8688	0.176115
Kuenenia_stuttgartiensis	8703	0.169274
Kuenenia_stuttgartiensis	8954	0.170530
Kuenenia_stuttgartiensis	8802	0.175536
Kuenenia_stuttgartiensis	8395	0.180937
Kuenenia_stuttgartiensis	8814	0.169826
Kuenenia_stuttgartiensis	7959	0.688400
Kuenenia_stuttgartiensis	8768	0.177660
Kuenenia_stuttgartiensis	8424	0.198371
Kuenenia_stuttgartiensis	8657	0.172798
Kuenenia_stuttgartiensis	8404	0.169420
Kuenenia_stuttgartiensis	8640	0.185585
Kuenenia_stuttgartiensis	8606	0.172454
Kuenenia_stuttgartiensis	8611	0.195289
Kuenenia_stuttgartiensis	8556	0.177856
Kuenenia_stuttgartiensis	8266	0.174494
Kuenenia_stuttgartiensis	16319	0.206794
Kuenenia_stuttgartiensis	8449	0.185154
Kuenenia_stuttgartiensis	8433	0.196828
Kuenenia_stuttgartiensis	8383	0.187258
Kuenenia_stuttgartiensis	7947	0.170283
Kuenenia_stuttgartiensis	8270	0.201006
Kuenenia_stuttgartiensis	8175	0.219022
Kuenenia_stuttgartiensis	8163	0.197339
Kuenenia_stuttgartiensis	8003	0.177550
Kuenenia_stuttgartiensis	7904	0.187937
Kuenenia_stuttgartiensis	8078	0.163470
Kuenenia_stuttgartiensis	7374	0.200646
Kuenenia_stuttgartiensis	7740	0.170729
Kuenenia_stuttgartiensis	7394	0.168007
Kuenenia_stuttgartiensis	7794	0.208263
Kuenenia_stuttgartiensis	7740	0.187557
Kuenenia_stuttgartiensis	7396	0.171549
Kuenenia_stuttgartiensis	7721	0.184124
Kuenenia_stuttgartiensis	7707	0.177564
Kuenenia_stuttgartiensis	7632	0.177807
Kuenenia_stuttgartiensis	7688	0.198361
Kuenenia_stuttgartiensis	7390	0.196524
Kuenenia_stuttgartiensis	7347	0.196373
Kuenenia_stuttgartiensis	7525	0.162631
Kuenenia_stuttgartiensis	7243	0.170468
Kuenenia_stuttgartiensis	7527	0.190656
Kuenenia_stuttgartiensis	7175	0.188991
Kuenenia_stuttgartiensis	7103	0.180837
Kuenenia_stuttgartiensis	7351	0.176689
Kuenenia_stuttgartiensis	7375	0.181004
Kuenenia_stuttgartiensis	7358	0.206154
Kuenenia_stuttgartiensis	7351	0.179785
Kuenenia_stuttgartiensis	7317	0.174680
Kuenenia_stuttgartiensis	6977	0.198888
Kuenenia_stuttgartiensis	6899	0.166877
Kuenenia_stuttgartiensis	7098	0.195895
Kuenenia_stuttgartiensis	7099	0.183720
Kuenenia_stuttgartiensis	6986	0.157410
Kuenenia_stuttgartiensis	6915	0.178810
Kuenenia_stuttgartiensis	6986	0.199767
Kuenenia_stuttgartiensis	6715	0.170826
Kuenenia_stuttgartiensis	6788	0.169492
Kuenenia_stuttgartiensis	6615	0.166867
Kuenenia_stuttgartiensis	6553	0.182313
Kuenenia_stuttgartiensis	6728	0.192372
Kuenenia_stuttgartiensis	6651	0.175841
Kuenenia_stuttgartiensis	6594	0.202156
Kuenenia_stuttgartiensis	6603	0.170935
Kuenenia_stuttgartiensis	6245	0.184349
Kuenenia_stuttgartiensis	6223	0.162273
Kuenenia_stuttgartiensis	6406	0.190325
Kuenenia_stuttgartiensis	6351	0.202247
Kuenenia_stuttgartiensis	6158	0.186626
Kuenenia_stuttgartiensis	6331	0.354341
Kuenenia_stuttgartiensis	6218	0.185394
Kuenenia_stuttgartiensis	6045	0.175957
Kuenenia_stuttgartiensis	6249	0.416207
Kuenenia_stuttgartiensis	6150	0.197141
Kuenenia_stuttgartiensis	5741	0.162545
Kuenenia_stuttgartiensis	6113	0.193102
Kuenenia_stuttgartiensis	5957	0.169922
Kuenenia_stuttgartiensis	5766	0.182564
Kuenenia_stuttgartiensis	6069	0.197988
Kuenenia_stuttgartiensis	6021	0.172034
Kuenenia_stuttgartiensis	5896	0.157282
Kuenenia_stuttgartiensis	5959	0.179000
Kuenenia_stuttgartiensis	5717	0.178916
Kuenenia_stuttgartiensis	9719	0.350088
Kuenenia_stuttgartiensis	5761	0.275521
Kuenenia_stuttgartiensis	5702	0.175282
Kuenenia_stuttgartiensis	5698	0.201721
Kuenenia_stuttgartiensis	11114	0.160814
Kuenenia_stuttgartiensis	5645	0.184871
Kuenenia_stuttgartiensis	5660	0.165914
Kuenenia_stuttgartiensis	5644	0.176577
Kuenenia_stuttgartiensis	5573	0.186928
Kuenenia_stuttgartiensis	5534	0.187719
Kuenenia_stuttgartiensis	5528	0.187720
Kuenenia_stuttgartiensis	5181	0.192530
Kuenenia_stuttgartiensis	5476	0.170121
Kuenenia_stuttgartiensis	5291	0.198876
Kuenenia_stuttgartiensis	5459	0.188273
Kuenenia_stuttgartiensis	5072	0.212730
Kuenenia_stuttgartiensis	5410	0.166383
Kuenenia_stuttgartiensis	5345	0.198128
Kuenenia_stuttgartiensis	5297	0.169287
Kuenenia_stuttgartiensis	5327	0.208605
Kuenenia_stuttgartiensis	5128	0.161451
Kuenenia_stuttgartiensis	5106	0.185614
Kuenenia_stuttgartiensis	5125	0.194644
Kuenenia_stuttgartiensis	5124	0.187088
Kuenenia_stuttgartiensis	5068	0.200808
Kuenenia_stuttgartiensis	5054	0.192393
Kuenenia_stuttgartiensis	4978	0.196363
Kuenenia_stuttgartiensis	4864	0.181837
Kuenenia_stuttgartiensis	4921	0.167083
Kuenenia_stuttgartiensis	4758	0.155644
Kuenenia_stuttgartiensis	4887	0.151909
Kuenenia_stuttgartiensis	4871	0.181053
Kuenenia_stuttgartiensis	4864	0.192494
Kuenenia_stuttgartiensis	24110	0.748892
Kuenenia_stuttgartiensis	4846	0.177778
Kuenenia_stuttgartiensis	4672	0.170768
Kuenenia_stuttgartiensis	4835	0.169707
Kuenenia_stuttgartiensis	4740	0.153159
Kuenenia_stuttgartiensis	4796	0.228021
Kuenenia_stuttgartiensis	4542	0.189201
Kuenenia_stuttgartiensis	4714	0.156202
Kuenenia_stuttgartiensis	4370	0.187172
Kuenenia_stuttgartiensis	4679	0.190654
Kuenenia_stuttgartiensis	4655	0.200704
Kuenenia_stuttgartiensis	4654	0.176042
Kuenenia_stuttgartiensis	8782	0.213027
Kuenenia_stuttgartiensis	4552	0.238950
Kuenenia_stuttgartiensis	4374	0.183655
Kuenenia_stuttgartiensis	4538	0.169033
Kuenenia_stuttgartiensis	4545	0.175859
Kuenenia_stuttgartiensis	4326	0.177109
Kuenenia_stuttgartiensis	4517	0.186306
Kuenenia_stuttgartiensis	4464	0.187615
Kuenenia_stuttgartiensis	4374	0.155993
Kuenenia_stuttgartiensis	4367	0.158738
Kuenenia_stuttgartiensis	4343	0.171720
Kuenenia_stuttgartiensis	4199	0.202166
Kuenenia_stuttgartiensis	4167	0.165297
Kuenenia_stuttgartiensis	4257	0.152079
Kuenenia_stuttgartiensis	4253	0.196515
Kuenenia_stuttgartiensis	8271	0.212394
Kuenenia_stuttgartiensis	4189	0.162979
Kuenenia_stuttgartiensis	4126	0.191760
Kuenenia_stuttgartiensis	4104	0.175307
Kuenenia_stuttgartiensis	3868	0.808980
Kuenenia_stuttgartiensis	26544	2.994284
Kuenenia_stuttgartiensis	3866	0.226740
Kuenenia_stuttgartiensis	3949	0.169279
Kuenenia_stuttgartiensis	3908	0.173821
Kuenenia_stuttgartiensis	3918	0.171188
Kuenenia_stuttgartiensis	3788	0.234524
Kuenenia_stuttgartiensis	3775	0.192959
Kuenenia_stuttgartiensis	3447	0.212452
Kuenenia_stuttgartiensis	3434	0.154329
Kuenenia_stuttgartiensis	3754	0.205065
Kuenenia_stuttgartiensis	3737	0.196903
Kuenenia_stuttgartiensis	3560	0.188022
Kuenenia_stuttgartiensis	3683	0.194273
Kuenenia_stuttgartiensis	3657	0.186652
Kuenenia_stuttgartiensis	3371	0.178012
Kuenenia_stuttgartiensis	3596	0.175514
Kuenenia_stuttgartiensis	3619	0.163522
Kuenenia_stuttgartiensis	3566	0.198839
Kuenenia_stuttgartiensis	3530	0.166715
Kuenenia_stuttgartiensis	3452	0.160012
Kuenenia_stuttgartiensis	3158	0.150240
Kuenenia_stuttgartiensis	3423	0.154755
Kuenenia_stuttgartiensis	3185	0.188530
Kuenenia_stuttgartiensis	3306	0.181985
Kuenenia_stuttgartiensis	3232	0.151654
Kuenenia_stuttgartiensis	13652	0.247850
Kuenenia_stuttgartiensis	3321	0.189677
Kuenenia_stuttgartiensis	3290	0.168557
Kuenenia_stuttgartiensis	3279	0.180494
Kuenenia_stuttgartiensis	3086	0.194418
Kuenenia_stuttgartiensis	3207	0.188953
Kuenenia_stuttgartiensis	3179	0.141786
Kuenenia_stuttgartiensis	3164	0.189944
Kuenenia_stuttgartiensis	3046	0.170346
Kuenenia_stuttgartiensis	3043	0.170284
Kuenenia_stuttgartiensis	3099	0.182673
Kuenenia_stuttgartiensis	3060	0.198720
Kuenenia_stuttgartiensis	2993	0.164694
Kuenenia_stuttgartiensis	2971	0.177273
Kuenenia_stuttgartiensis	2929	0.199430
Kuenenia_stuttgartiensis	2923	0.238758
Kuenenia_stuttgartiensis	2921	0.158214
Kuenenia_stuttgartiensis	2650	0.171255
Kuenenia_stuttgartiensis	2694	0.139485
Kuenenia_stuttgartiensis	2911	0.198925
Kuenenia_stuttgartiensis	2894	0.198341
Kuenenia_stuttgartiensis	2867	0.182083
Kuenenia_stuttgartiensis	2867	0.180262
Kuenenia_stuttgartiensis	2859	0.190285
Kuenenia_stuttgartiensis	2845	0.144640
Kuenenia_stuttgartiensis	2838	0.210217
Kuenenia_stuttgartiensis	2825	0.173817
Kuenenia_stuttgartiensis	2798	0.162263
Kuenenia_stuttgartiensis	2639	0.176800
Kuenenia_stuttgartiensis	2763	0.160106
Kuenenia_stuttgartiensis	2664	0.199618
Kuenenia_stuttgartiensis	2718	0.213323
Kuenenia_stuttgartiensis	2578	0.265275
Kuenenia_stuttgartiensis	2579	0.222482
Kuenenia_stuttgartiensis	53889	2.282428
Kuenenia_stuttgartiensis	2625	0.179313
Kuenenia_stuttgartiensis	2412	0.164936
Kuenenia_stuttgartiensis	2601	0.183871
Kuenenia_stuttgartiensis	2582	0.177570
Kuenenia_stuttgartiensis	2565	0.184124
Kuenenia_stuttgartiensis	2526	0.174056
Kuenenia_stuttgartiensis	2543	0.172286
Kuenenia_stuttgartiensis	2506	0.184486
Kuenenia_stuttgartiensis	2395	0.503166
Kuenenia_stuttgartiensis	2484	0.158273
Kuenenia_stuttgartiensis	2408	0.209992
Kuenenia_stuttgartiensis	5519	0.201823
Kuenenia_stuttgartiensis	2424	0.178897
Kuenenia_stuttgartiensis	10701	0.200522
Kuenenia_stuttgartiensis	2401	0.170614
Kuenenia_stuttgartiensis	2391	0.160793
Kuenenia_stuttgartiensis	4851	0.163572
Kuenenia_stuttgartiensis	2224	0.133956
Kuenenia_stuttgartiensis	2365	0.202763
Kuenenia_stuttgartiensis	2341	0.168018
Kuenenia_stuttgartiensis	2181	0.181736
Kuenenia_stuttgartiensis	2313	0.213928
Kuenenia_stuttgartiensis	2304	0.162620
Kuenenia_stuttgartiensis	2287	0.210065
Kuenenia_stuttgartiensis	2247	0.154494
Kuenenia_stuttgartiensis	2226	0.191489
Kuenenia_stuttgartiensis	2229	0.185009
Kuenenia_stuttgartiensis	2079	0.134486
Kuenenia_stuttgartiensis	2181	0.171359
Kuenenia_stuttgartiensis	2012	0.166667
Kuenenia_stuttgartiensis	2159	0.210449
Kuenenia_stuttgartiensis	5804	0.151441
Kuenenia_stuttgartiensis	2012	0.162162
Kuenenia_stuttgartiensis	2086	0.503715
Kuenenia_stuttgartiensis	5133	0.757561
Kuenenia_stuttgartiensis	2130	0.190453
Kuenenia_stuttgartiensis	5276	0.173154
Kuenenia_stuttgartiensis	2123	0.176823
Kuenenia_stuttgartiensis	2111	0.197791
Kuenenia_stuttgartiensis	2030	0.177176
Kuenenia_stuttgartiensis	1841	0.200105
Kuenenia_stuttgartiensis	2018	0.208224
Kuenenia_stuttgartiensis	2000	0.186269
Kuenenia_stuttgartiensis	1994	0.167645
Kuenenia_stuttgartiensis	7279	0.657542
Kuenenia_stuttgartiensis	1973	0.184665
Kuenenia_stuttgartiensis	1948	0.207310
Kuenenia_stuttgartiensis	1951	0.180328
Kuenenia_stuttgartiensis	1930	0.216142
Kuenenia_stuttgartiensis	32868	1.805755
Kuenenia_stuttgartiensis	1920	0.219566
Kuenenia_stuttgartiensis	1775	0.194428
Kuenenia_stuttgartiensis	1816	0.211799
Kuenenia_stuttgartiensis	1719	0.195035
Kuenenia_stuttgartiensis	1735	0.154169
Kuenenia_stuttgartiensis	1779	0.196019
Kuenenia_stuttgartiensis	1656	0.242221
Kuenenia_stuttgartiensis	4945	0.167177
Kuenenia_stuttgartiensis	1752	0.200490
Kuenenia_stuttgartiensis	1739	0.213226
Kuenenia_stuttgartiensis	1733	0.179901
Kuenenia_stuttgartiensis	1706	0.176656
Kuenenia_stuttgartiensis	1674	0.107663
Kuenenia_stuttgartiensis	1685	0.230672
Kuenenia_stuttgartiensis	14415	0.686862
Kuenenia_stuttgartiensis	1639	0.232588
Kuenenia_stuttgartiensis	6417	0.184026
Kuenenia_stuttgartiensis	1676	0.175080
Kuenenia_stuttgartiensis	1670	0.146248
Kuenenia_stuttgartiensis	1668	0.155139
Kuenenia_stuttgartiensis	3280	0.220540
Kuenenia_stuttgartiensis	1609	0.199597
Kuenenia_stuttgartiensis	1595	0.189831
Kuenenia_stuttgartiensis	4571	0.144701
Kuenenia_stuttgartiensis	1592	0.214140
Kuenenia_stuttgartiensis	1590	0.176991
Kuenenia_stuttgartiensis	1584	0.201640
Kuenenia_stuttgartiensis	1583	0.171683
Kuenenia_stuttgartiensis	1579	0.189986
Kuenenia_stuttgartiensis	1567	0.168050
Kuenenia_stuttgartiensis	1518	0.155817
Kuenenia_stuttgartiensis	1525	0.202991
Kuenenia_stuttgartiensis	1427	0.160714
Kuenenia_stuttgartiensis	1516	0.714695
Kuenenia_stuttgartiensis	1363	0.151188
Kuenenia_stuttgartiensis	1495	0.192868
Kuenenia_stuttgartiensis	1428	0.192251
Kuenenia_stuttgartiensis	1481	0.158088
Kuenenia_stuttgartiensis	5294	0.228109
Kuenenia_stuttgartiensis	1479	0.143594
Kuenenia_stuttgartiensis	1476	0.236162
Kuenenia_stuttgartiensis	1452	0.208799
Kuenenia_stuttgartiensis	1461	0.167910
Kuenenia_stuttgartiensis	1447	0.165913
Kuenenia_stuttgartiensis	1438	0.162491
Kuenenia_stuttgartiensis	1423	0.237003
Kuenenia_stuttgartiensis	1421	0.223077
Kuenenia_stuttgartiensis	1411	0.151163
Kuenenia_stuttgartiensis	1404	0.155885
Kuenenia_stuttgartiensis	1376	0.126482
Kuenenia_stuttgartiensis	1382	0.126883
Kuenenia_stuttgartiensis	1371	0.199200
Kuenenia_stuttgartiensis	1330	0.170871
Kuenenia_stuttgartiensis	1348	0.199674
Kuenenia_stuttgartiensis	1327	0.167763
Kuenenia_stuttgartiensis	1327	0.145108
Kuenenia_stuttgartiensis	1320	0.201827
Kuenenia_stuttgartiensis	1321	0.199167
Kuenenia_stuttgartiensis	1301	0.400844
Kuenenia_stuttgartiensis	1290	0.149701
Kuenenia_stuttgartiensis	1283	0.208262
Kuenenia_stuttgartiensis	1274	0.180399
Kuenenia_stuttgartiensis	2433	0.240175
Kuenenia_stuttgartiensis	1244	0.204809
Kuenenia_stuttgartiensis	3785	0.263864
Kuenenia_stuttgartiensis	1229	0.157942
Kuenenia_stuttgartiensis	1205	0.906250
Kuenenia_stuttgartiensis	1209	0.160846
Kuenenia_stuttgartiensis	2615	0.268456
Kuenenia_stuttgartiensis	8141	1.204415
Kuenenia_stuttgartiensis	1141	0.165686
Kuenenia_stuttgartiensis	1138	0.127827
Kuenenia_stuttgartiensis	1127	0.211730
Kuenenia_stuttgartiensis	3813	0.135542
Kuenenia_stuttgartiensis	1096	0.174359
Kuenenia_stuttgartiensis	2882	0.229701
Kuenenia_stuttgartiensis	1020	0.137514
Kuenenia_stuttgartiensis	1013	0.197309
Kuenenia_stuttgartiensis	7875	1.036697
Kuenenia_stuttgartiensis	989	0.111751
Kuenenia_stuttgartiensis	972	0.170388
Kuenenia_stuttgartiensis	967	0.761229
Kuenenia_stuttgartiensis	957	0.133971
Kuenenia_stuttgartiensis	940	0.212895
Kuenenia_stuttgartiensis	942	0.188794
Kuenenia_stuttgartiensis	866	0.221948
Kuenenia_stuttgartiensis	930	0.194067
Kuenenia_stuttgartiensis	909	0.141058
Kuenenia_stuttgartiensis	854	0.158228
Kuenenia_stuttgartiensis	4669	0.139241
Kuenenia_stuttgartiensis	897	0.120558
Kuenenia_stuttgartiensis	897	0.235825
Kuenenia_stuttgartiensis	1868	0.269382
Kuenenia_stuttgartiensis	869	0.434492
Kuenenia_stuttgartiensis	856	0.243572
Kuenenia_stuttgartiensis	847	0.234160
Kuenenia_stuttgartiensis	811	0.268116
Kuenenia_stuttgartiensis	811	0.217391
Kuenenia_stuttgartiensis	781	0.195301
Kuenenia_stuttgartiensis	780	0.162963
Kuenenia_stuttgartiensis	770	0.166920
Kuenenia_stuttgartiensis	745	0.176282
Kuenenia_stuttgartiensis	727	0.466997
Kuenenia_stuttgartiensis	706	0.162393
Kuenenia_stuttgartiensis	700	0.094991
Kuenenia_stuttgartiensis	693	0.236014
Kuenenia_stuttgartiensis	691	0.177193
Kuenenia_stuttgartiensis	683	0.311388
Kuenenia_stuttgartiensis	13771	3.139147
Kuenenia_stuttgartiensis	653	0.249534
Kuenenia_stuttgartiensis	651	0.132075
Kuenenia_stuttgartiensis	590	0.151515
Kuenenia_stuttgartiensis	633	0.214844
Kuenenia_stuttgartiensis	617	0.683468
Kuenenia_stuttgartiensis	617	0.161290
Kuenenia_stuttgartiensis	597	0.135135
Kuenenia_stuttgartiensis	599	0.125523
Kuenenia_stuttgartiensis	2194	0.220126
Kuenenia_stuttgartiensis	594	0.183158
Kuenenia_stuttgartiensis	1142	0.158898
Kuenenia_stuttgartiensis	591	0.163830
Kuenenia_stuttgartiensis	587	0.137339
Kuenenia_stuttgartiensis	584	0.140389
Kuenenia_stuttgartiensis	581	0.173913
Kuenenia_stuttgartiensis	579	0.174672
Kuenenia_stuttgartiensis	572	0.177384
Kuenenia_stuttgartiensis	2635	0.211111
Kuenenia_stuttgartiensis	571	0.177778
Kuenenia_stuttgartiensis	566	0.134831
Kuenenia_stuttgartiensis	564	0.214447
Kuenenia_stuttgartiensis	556	0.087356
Kuenenia_stuttgartiensis	553	0.104167
Kuenenia_stuttgartiensis	541	0.154762
Kuenenia_stuttgartiensis	538	0.167866
Kuenenia_stuttgartiensis	536	0.156627
Kuenenia_stuttgartiensis	535	0.181159
Kuenenia_stuttgartiensis	534	0.166667
Kuenenia_stuttgartiensis	1565	0.939024
Kuenenia_stuttgartiensis	524	0.161290
Kuenenia_stuttgartiensis	504	0.078329
Kuenenia_stuttgartiensis	502	0.204724
Kuenenia_stuttgartiensis	500	0.197368
methanobacterium_phage_psim2	26191	7.448830
ralstonia_virus_rs603	7678	27.727670
vibrio_virus_ksf1	7106	29.421761
