Assembly	spades_assembly	spades_assembly.m1000	idbaud_assembly	idbaud_assembly.m1000
# contigs (>= 1000 bp)	8	8	9	9
# contigs (>= 5000 bp)	7	7	5	5
# contigs (>= 10000 bp)	7	7	5	5
# contigs (>= 25000 bp)	7	7	5	5
# contigs (>= 50000 bp)	6	6	4	4
Total length (>= 1000 bp)	1864695	1864695	1660472	1660472
Total length (>= 5000 bp)	1863006	1863006	1650474	1650474
Total length (>= 10000 bp)	1863006	1863006	1650474	1650474
Total length (>= 25000 bp)	1863006	1863006	1650474	1650474
Total length (>= 50000 bp)	1820227	1820227	1612967	1612967
# contigs	8	8	12	9
Largest contig	869699	869699	866948	866948
Total length	1864695	1864695	1662434	1660472
Reference length	1676444	1676444	1676444	1676444
GC (%)	34.84	34.84	33.35	33.35
Reference GC (%)	33.51	33.51	33.51	33.51
N50	251715	251715	866948	866948
NG50	869699	869699	866948	866948
N75	203748	203748	496441	496441
NG75	245352	245352	496441	496441
L50	2	2	1	1
LG50	1	1	1	1
L75	4	4	2	2
LG75	3	3	2	2
# misassemblies	1	1	0	0
# misassembled contigs	1	1	0	0
Misassembled contigs length	869699	869699	0	0
# local misassemblies	1	1	7	7
# scaffold gap ext. mis.	0	0	0	0
# scaffold gap loc. mis.	0	0	0	0
# unaligned mis. contigs	0	0	0	0
# unaligned contigs	1 + 0 part	1 + 0 part	1 + 0 part	1 + 0 part
Unaligned length	203718	203718	3149	3149
Genome fraction (%)	99.060	99.060	98.949	98.846
Duplication ratio	1.000	1.000	1.000	1.000
# N's per 100 kbp	1.61	1.61	0.00	0.00
# mismatches per 100 kbp	0.30	0.30	1.99	1.99
# indels per 100 kbp	0.00	0.00	0.00	0.00
Largest alignment	868975	868975	866915	866915
Total aligned length	1660920	1660920	1659251	1657289
NA50	251694	251694	866915	866915
NGA50	868975	868975	866915	866915
NA75	139666	139666	496440	496440
NGA75	245352	245352	496440	496440
LA50	2	2	1	1
LGA50	1	1	1	1
LA75	4	4	2	2
LGA75	3	3	2	2
