Assembly	# contigs (>= 1000 bp)	# contigs (>= 5000 bp)	# contigs (>= 10000 bp)	# contigs (>= 25000 bp)	# contigs (>= 50000 bp)	Total length (>= 1000 bp)	Total length (>= 5000 bp)	Total length (>= 10000 bp)	Total length (>= 25000 bp)	Total length (>= 50000 bp)	# contigs	Largest contig	Total length	Reference length	GC (%)	Reference GC (%)	N50	NG50	N75	NG75	L50	LG50	L75	LG75	# misassemblies	# misassembled contigs	Misassembled contigs length	# local misassemblies	# scaffold gap ext. mis.	# scaffold gap loc. mis.	# unaligned mis. contigs	# unaligned contigs	Unaligned length	Genome fraction (%)	Duplication ratio	# N's per 100 kbp	# mismatches per 100 kbp	# indels per 100 kbp	Largest alignment	Total aligned length	NA50	NGA50	NA75	NGA75	LA50	LGA50	LA75	LGA75
spades_assembly	1	1	1	1	0	26191	26191	26191	26191	0	1	26191	26191	26111	46.31	46.31	26191	26191	26191	26191	1	1	1	1	0	0	0	0	0	0	0	0 + 0 part	0	99.981	1.003	381.81	0.00	3.83	26191	26191	26191	26191	26191	26191	1	1	1	1
spades_assembly.m1000	1	1	1	1	0	26191	26191	26191	26191	0	1	26191	26191	26111	46.31	46.31	26191	26191	26191	26191	1	1	1	1	0	0	0	0	0	0	0	0 + 0 part	0	99.981	1.003	381.81	0.00	3.83	26191	26191	26191	26191	26191	26191	1	1	1	1
idbaud_assembly	1	1	1	1	0	25903	25903	25903	25903	0	1	25903	25903	26111	46.32	46.31	25903	25903	25903	25903	1	1	1	1	0	0	0	0	0	0	0	0 + 0 part	0	99.203	1.000	0.00	0.00	3.86	25903	25903	25903	25903	25903	25903	1	1	1	1
idbaud_assembly.m1000	1	1	1	1	0	25903	25903	25903	25903	0	1	25903	25903	26111	46.32	46.31	25903	25903	25903	25903	1	1	1	1	0	0	0	0	0	0	0	0 + 0 part	0	99.203	1.000	0.00	0.00	3.86	25903	25903	25903	25903	25903	25903	1	1	1	1
