S1	E1	S2	E2	Reference	Contig	IDY	Ambiguous	Best_group
2896282	2896366	41257	41173	Desulfovibrio_desulfuricans_NZ_CP036295.1	NODE_3_length_835083_cov_0.372460	100.0		True
unknown
2839345	2839545	101249	101049	Desulfovibrio_desulfuricans_NZ_CP036295.1	NODE_3_length_835083_cov_0.372460	95.02		True
unknown
2822370	2823029	118065	117406	Desulfovibrio_desulfuricans_NZ_CP036295.1	NODE_3_length_835083_cov_0.372460	95.3		True
unknown
2765819	2766246	173566	173139	Desulfovibrio_desulfuricans_NZ_CP036295.1	NODE_3_length_835083_cov_0.372460	96.96		True
unknown
2686952	2687051	256166	256067	Desulfovibrio_desulfuricans_NZ_CP036295.1	NODE_3_length_835083_cov_0.372460	97.0		True
unknown
2671263	2671415	271731	271579	Desulfovibrio_desulfuricans_NZ_CP036295.1	NODE_3_length_835083_cov_0.372460	98.69		True
unknown
2671198	2671262	271797	271733	Desulfovibrio_desulfuricans_NZ_CP036295.1	NODE_3_length_835083_cov_0.372460	95.38		True
unknown
2668383	2668682	274609	274310	Desulfovibrio_desulfuricans_NZ_CP036295.1	NODE_3_length_835083_cov_0.372460	97.33		True
unknown
2550374	2550640	419738	419472	Desulfovibrio_desulfuricans_NZ_CP036295.1	NODE_3_length_835083_cov_0.372460	95.51		True
unknown
2534531	2534713	446220	446038	Desulfovibrio_desulfuricans_NZ_CP036295.1	NODE_3_length_835083_cov_0.372460	96.17		True
unknown
2486483	2486568	499905	499820	Desulfovibrio_desulfuricans_NZ_CP036295.1	NODE_3_length_835083_cov_0.372460	96.51		True
unknown
930109	930185	598045	598121	Desulfovibrio_desulfuricans_NZ_CP036295.1	NODE_3_length_835083_cov_0.372460	97.4		True
unknown
988385	995865	656979	664459	Desulfovibrio_desulfuricans_NZ_CP036295.1	NODE_3_length_835083_cov_0.372460	95.51		True
unknown
1002957	1003028	671550	671621	Desulfovibrio_desulfuricans_NZ_CP036295.1	NODE_3_length_835083_cov_0.372460	95.83		True
unknown
1086267	1086393	781697	781823	Desulfovibrio_desulfuricans_NZ_CP036295.1	NODE_3_length_835083_cov_0.372460	98.43		True
unknown
1094399	1094691	789362	789654	Desulfovibrio_desulfuricans_NZ_CP036295.1	NODE_3_length_835083_cov_0.372460	97.95		True
unknown
1119532	1119623	813984	814075	Desulfovibrio_desulfuricans_NZ_CP036295.1	NODE_3_length_835083_cov_0.372460	100.0		True
unknown
CONTIG	NODE_3_length_835083_cov_0.372460	835083	mis_unaligned
2309686	2309838	4000	3848	Desulfovibrio_desulfuricans_NZ_CP036295.1	NODE_6_length_586102_cov_0.372614	96.08		True
unknown
2295376	2295452	20645	20569	Desulfovibrio_desulfuricans_NZ_CP036295.1	NODE_6_length_586102_cov_0.372614	96.1		True
unknown
2286143	2286283	29720	29580	Desulfovibrio_desulfuricans_NZ_CP036295.1	NODE_6_length_586102_cov_0.372614	99.29		True
unknown
2246296	2246395	83042	82943	Desulfovibrio_desulfuricans_NZ_CP036295.1	NODE_6_length_586102_cov_0.372614	98.0		True
unknown
2210764	2210887	118494	118371	Desulfovibrio_desulfuricans_NZ_CP036295.1	NODE_6_length_586102_cov_0.372614	99.19		True
unknown
2180977	2183367	148639	146249	Desulfovibrio_desulfuricans_NZ_CP036295.1	NODE_6_length_586102_cov_0.372614	95.02		True
unknown
2180817	2180961	148797	148653	Desulfovibrio_desulfuricans_NZ_CP036295.1	NODE_6_length_586102_cov_0.372614	99.31		True
unknown
2180689	2180816	148926	148799	Desulfovibrio_desulfuricans_NZ_CP036295.1	NODE_6_length_586102_cov_0.372614	99.22		True
unknown
2044918	2046000	310258	309176	Desulfovibrio_desulfuricans_NZ_CP036295.1	NODE_6_length_586102_cov_0.372614	95.75		True
unknown
1970232	1970338	399002	398896	Desulfovibrio_desulfuricans_NZ_CP036295.1	NODE_6_length_586102_cov_0.372614	95.33		True
unknown
1955859	1955943	413975	413891	Desulfovibrio_desulfuricans_NZ_CP036295.1	NODE_6_length_586102_cov_0.372614	95.29		True
unknown
1941937	1942018	427180	427099	Desulfovibrio_desulfuricans_NZ_CP036295.1	NODE_6_length_586102_cov_0.372614	97.56		True
unknown
1938940	1939111	430177	430006	Desulfovibrio_desulfuricans_NZ_CP036295.1	NODE_6_length_586102_cov_0.372614	95.93		True
unknown
1934812	1935048	433919	433683	Desulfovibrio_desulfuricans_NZ_CP036295.1	NODE_6_length_586102_cov_0.372614	96.2		True
unknown
CONTIG	NODE_6_length_586102_cov_0.372614	586102	mis_unaligned
862386	863427	35839	34798	Desulfovibrio_desulfuricans_NZ_CP036295.1	NODE_19_length_292112_cov_0.373169	95.11		True
unknown
763666	763769	135011	134908	Desulfovibrio_desulfuricans_NZ_CP036295.1	NODE_19_length_292112_cov_0.373169	97.12		True
unknown
738792	738867	159958	159883	Desulfovibrio_desulfuricans_NZ_CP036295.1	NODE_19_length_292112_cov_0.373169	98.68		True
unknown
679249	679363	219040	218926	Desulfovibrio_desulfuricans_NZ_CP036295.1	NODE_19_length_292112_cov_0.373169	97.39		True
unknown
644621	644703	253687	253605	Desulfovibrio_desulfuricans_NZ_CP036295.1	NODE_19_length_292112_cov_0.373169	96.39		True
unknown
593890	594037	284447	284300	Desulfovibrio_desulfuricans_NZ_CP036295.1	NODE_19_length_292112_cov_0.373169	97.3		True
unknown
591219	591480	287152	286892	Desulfovibrio_desulfuricans_NZ_CP036295.1	NODE_19_length_292112_cov_0.373169	96.56		True
unknown
587729	587873	290778	290634	Desulfovibrio_desulfuricans_NZ_CP036295.1	NODE_19_length_292112_cov_0.373169	97.24		True
unknown
CONTIG	NODE_19_length_292112_cov_0.373169	292112	mis_unaligned
116567	118851	2285	1	Desulfovibrio_desulfuricans_NZ_CP036295.1	NODE_24_length_266838_cov_0.371397	97.16		True
unknown
1293934	1294065	10481	10612	Desulfovibrio_desulfuricans_NZ_CP036295.1	NODE_24_length_266838_cov_0.371397	98.48		True
unknown
1324568	1324903	40496	40831	Desulfovibrio_desulfuricans_NZ_CP036295.1	NODE_24_length_266838_cov_0.371397	96.73		True
unknown
1828713	1828987	137578	137304	Desulfovibrio_desulfuricans_NZ_CP036295.1	NODE_24_length_266838_cov_0.371397	95.27		True
unknown
CONTIG	NODE_24_length_266838_cov_0.371397	266838	mis_unaligned
3132406	3132489	1	84	Desulfovibrio_desulfuricans_NZ_CP036295.1	NODE_31_length_247431_cov_0.373159	96.43		True
unknown
3142202	3144087	10502	12387	Desulfovibrio_desulfuricans_NZ_CP036295.1	NODE_31_length_247431_cov_0.373159	95.76		True
unknown
3171353	3171492	41268	41407	Desulfovibrio_desulfuricans_NZ_CP036295.1	NODE_31_length_247431_cov_0.373159	96.43		True
unknown
3178850	3179192	48815	49157	Desulfovibrio_desulfuricans_NZ_CP036295.1	NODE_31_length_247431_cov_0.373159	96.79		True
unknown
3179292	3179399	49256	49363	Desulfovibrio_desulfuricans_NZ_CP036295.1	NODE_31_length_247431_cov_0.373159	96.3		True
unknown
3211392	3211490	81969	82067	Desulfovibrio_desulfuricans_NZ_CP036295.1	NODE_31_length_247431_cov_0.373159	96.97		True
unknown
55110	55193	186571	186654	Desulfovibrio_desulfuricans_NZ_CP036295.1	NODE_31_length_247431_cov_0.373159	95.24		True
unknown
90924	93457	221715	224248	Desulfovibrio_desulfuricans_NZ_CP036295.1	NODE_31_length_247431_cov_0.373159	96.09		True
unknown
116329	116664	247095	247430	Desulfovibrio_desulfuricans_NZ_CP036295.1	NODE_31_length_247431_cov_0.373159	95.83		True
unknown
CONTIG	NODE_31_length_247431_cov_0.373159	247431	mis_unaligned
272446	273845	955	2354	Desulfovibrio_desulfuricans_NZ_CP036295.1	NODE_41_length_220355_cov_0.372849	96.14		True
unknown
275433	275556	3944	4067	Desulfovibrio_desulfuricans_NZ_CP036295.1	NODE_41_length_220355_cov_0.372849	95.97		True
unknown
375012	375173	101210	101371	Desulfovibrio_desulfuricans_NZ_CP036295.1	NODE_41_length_220355_cov_0.372849	95.06		True
unknown
378481	378896	104680	105095	Desulfovibrio_desulfuricans_NZ_CP036295.1	NODE_41_length_220355_cov_0.372849	98.08		True
unknown
412374	412583	136397	136606	Desulfovibrio_desulfuricans_NZ_CP036295.1	NODE_41_length_220355_cov_0.372849	95.71		True
unknown
450908	450976	174633	174701	Desulfovibrio_desulfuricans_NZ_CP036295.1	NODE_41_length_220355_cov_0.372849	95.65		True
unknown
459328	459756	183677	184105	Desulfovibrio_desulfuricans_NZ_CP036295.1	NODE_41_length_220355_cov_0.372849	95.1		True
unknown
466166	466254	190556	190644	Desulfovibrio_desulfuricans_NZ_CP036295.1	NODE_41_length_220355_cov_0.372849	97.75		True
unknown
CONTIG	NODE_41_length_220355_cov_0.372849	220355	mis_unaligned
1190914	1191041	96844	96971	Desulfovibrio_desulfuricans_NZ_CP036295.1	NODE_43_length_203748_cov_0.601065	95.31		True
CONTIG	NODE_43_length_203748_cov_0.601065	203748	correct_unaligned
3048552	3048660	125336	125444	Desulfovibrio_desulfuricans_NZ_CP036295.1	NODE_49_length_179785_cov_0.373141	95.41		True
unknown
3063419	3063549	139625	139755	Desulfovibrio_desulfuricans_NZ_CP036295.1	NODE_49_length_179785_cov_0.373141	99.24		True
unknown
CONTIG	NODE_49_length_179785_cov_0.373141	179785	mis_unaligned
258135	260730	18708	16113	Desulfovibrio_desulfuricans_NZ_CP036295.1	NODE_65_length_140217_cov_0.374044	95.07		True
unknown
257957	258134	18889	18712	Desulfovibrio_desulfuricans_NZ_CP036295.1	NODE_65_length_140217_cov_0.374044	97.19		True
unknown
233602	233682	43562	43482	Desulfovibrio_desulfuricans_NZ_CP036295.1	NODE_65_length_140217_cov_0.374044	97.53		True
unknown
233288	233599	43874	43563	Desulfovibrio_desulfuricans_NZ_CP036295.1	NODE_65_length_140217_cov_0.374044	95.19		True
unknown
232798	233199	44359	43958	Desulfovibrio_desulfuricans_NZ_CP036295.1	NODE_65_length_140217_cov_0.374044	95.27		True
unknown
230776	230870	46320	46226	Desulfovibrio_desulfuricans_NZ_CP036295.1	NODE_65_length_140217_cov_0.374044	97.89		True
unknown
228697	229098	48414	48013	Desulfovibrio_desulfuricans_NZ_CP036295.1	NODE_65_length_140217_cov_0.374044	97.76		True
unknown
CONTIG	NODE_65_length_140217_cov_0.374044	140217	mis_unaligned
1166470	1166595	77269	77144	Desulfovibrio_desulfuricans_NZ_CP036295.1	NODE_81_length_113601_cov_0.374471	96.83		True
unknown
1154533	1154598	89424	89359	Desulfovibrio_desulfuricans_NZ_CP036295.1	NODE_81_length_113601_cov_0.374471	96.97		True
unknown
1154146	1154531	89810	89425	Desulfovibrio_desulfuricans_NZ_CP036295.1	NODE_81_length_113601_cov_0.374471	95.34		True
unknown
1136128	1136337	107676	107469	Desulfovibrio_desulfuricans_NZ_CP036295.1	NODE_81_length_113601_cov_0.374471	96.68		True
unknown
CONTIG	NODE_81_length_113601_cov_0.374471	113601	mis_unaligned
1911261	1911352	101332	101241	Desulfovibrio_desulfuricans_NZ_CP036295.1	NODE_90_length_101450_cov_0.372499	95.65		True
CONTIG	NODE_90_length_101450_cov_0.372499	101450	correct_unaligned
2311314	2312704	66466	67859	Desulfovibrio_desulfuricans_NZ_CP036295.1	NODE_124_length_67970_cov_0.373358	95.34		True
CONTIG	NODE_124_length_67970_cov_0.373358	67970	correct_unaligned
1186545	1191530	4	4982	Desulfovibrio_desulfuricans_NZ_CP036295.1	NODE_127_length_65775_cov_0.378880	98.56		True
CONTIG	NODE_127_length_65775_cov_0.378880	65775	correct_unaligned
1714737	1714877	19241	19101	Desulfovibrio_desulfuricans_NZ_CP036295.1	NODE_130_length_64344_cov_0.365477	95.04		True
CONTIG	NODE_130_length_64344_cov_0.365477	64344	correct_unaligned
1783139	1783514	23913	23538	Desulfovibrio_desulfuricans_NZ_CP036295.1	NODE_138_length_60339_cov_0.372879	96.01		True
unknown
1772838	1773002	33890	33726	Desulfovibrio_desulfuricans_NZ_CP036295.1	NODE_138_length_60339_cov_0.372879	96.36		True
unknown
CONTIG	NODE_138_length_60339_cov_0.372879	60339	mis_unaligned
508992	509110	38907	38789	Desulfovibrio_desulfuricans_NZ_CP036295.1	NODE_155_length_49090_cov_0.374706	95.8		True
CONTIG	NODE_155_length_49090_cov_0.374706	49090	correct_unaligned
1639264	1639332	25490	25558	Desulfovibrio_desulfuricans_NZ_CP036295.1	NODE_158_length_47956_cov_0.381603	97.1		True
unknown
1658740	1658865	44956	45081	Desulfovibrio_desulfuricans_NZ_CP036295.1	NODE_158_length_47956_cov_0.381603	95.24		True
unknown
CONTIG	NODE_158_length_47956_cov_0.381603	47956	mis_unaligned
1190312	1190406	8274	8180	Desulfovibrio_desulfuricans_NZ_CP036295.1	NODE_171_length_45298_cov_0.355380	96.84		True
CONTIG	NODE_171_length_45298_cov_0.355380	45298	correct_unaligned
508880	509190	11796	12106	Desulfovibrio_desulfuricans_NZ_CP036295.1	NODE_289_length_17843_cov_0.378174	95.19		True
CONTIG	NODE_289_length_17843_cov_0.378174	17843	correct_unaligned
