S1	E1	S2	E2	Reference	Contig	IDY	Ambiguous	Best_group
644621	644703	10458	10540	Desulfovibrio_desulfuricans_NZ_CP036295.1	scaffold_28	96.39		True
unknown
679249	679363	45105	45219	Desulfovibrio_desulfuricans_NZ_CP036295.1	scaffold_28	97.39		True
unknown
738792	738867	103847	103922	Desulfovibrio_desulfuricans_NZ_CP036295.1	scaffold_28	98.68		True
unknown
763666	763769	128644	128747	Desulfovibrio_desulfuricans_NZ_CP036295.1	scaffold_28	97.12		True
unknown
862386	863427	227816	228857	Desulfovibrio_desulfuricans_NZ_CP036295.1	scaffold_28	95.11		True
unknown
CONTIG	scaffold_28	261833	mis_unaligned
930109	930185	89526	89602	Desulfovibrio_desulfuricans_NZ_CP036295.1	scaffold_34	97.4		True
unknown
988385	995865	147924	155404	Desulfovibrio_desulfuricans_NZ_CP036295.1	scaffold_34	95.51		True
unknown
1002957	1003028	162495	162566	Desulfovibrio_desulfuricans_NZ_CP036295.1	scaffold_34	95.83		True
unknown
1086267	1086393	272297	272423	Desulfovibrio_desulfuricans_NZ_CP036295.1	scaffold_34	98.43		True
unknown
1094399	1094691	279962	280254	Desulfovibrio_desulfuricans_NZ_CP036295.1	scaffold_34	97.95		True
unknown
1119532	1119623	304584	304675	Desulfovibrio_desulfuricans_NZ_CP036295.1	scaffold_34	100.0		True
unknown
CONTIG	scaffold_34	325683	mis_unaligned
116329	116664	336	1	Desulfovibrio_desulfuricans_NZ_CP036295.1	scaffold_35	95.83		True
unknown
90398	93538	25822	22680	Desulfovibrio_desulfuricans_NZ_CP036295.1	scaffold_35	95.33		True
unknown
55110	55193	60230	60147	Desulfovibrio_desulfuricans_NZ_CP036295.1	scaffold_35	95.24		True
unknown
3211392	3211490	164450	164352	Desulfovibrio_desulfuricans_NZ_CP036295.1	scaffold_35	96.97		True
unknown
3179292	3179399	197163	197056	Desulfovibrio_desulfuricans_NZ_CP036295.1	scaffold_35	96.3		True
unknown
3178850	3179192	197604	197262	Desulfovibrio_desulfuricans_NZ_CP036295.1	scaffold_35	96.5		True
unknown
3171353	3171492	205151	205012	Desulfovibrio_desulfuricans_NZ_CP036295.1	scaffold_35	96.43		True
unknown
3142202	3144087	235664	233779	Desulfovibrio_desulfuricans_NZ_CP036295.1	scaffold_35	95.76		True
unknown
3132408	3132489	246163	246082	Desulfovibrio_desulfuricans_NZ_CP036295.1	scaffold_35	96.34		True
unknown
CONTIG	scaffold_35	246163	mis_unaligned
3048552	3048660	111190	111298	Desulfovibrio_desulfuricans_NZ_CP036295.1	scaffold_43	95.41		True
unknown
3063419	3063549	125479	125609	Desulfovibrio_desulfuricans_NZ_CP036295.1	scaffold_43	99.24		True
unknown
CONTIG	scaffold_43	165354	mis_unaligned
2550374	2550640	106880	106614	Desulfovibrio_desulfuricans_NZ_CP036295.1	scaffold_44	95.51		True
CONTIG	scaffold_44	179580	correct_unaligned
1911261	1911352	118	209	Desulfovibrio_desulfuricans_NZ_CP036295.1	scaffold_45	95.65		True
CONTIG	scaffold_45	101449	correct_unaligned
117625	118854	1	1230	Desulfovibrio_desulfuricans_NZ_CP036295.1	scaffold_48	97.07		True
unknown
228697	229098	91567	91968	Desulfovibrio_desulfuricans_NZ_CP036295.1	scaffold_48	97.76		True
unknown
230776	230870	93661	93755	Desulfovibrio_desulfuricans_NZ_CP036295.1	scaffold_48	97.89		True
unknown
232798	233199	95622	96023	Desulfovibrio_desulfuricans_NZ_CP036295.1	scaffold_48	95.27		True
unknown
233288	233599	96107	96418	Desulfovibrio_desulfuricans_NZ_CP036295.1	scaffold_48	95.19		True
unknown
233602	233682	96419	96499	Desulfovibrio_desulfuricans_NZ_CP036295.1	scaffold_48	97.53		True
unknown
257957	258134	121092	121269	Desulfovibrio_desulfuricans_NZ_CP036295.1	scaffold_48	97.19		True
unknown
258135	260730	121273	123868	Desulfovibrio_desulfuricans_NZ_CP036295.1	scaffold_48	95.07		True
unknown
CONTIG	scaffold_48	139980	mis_unaligned
2839345	2839545	101055	100855	Desulfovibrio_desulfuricans_NZ_CP036295.1	scaffold_58	95.02		True
unknown
2822370	2823029	117871	117212	Desulfovibrio_desulfuricans_NZ_CP036295.1	scaffold_58	95.3		True
unknown
CONTIG	scaffold_58	122163	mis_unaligned
2044918	2046000	41278	42360	Desulfovibrio_desulfuricans_NZ_CP036295.1	scaffold_68	95.75		True
unknown
2180689	2180816	201576	201703	Desulfovibrio_desulfuricans_NZ_CP036295.1	scaffold_68	99.22		True
unknown
2180817	2180961	201705	201849	Desulfovibrio_desulfuricans_NZ_CP036295.1	scaffold_68	99.31		True
unknown
2180977	2183367	201863	204253	Desulfovibrio_desulfuricans_NZ_CP036295.1	scaffold_68	95.02		True
unknown
2210764	2210887	232008	232131	Desulfovibrio_desulfuricans_NZ_CP036295.1	scaffold_68	99.19		True
unknown
2246296	2246395	267217	267316	Desulfovibrio_desulfuricans_NZ_CP036295.1	scaffold_68	98.0		True
unknown
CONTIG	scaffold_68	349674	mis_unaligned
1934812	1935048	151297	151533	Desulfovibrio_desulfuricans_NZ_CP036295.1	scaffold_69	96.2		True
unknown
1938940	1939111	155039	155210	Desulfovibrio_desulfuricans_NZ_CP036295.1	scaffold_69	95.93		True
unknown
1941937	1942018	158036	158117	Desulfovibrio_desulfuricans_NZ_CP036295.1	scaffold_69	97.56		True
unknown
1955859	1955943	171041	171125	Desulfovibrio_desulfuricans_NZ_CP036295.1	scaffold_69	95.29		True
unknown
1970232	1970338	186014	186120	Desulfovibrio_desulfuricans_NZ_CP036295.1	scaffold_69	95.33		True
unknown
CONTIG	scaffold_69	233470	mis_unaligned
1293934	1294065	7952	8083	Desulfovibrio_desulfuricans_NZ_CP036295.1	scaffold_75	98.48		True
unknown
1324568	1324903	37603	37938	Desulfovibrio_desulfuricans_NZ_CP036295.1	scaffold_75	96.73		True
unknown
1828713	1828987	134464	134190	Desulfovibrio_desulfuricans_NZ_CP036295.1	scaffold_75	95.27		True
unknown
CONTIG	scaffold_75	173663	mis_unaligned
2668383	2668682	37909	38208	Desulfovibrio_desulfuricans_NZ_CP036295.1	scaffold_90	97.33		True
unknown
2671198	2671262	40721	40785	Desulfovibrio_desulfuricans_NZ_CP036295.1	scaffold_90	95.38		True
unknown
2671263	2671415	40787	40939	Desulfovibrio_desulfuricans_NZ_CP036295.1	scaffold_90	98.69		True
unknown
2686952	2687051	56352	56451	Desulfovibrio_desulfuricans_NZ_CP036295.1	scaffold_90	97.0		True
unknown
2765819	2766246	138495	138922	Desulfovibrio_desulfuricans_NZ_CP036295.1	scaffold_90	96.96		True
unknown
CONTIG	scaffold_90	189718	mis_unaligned
1136128	1136337	5666	5873	Desulfovibrio_desulfuricans_NZ_CP036295.1	scaffold_94	96.68		True
unknown
1154146	1154531	23532	23917	Desulfovibrio_desulfuricans_NZ_CP036295.1	scaffold_94	95.34		True
unknown
1154533	1154598	23918	23983	Desulfovibrio_desulfuricans_NZ_CP036295.1	scaffold_94	96.97		True
unknown
1166470	1166595	36073	36198	Desulfovibrio_desulfuricans_NZ_CP036295.1	scaffold_94	96.83		True
unknown
CONTIG	scaffold_94	112474	mis_unaligned
466166	466254	29618	29530	Desulfovibrio_desulfuricans_NZ_CP036295.1	scaffold_127	97.75		True
unknown
459328	459756	36497	36069	Desulfovibrio_desulfuricans_NZ_CP036295.1	scaffold_127	95.1		True
unknown
450908	450976	45234	45166	Desulfovibrio_desulfuricans_NZ_CP036295.1	scaffold_127	95.65		True
unknown
412374	412583	83470	83261	Desulfovibrio_desulfuricans_NZ_CP036295.1	scaffold_127	95.71		True
unknown
378481	378896	114981	114566	Desulfovibrio_desulfuricans_NZ_CP036295.1	scaffold_127	98.08		True
unknown
375012	375173	118451	118290	Desulfovibrio_desulfuricans_NZ_CP036295.1	scaffold_127	95.06		True
unknown
CONTIG	scaffold_127	146191	mis_unaligned
CONTIG	scaffold_130	89567	unaligned
1639264	1639332	25498	25566	Desulfovibrio_desulfuricans_NZ_CP036295.1	scaffold_158	97.1		True
unknown
1658740	1658865	44964	45089	Desulfovibrio_desulfuricans_NZ_CP036295.1	scaffold_158	95.24		True
unknown
CONTIG	scaffold_158	111775	mis_unaligned
2311314	2312704	66189	67582	Desulfovibrio_desulfuricans_NZ_CP036295.1	scaffold_162	95.34		True
CONTIG	scaffold_162	67693	correct_unaligned
118784	118926	60008	59866	Desulfovibrio_desulfuricans_NZ_CP036295.1	scaffold_180	97.9		True
CONTIG	scaffold_180	60916	correct_unaligned
508992	509110	10221	10339	Desulfovibrio_desulfuricans_NZ_CP036295.1	scaffold_185	95.8		True
CONTIG	scaffold_185	49009	correct_unaligned
272446	273845	953	2352	Desulfovibrio_desulfuricans_NZ_CP036295.1	scaffold_201	96.14		True
unknown
275433	275556	3942	4065	Desulfovibrio_desulfuricans_NZ_CP036295.1	scaffold_201	95.97		True
unknown
CONTIG	scaffold_201	71712	mis_unaligned
1783210	1783514	23466	23162	Desulfovibrio_desulfuricans_NZ_CP036295.1	scaffold_233	96.72		True
unknown
1772838	1773002	33293	33129	Desulfovibrio_desulfuricans_NZ_CP036295.1	scaffold_233	96.36		True
unknown
CONTIG	scaffold_233	59406	mis_unaligned
508880	509190	6066	5756	Desulfovibrio_desulfuricans_NZ_CP036295.1	scaffold_268	95.19		True
CONTIG	scaffold_268	17650	correct_unaligned
2486483	2486568	7192	7107	Desulfovibrio_desulfuricans_NZ_CP036295.1	scaffold_282	96.51		True
CONTIG	scaffold_282	15796	correct_unaligned
593890	594037	18370	18223	Desulfovibrio_desulfuricans_NZ_CP036295.1	scaffold_291	97.3		True
unknown
591219	591480	21075	20815	Desulfovibrio_desulfuricans_NZ_CP036295.1	scaffold_291	96.56		True
unknown
587729	587873	24701	24557	Desulfovibrio_desulfuricans_NZ_CP036295.1	scaffold_291	97.24		True
unknown
CONTIG	scaffold_291	25687	mis_unaligned
CONTIG	scaffold_305	13613	unaligned
2372862	2378197	171	5498	Desulfovibrio_desulfuricans_NZ_CP036295.1	scaffold_528	98.33		True
CONTIG	scaffold_528	5498	correct
495484	495611	629	502	Desulfovibrio_desulfuricans_NZ_CP036295.1	scaffold_1156	95.31		True
CONTIG	scaffold_1156	3149	correct_unaligned
633927	634087	161	1	Desulfovibrio_desulfuricans_NZ_CP036295.1	scaffold_2006	98.76		True
CONTIG	scaffold_2006	992	correct_unaligned
117037	117717	686	6	Desulfovibrio_desulfuricans_NZ_CP036295.1	scaffold_2565	98.83		True
CONTIG	scaffold_2565	686	correct
